"order_id";"order_date";"total_amount";"user_id";"user_name";"user_city";"membership";"restaurant_id";"restaurant_name";"cuisine"
1;"18-02-2023";842.97;2508;"User_2508";"Hyderabad";"Regular";450;"Restaurant_450";"Mexican"
2;"18-01-2023";546.68;2693;"User_2693";"Pune";"Regular";309;"Restaurant_309";"Indian"
3;"15-07-2023";163.93;2084;"User_2084";"Chennai";"Gold";107;"Restaurant_107";"Mexican"
4;"04-10-2023";1155.97;319;"User_319";"Bangalore";"Gold";224;"Restaurant_224";"Chinese"
5;"25-12-2023";1321.91;1064;"User_1064";"Pune";"Regular";293;"Restaurant_293";"Italian"
6;"12-07-2023";1497.22;2933;"User_2933";"Chennai";"Regular";499;"Restaurant_499";"Mexican"
7;"30-05-2023";129.21;970;"User_970";"Bangalore";"Regular";35;"Restaurant_35";"Chinese"
8;"07-11-2023";269.19;891;"User_891";"Pune";"Regular";57;"Restaurant_57";"Mexican"
9;"05-12-2023";953.3;364;"User_364";"Chennai";"Gold";7;"Restaurant_7";"Italian"
10;"30-12-2023";351.41;2972;"User_2972";"Bangalore";"Regular";183;"Restaurant_183";"Chinese"
11;"10-12-2023";523.82;924;"User_924";"Chennai";"Regular";235;"Restaurant_235";"Italian"
12;"27-10-2023";1484.65;884;"User_884";"Pune";"Gold";423;"Restaurant_423";"Indian"
13;"11-08-2023";216.59;1958;"User_1958";"Chennai";"Regular";244;"Restaurant_244";"Italian"
14;"24-09-2023";898.24;364;"User_364";"Chennai";"Gold";112;"Restaurant_112";"Chinese"
15;"17-07-2023";1098.41;1733;"User_1733";"Pune";"Regular";383;"Restaurant_383";"Indian"
16;"17-07-2023";475.74;1321;"User_1321";"Pune";"Gold";149;"Restaurant_149";"Mexican"
17;"09-04-2023";1002.51;1896;"User_1896";"Pune";"Regular";421;"Restaurant_421";"Indian"
18;"23-04-2023";736.89;1617;"User_1617";"Pune";"Gold";414;"Restaurant_414";"Chinese"
19;"27-12-2023";392.59;330;"User_330";"Chennai";"Regular";73;"Restaurant_73";"Mexican"
20;"03-02-2023";362.01;2567;"User_2567";"Bangalore";"Gold";52;"Restaurant_52";"Mexican"
21;"13-08-2023";743.68;1610;"User_1610";"Pune";"Regular";186;"Restaurant_186";"Indian"
22;"12-07-2023";507.82;688;"User_688";"Hyderabad";"Gold";279;"Restaurant_279";"Italian"
23;"14-06-2023";1025.36;2640;"User_2640";"Bangalore";"Gold";83;"Restaurant_83";"Chinese"
24;"22-01-2023";412.5;2403;"User_2403";"Pune";"Gold";434;"Restaurant_434";"Italian"
25;"07-06-2023";147.9;288;"User_288";"Pune";"Regular";18;"Restaurant_18";"Italian"
26;"24-12-2023";933.31;2915;"User_2915";"Chennai";"Gold";129;"Restaurant_129";"Indian"
27;"08-08-2023";678.38;1056;"User_1056";"Bangalore";"Regular";399;"Restaurant_399";"Chinese"
28;"23-03-2023";900.74;2370;"User_2370";"Bangalore";"Regular";63;"Restaurant_63";"Italian"
29;"20-09-2023";903.0;2905;"User_2905";"Pune";"Gold";115;"Restaurant_115";"Chinese"
30;"23-04-2023";996.26;2009;"User_2009";"Chennai";"Gold";18;"Restaurant_18";"Italian"
31;"03-04-2023";199.16;1986;"User_1986";"Bangalore";"Regular";190;"Restaurant_190";"Chinese"
32;"26-01-2023";741.1;1407;"User_1407";"Pune";"Gold";93;"Restaurant_93";"Chinese"
33;"04-07-2023";957.07;1761;"User_1761";"Bangalore";"Gold";346;"Restaurant_346";"Indian"
34;"15-06-2023";455.96;844;"User_844";"Chennai";"Gold";350;"Restaurant_350";"Mexican"
35;"15-05-2023";121.81;2858;"User_2858";"Hyderabad";"Regular";291;"Restaurant_291";"Mexican"
36;"12-09-2023";140.83;186;"User_186";"Chennai";"Regular";113;"Restaurant_113";"Chinese"
37;"01-02-2023";1198.64;952;"User_952";"Chennai";"Gold";34;"Restaurant_34";"Chinese"
38;"11-01-2023";751.82;2972;"User_2972";"Bangalore";"Regular";376;"Restaurant_376";"Indian"
39;"23-02-2023";596.06;118;"User_118";"Pune";"Regular";170;"Restaurant_170";"Mexican"
40;"25-07-2023";622.5;2773;"User_2773";"Pune";"Gold";63;"Restaurant_63";"Italian"
41;"09-01-2023";753.16;1071;"User_1071";"Hyderabad";"Gold";145;"Restaurant_145";"Italian"
42;"21-01-2023";955.51;2274;"User_2274";"Chennai";"Regular";121;"Restaurant_121";"Indian"
43;"26-03-2023";850.52;380;"User_380";"Bangalore";"Regular";256;"Restaurant_256";"Italian"
44;"04-12-2023";512.14;633;"User_633";"Pune";"Gold";161;"Restaurant_161";"Mexican"
45;"13-09-2023";914.87;1146;"User_1146";"Pune";"Gold";426;"Restaurant_426";"Chinese"
46;"25-12-2023";602.82;2294;"User_2294";"Pune";"Regular";72;"Restaurant_72";"Mexican"
47;"30-09-2023";929.24;505;"User_505";"Hyderabad";"Gold";69;"Restaurant_69";"Chinese"
48;"30-11-2023";957.14;372;"User_372";"Chennai";"Regular";397;"Restaurant_397";"Indian"
49;"10-02-2023";183.82;2911;"User_2911";"Pune";"Regular";234;"Restaurant_234";"Chinese"
50;"26-09-2023";298.54;1673;"User_1673";"Chennai";"Regular";118;"Restaurant_118";"Mexican"
51;"10-05-2023";893.66;1853;"User_1853";"Hyderabad";"Gold";381;"Restaurant_381";"Italian"
52;"18-08-2023";1423.59;799;"User_799";"Chennai";"Regular";462;"Restaurant_462";"Italian"
53;"14-12-2023";261.16;638;"User_638";"Hyderabad";"Regular";262;"Restaurant_262";"Chinese"
54;"06-09-2023";334.11;1042;"User_1042";"Pune";"Gold";266;"Restaurant_266";"Italian"
55;"08-06-2023";838.38;2610;"User_2610";"Pune";"Regular";172;"Restaurant_172";"Italian"
56;"20-10-2023";1499.8;2560;"User_2560";"Pune";"Gold";215;"Restaurant_215";"Mexican"
57;"16-06-2023";852.11;392;"User_392";"Chennai";"Regular";273;"Restaurant_273";"Indian"
58;"22-02-2023";1281.55;606;"User_606";"Hyderabad";"Gold";361;"Restaurant_361";"Indian"
59;"07-11-2023";169.22;1785;"User_1785";"Bangalore";"Gold";247;"Restaurant_247";"Mexican"
60;"10-04-2023";544.55;1077;"User_1077";"Chennai";"Regular";373;"Restaurant_373";"Indian"
61;"30-08-2023";1134.71;1753;"User_1753";"Hyderabad";"Gold";130;"Restaurant_130";"Indian"
62;"24-11-2023";722.78;723;"User_723";"Bangalore";"Gold";165;"Restaurant_165";"Mexican"
63;"27-07-2023";1107.3;205;"User_205";"Pune";"Gold";339;"Restaurant_339";"Indian"
64;"09-03-2023";625.41;1565;"User_1565";"Pune";"Regular";189;"Restaurant_189";"Indian"
65;"07-04-2023";881.86;2905;"User_2905";"Pune";"Gold";220;"Restaurant_220";"Mexican"
66;"12-08-2023";1356.31;340;"User_340";"Chennai";"Regular";70;"Restaurant_70";"Chinese"
67;"07-08-2023";781.02;2716;"User_2716";"Pune";"Regular";233;"Restaurant_233";"Italian"
68;"19-04-2023";165.97;850;"User_850";"Chennai";"Regular";292;"Restaurant_292";"Mexican"
69;"10-07-2023";1377.54;929;"User_929";"Chennai";"Gold";162;"Restaurant_162";"Italian"
70;"23-09-2023";890.18;179;"User_179";"Bangalore";"Regular";463;"Restaurant_463";"Chinese"
71;"18-05-2023";1401.97;773;"User_773";"Pune";"Gold";256;"Restaurant_256";"Italian"
72;"28-11-2023";575.36;204;"User_204";"Bangalore";"Regular";413;"Restaurant_413";"Italian"
73;"19-04-2023";765.76;1725;"User_1725";"Bangalore";"Gold";80;"Restaurant_80";"Italian"
74;"01-12-2023";1223.01;1284;"User_1284";"Chennai";"Regular";229;"Restaurant_229";"Italian"
75;"22-08-2023";700.31;849;"User_849";"Pune";"Regular";444;"Restaurant_444";"Chinese"
76;"28-08-2023";1117.61;1565;"User_1565";"Pune";"Regular";233;"Restaurant_233";"Italian"
77;"22-10-2023";851.28;1632;"User_1632";"Bangalore";"Regular";80;"Restaurant_80";"Italian"
78;"24-12-2023";271.81;2286;"User_2286";"Chennai";"Regular";432;"Restaurant_432";"Mexican"
79;"09-03-2023";1052.51;1396;"User_1396";"Pune";"Gold";242;"Restaurant_242";"Mexican"
80;"23-02-2023";1323.7;1965;"User_1965";"Hyderabad";"Gold";291;"Restaurant_291";"Mexican"
81;"18-08-2023";537.78;2320;"User_2320";"Hyderabad";"Gold";368;"Restaurant_368";"Indian"
82;"11-01-2023";1326.03;38;"User_38";"Chennai";"Gold";257;"Restaurant_257";"Italian"
83;"03-09-2023";961.02;1149;"User_1149";"Chennai";"Gold";347;"Restaurant_347";"Chinese"
84;"29-12-2023";488.53;2879;"User_2879";"Pune";"Gold";196;"Restaurant_196";"Italian"
85;"12-11-2023";1102.52;2917;"User_2917";"Bangalore";"Gold";201;"Restaurant_201";"Mexican"
86;"28-10-2023";1018.04;2563;"User_2563";"Hyderabad";"Regular";423;"Restaurant_423";"Indian"
87;"14-04-2023";1103.42;1750;"User_1750";"Pune";"Gold";385;"Restaurant_385";"Chinese"
88;"01-06-2023";196.11;58;"User_58";"Bangalore";"Regular";320;"Restaurant_320";"Italian"
89;"20-06-2023";619.05;1619;"User_1619";"Bangalore";"Regular";158;"Restaurant_158";"Indian"
90;"16-01-2023";264.05;2760;"User_2760";"Hyderabad";"Regular";320;"Restaurant_320";"Italian"
91;"07-07-2023";391.36;2309;"User_2309";"Chennai";"Gold";476;"Restaurant_476";"Mexican"
92;"07-01-2023";870.09;81;"User_81";"Chennai";"Regular";200;"Restaurant_200";"Chinese"
93;"22-01-2023";441.18;2874;"User_2874";"Hyderabad";"Regular";1;"Restaurant_1";"Chinese"
94;"10-12-2023";285.28;587;"User_587";"Chennai";"Regular";176;"Restaurant_176";"Italian"
95;"20-02-2023";795.58;570;"User_570";"Bangalore";"Gold";280;"Restaurant_280";"Chinese"
96;"17-09-2023";711.84;1048;"User_1048";"Pune";"Regular";157;"Restaurant_157";"Italian"
97;"18-09-2023";190.14;614;"User_614";"Hyderabad";"Regular";335;"Restaurant_335";"Italian"
98;"05-12-2023";1225.83;1135;"User_1135";"Bangalore";"Regular";161;"Restaurant_161";"Mexican"
99;"25-11-2023";146.68;549;"User_549";"Pune";"Gold";11;"Restaurant_11";"Chinese"
100;"15-12-2023";632.94;2811;"User_2811";"Bangalore";"Gold";484;"Restaurant_484";"Mexican"
101;"24-09-2023";852.59;1337;"User_1337";"Bangalore";"Regular";96;"Restaurant_96";"Mexican"
102;"07-03-2023";913.83;991;"User_991";"Pune";"Regular";482;"Restaurant_482";"Chinese"
103;"11-04-2023";1017.18;1922;"User_1922";"Chennai";"Gold";492;"Restaurant_492";"Italian"
104;"03-10-2023";1191.17;1115;"User_1115";"Chennai";"Regular";379;"Restaurant_379";"Mexican"
105;"01-06-2023";109.14;804;"User_804";"Bangalore";"Gold";407;"Restaurant_407";"Mexican"
106;"18-11-2023";1352.79;2873;"User_2873";"Pune";"Gold";68;"Restaurant_68";"Italian"
107;"05-03-2023";1037.09;1118;"User_1118";"Pune";"Gold";388;"Restaurant_388";"Indian"
108;"16-04-2023";1375.29;1493;"User_1493";"Chennai";"Regular";5;"Restaurant_5";"Chinese"
109;"27-05-2023";1461.82;532;"User_532";"Hyderabad";"Gold";432;"Restaurant_432";"Mexican"
110;"04-06-2023";932.09;1350;"User_1350";"Bangalore";"Gold";220;"Restaurant_220";"Mexican"
111;"30-03-2023";1346.23;1416;"User_1416";"Pune";"Regular";66;"Restaurant_66";"Italian"
112;"15-11-2023";149.76;2446;"User_2446";"Bangalore";"Gold";447;"Restaurant_447";"Chinese"
113;"13-04-2023";475.81;2265;"User_2265";"Pune";"Gold";28;"Restaurant_28";"Chinese"
114;"29-07-2023";842.42;142;"User_142";"Pune";"Regular";390;"Restaurant_390";"Mexican"
115;"17-02-2023";367.72;827;"User_827";"Chennai";"Gold";184;"Restaurant_184";"Mexican"
116;"12-03-2023";296.82;2476;"User_2476";"Pune";"Regular";319;"Restaurant_319";"Indian"
117;"07-05-2023";1485.31;1449;"User_1449";"Pune";"Gold";328;"Restaurant_328";"Mexican"
118;"22-07-2023";880.41;1209;"User_1209";"Bangalore";"Gold";209;"Restaurant_209";"Indian"
119;"18-09-2023";1008.64;1741;"User_1741";"Pune";"Gold";257;"Restaurant_257";"Italian"
120;"06-08-2023";1146.39;1385;"User_1385";"Bangalore";"Regular";379;"Restaurant_379";"Mexican"
121;"31-07-2023";930.64;383;"User_383";"Hyderabad";"Regular";438;"Restaurant_438";"Italian"
122;"01-08-2023";769.46;2661;"User_2661";"Chennai";"Gold";376;"Restaurant_376";"Indian"
123;"17-12-2023";1492.73;2440;"User_2440";"Pune";"Regular";73;"Restaurant_73";"Mexican"
124;"07-06-2023";996.95;257;"User_257";"Chennai";"Regular";102;"Restaurant_102";"Italian"
125;"09-10-2023";1345.86;1649;"User_1649";"Chennai";"Gold";14;"Restaurant_14";"Indian"
126;"29-09-2023";320.68;970;"User_970";"Bangalore";"Regular";122;"Restaurant_122";"Indian"
127;"04-01-2023";1251.4;2913;"User_2913";"Pune";"Gold";309;"Restaurant_309";"Indian"
128;"10-06-2023";379.57;42;"User_42";"Bangalore";"Regular";152;"Restaurant_152";"Indian"
129;"28-11-2023";158.62;1227;"User_1227";"Hyderabad";"Gold";46;"Restaurant_46";"Chinese"
130;"05-09-2023";710.77;1128;"User_1128";"Pune";"Gold";418;"Restaurant_418";"Chinese"
131;"10-08-2023";1406.07;2850;"User_2850";"Hyderabad";"Gold";389;"Restaurant_389";"Italian"
132;"03-03-2023";198.22;778;"User_778";"Hyderabad";"Gold";302;"Restaurant_302";"Mexican"
133;"29-03-2023";872.28;2384;"User_2384";"Pune";"Regular";165;"Restaurant_165";"Mexican"
134;"24-03-2023";775.17;45;"User_45";"Hyderabad";"Gold";220;"Restaurant_220";"Mexican"
135;"09-11-2023";365.07;912;"User_912";"Bangalore";"Regular";483;"Restaurant_483";"Chinese"
136;"16-02-2023";968.84;2643;"User_2643";"Chennai";"Regular";175;"Restaurant_175";"Chinese"
137;"27-05-2023";1401.56;1603;"User_1603";"Chennai";"Gold";20;"Restaurant_20";"Indian"
138;"09-05-2023";1140.38;880;"User_880";"Pune";"Regular";384;"Restaurant_384";"Mexican"
139;"20-04-2023";1446.43;1639;"User_1639";"Hyderabad";"Regular";19;"Restaurant_19";"Indian"
140;"13-03-2023";1381.41;765;"User_765";"Hyderabad";"Gold";381;"Restaurant_381";"Italian"
141;"12-11-2023";1129.47;1831;"User_1831";"Hyderabad";"Gold";384;"Restaurant_384";"Mexican"
142;"07-02-2023";1331.64;1860;"User_1860";"Chennai";"Gold";112;"Restaurant_112";"Chinese"
143;"22-11-2023";158.75;1729;"User_1729";"Chennai";"Gold";259;"Restaurant_259";"Mexican"
144;"16-04-2023";247.03;2519;"User_2519";"Chennai";"Gold";452;"Restaurant_452";"Chinese"
145;"17-09-2023";365.51;1243;"User_1243";"Hyderabad";"Gold";11;"Restaurant_11";"Chinese"
146;"20-04-2023";1250.74;93;"User_93";"Bangalore";"Regular";2;"Restaurant_2";"Indian"
147;"27-05-2023";172.91;1821;"User_1821";"Hyderabad";"Regular";268;"Restaurant_268";"Indian"
148;"06-02-2023";607.82;1975;"User_1975";"Bangalore";"Regular";73;"Restaurant_73";"Mexican"
149;"24-06-2023";932.79;2337;"User_2337";"Bangalore";"Gold";345;"Restaurant_345";"Chinese"
150;"01-03-2023";1402.24;2136;"User_2136";"Hyderabad";"Regular";486;"Restaurant_486";"Italian"
151;"07-12-2023";1148.35;863;"User_863";"Bangalore";"Gold";474;"Restaurant_474";"Mexican"
152;"29-09-2023";112.31;2115;"User_2115";"Pune";"Gold";176;"Restaurant_176";"Italian"
153;"16-02-2023";641.49;2832;"User_2832";"Hyderabad";"Gold";34;"Restaurant_34";"Chinese"
154;"28-05-2023";221.42;623;"User_623";"Pune";"Gold";244;"Restaurant_244";"Italian"
155;"12-03-2023";484.27;2523;"User_2523";"Pune";"Gold";90;"Restaurant_90";"Italian"
156;"02-08-2023";1373.33;282;"User_282";"Chennai";"Gold";179;"Restaurant_179";"Italian"
157;"26-05-2023";439.11;436;"User_436";"Bangalore";"Gold";120;"Restaurant_120";"Italian"
158;"16-01-2023";439.9;2732;"User_2732";"Hyderabad";"Regular";182;"Restaurant_182";"Mexican"
159;"04-01-2023";1070.88;2152;"User_2152";"Chennai";"Gold";357;"Restaurant_357";"Italian"
160;"30-03-2023";139.67;1291;"User_1291";"Chennai";"Gold";381;"Restaurant_381";"Italian"
161;"29-09-2023";175.84;354;"User_354";"Chennai";"Regular";319;"Restaurant_319";"Indian"
162;"06-11-2023";763.73;939;"User_939";"Chennai";"Regular";208;"Restaurant_208";"Mexican"
163;"26-12-2023";190.64;2852;"User_2852";"Pune";"Regular";86;"Restaurant_86";"Indian"
164;"08-08-2023";411.65;2241;"User_2241";"Chennai";"Regular";104;"Restaurant_104";"Chinese"
165;"12-05-2023";761.84;1982;"User_1982";"Chennai";"Gold";325;"Restaurant_325";"Italian"
166;"06-10-2023";456.5;1583;"User_1583";"Hyderabad";"Gold";169;"Restaurant_169";"Italian"
167;"11-10-2023";427.18;1644;"User_1644";"Bangalore";"Regular";483;"Restaurant_483";"Chinese"
168;"15-06-2023";1357.22;1437;"User_1437";"Hyderabad";"Gold";135;"Restaurant_135";"Indian"
169;"07-04-2023";1013.3;2475;"User_2475";"Pune";"Gold";320;"Restaurant_320";"Italian"
170;"09-03-2023";1352.94;2134;"User_2134";"Hyderabad";"Regular";290;"Restaurant_290";"Chinese"
171;"15-07-2023";1102.1;968;"User_968";"Bangalore";"Regular";319;"Restaurant_319";"Indian"
172;"22-01-2023";1307.06;1953;"User_1953";"Chennai";"Gold";332;"Restaurant_332";"Chinese"
173;"18-06-2023";164.31;1352;"User_1352";"Pune";"Gold";109;"Restaurant_109";"Chinese"
174;"11-12-2023";1161.71;740;"User_740";"Hyderabad";"Gold";371;"Restaurant_371";"Chinese"
175;"27-10-2023";1482.75;238;"User_238";"Hyderabad";"Regular";379;"Restaurant_379";"Mexican"
176;"17-12-2023";552.39;2544;"User_2544";"Hyderabad";"Gold";171;"Restaurant_171";"Mexican"
177;"15-05-2023";1088.98;2271;"User_2271";"Pune";"Gold";117;"Restaurant_117";"Indian"
178;"14-05-2023";1402.18;424;"User_424";"Bangalore";"Gold";375;"Restaurant_375";"Chinese"
179;"07-09-2023";703.69;1437;"User_1437";"Hyderabad";"Gold";91;"Restaurant_91";"Italian"
180;"19-05-2023";1289.82;816;"User_816";"Chennai";"Regular";399;"Restaurant_399";"Chinese"
181;"20-04-2023";1437.19;1090;"User_1090";"Pune";"Regular";136;"Restaurant_136";"Indian"
182;"09-02-2023";1470.97;131;"User_131";"Chennai";"Gold";123;"Restaurant_123";"Chinese"
183;"26-06-2023";561.65;724;"User_724";"Hyderabad";"Regular";489;"Restaurant_489";"Italian"
184;"09-03-2023";518.58;1945;"User_1945";"Pune";"Regular";391;"Restaurant_391";"Indian"
185;"13-08-2023";105.4;1722;"User_1722";"Hyderabad";"Gold";54;"Restaurant_54";"Italian"
186;"31-05-2023";1028.25;2704;"User_2704";"Pune";"Gold";285;"Restaurant_285";"Mexican"
187;"22-06-2023";803.92;2805;"User_2805";"Bangalore";"Regular";116;"Restaurant_116";"Chinese"
188;"30-06-2023";558.85;2666;"User_2666";"Chennai";"Gold";277;"Restaurant_277";"Mexican"
189;"02-09-2023";805.04;574;"User_574";"Chennai";"Regular";442;"Restaurant_442";"Italian"
190;"13-03-2023";501.58;1542;"User_1542";"Bangalore";"Regular";237;"Restaurant_237";"Italian"
191;"05-05-2023";1340.73;2482;"User_2482";"Chennai";"Regular";116;"Restaurant_116";"Chinese"
192;"24-04-2023";862.55;345;"User_345";"Chennai";"Gold";76;"Restaurant_76";"Italian"
193;"20-01-2023";261.66;2405;"User_2405";"Bangalore";"Regular";126;"Restaurant_126";"Italian"
194;"17-07-2023";401.42;914;"User_914";"Bangalore";"Regular";183;"Restaurant_183";"Chinese"
195;"12-02-2023";1179.75;1258;"User_1258";"Pune";"Regular";58;"Restaurant_58";"Indian"
196;"25-07-2023";967.6;789;"User_789";"Pune";"Regular";254;"Restaurant_254";"Indian"
197;"03-03-2023";619.68;996;"User_996";"Chennai";"Gold";58;"Restaurant_58";"Indian"
198;"05-04-2023";1389.57;767;"User_767";"Hyderabad";"Gold";243;"Restaurant_243";"Chinese"
199;"06-10-2023";844.75;2543;"User_2543";"Pune";"Regular";94;"Restaurant_94";"Chinese"
200;"08-02-2023";258.38;2619;"User_2619";"Bangalore";"Regular";263;"Restaurant_263";"Indian"
201;"20-05-2023";375.74;1782;"User_1782";"Hyderabad";"Gold";49;"Restaurant_49";"Italian"
202;"25-02-2023";1169.6;1347;"User_1347";"Chennai";"Gold";43;"Restaurant_43";"Chinese"
203;"30-01-2023";986.26;482;"User_482";"Hyderabad";"Regular";376;"Restaurant_376";"Indian"
204;"23-10-2023";1164.27;2094;"User_2094";"Hyderabad";"Gold";364;"Restaurant_364";"Mexican"
205;"25-12-2023";121.12;1380;"User_1380";"Hyderabad";"Regular";54;"Restaurant_54";"Italian"
206;"17-12-2023";200.98;253;"User_253";"Chennai";"Regular";308;"Restaurant_308";"Italian"
207;"23-02-2023";1441.98;2453;"User_2453";"Pune";"Regular";218;"Restaurant_218";"Indian"
208;"02-03-2023";1250.84;1642;"User_1642";"Bangalore";"Gold";352;"Restaurant_352";"Italian"
209;"01-02-2023";353.88;761;"User_761";"Pune";"Regular";232;"Restaurant_232";"Mexican"
210;"02-05-2023";169.2;1816;"User_1816";"Pune";"Regular";458;"Restaurant_458";"Italian"
211;"26-12-2023";484.58;1209;"User_1209";"Bangalore";"Gold";437;"Restaurant_437";"Indian"
212;"10-11-2023";390.16;2339;"User_2339";"Pune";"Regular";20;"Restaurant_20";"Indian"
213;"24-05-2023";701.52;2626;"User_2626";"Bangalore";"Gold";374;"Restaurant_374";"Mexican"
214;"29-12-2023";1229.36;66;"User_66";"Chennai";"Gold";365;"Restaurant_365";"Italian"
215;"24-07-2023";334.56;1087;"User_1087";"Pune";"Regular";446;"Restaurant_446";"Indian"
216;"08-04-2023";455.32;105;"User_105";"Hyderabad";"Gold";106;"Restaurant_106";"Indian"
217;"20-02-2023";538.3;1846;"User_1846";"Chennai";"Regular";376;"Restaurant_376";"Indian"
218;"14-03-2023";825.18;327;"User_327";"Hyderabad";"Regular";138;"Restaurant_138";"Indian"
219;"03-02-2023";883.67;430;"User_430";"Hyderabad";"Gold";125;"Restaurant_125";"Chinese"
220;"17-12-2023";394.85;1154;"User_1154";"Bangalore";"Regular";132;"Restaurant_132";"Indian"
221;"17-04-2023";616.19;2922;"User_2922";"Chennai";"Gold";338;"Restaurant_338";"Mexican"
222;"18-05-2023";572.97;1884;"User_1884";"Chennai";"Regular";459;"Restaurant_459";"Italian"
223;"10-04-2023";1477.26;1118;"User_1118";"Pune";"Gold";407;"Restaurant_407";"Mexican"
224;"14-04-2023";1130.13;370;"User_370";"Bangalore";"Gold";277;"Restaurant_277";"Mexican"
225;"28-07-2023";491.77;2992;"User_2992";"Bangalore";"Regular";47;"Restaurant_47";"Indian"
226;"25-03-2023";307.03;2341;"User_2341";"Bangalore";"Regular";100;"Restaurant_100";"Indian"
227;"01-03-2023";361.97;77;"User_77";"Pune";"Regular";466;"Restaurant_466";"Italian"
228;"06-02-2023";618.25;2302;"User_2302";"Chennai";"Regular";196;"Restaurant_196";"Italian"
229;"13-12-2023";672.94;760;"User_760";"Chennai";"Regular";351;"Restaurant_351";"Mexican"
230;"24-01-2023";1406.25;2064;"User_2064";"Hyderabad";"Regular";186;"Restaurant_186";"Indian"
231;"09-01-2023";272.23;399;"User_399";"Bangalore";"Regular";280;"Restaurant_280";"Chinese"
232;"11-03-2023";744.13;196;"User_196";"Hyderabad";"Gold";419;"Restaurant_419";"Chinese"
233;"23-08-2023";661.75;2278;"User_2278";"Bangalore";"Gold";492;"Restaurant_492";"Italian"
234;"08-02-2023";724.11;2342;"User_2342";"Pune";"Regular";62;"Restaurant_62";"Indian"
235;"23-06-2023";144.79;629;"User_629";"Bangalore";"Gold";2;"Restaurant_2";"Indian"
236;"15-05-2023";735.33;1298;"User_1298";"Chennai";"Gold";349;"Restaurant_349";"Indian"
237;"02-09-2023";379.94;991;"User_991";"Pune";"Regular";329;"Restaurant_329";"Chinese"
238;"30-09-2023";745.99;1695;"User_1695";"Bangalore";"Gold";140;"Restaurant_140";"Italian"
239;"28-12-2023";572.94;2165;"User_2165";"Chennai";"Gold";272;"Restaurant_272";"Indian"
240;"20-12-2023";1296.96;1879;"User_1879";"Hyderabad";"Gold";97;"Restaurant_97";"Mexican"
241;"19-09-2023";1339.09;2067;"User_2067";"Chennai";"Gold";438;"Restaurant_438";"Italian"
242;"16-03-2023";809.35;2160;"User_2160";"Chennai";"Regular";198;"Restaurant_198";"Mexican"
243;"19-09-2023";1139.5;690;"User_690";"Hyderabad";"Gold";17;"Restaurant_17";"Indian"
244;"10-07-2023";506.36;323;"User_323";"Bangalore";"Regular";55;"Restaurant_55";"Indian"
245;"07-04-2023";793.48;1067;"User_1067";"Bangalore";"Regular";470;"Restaurant_470";"Italian"
246;"09-08-2023";212.5;2438;"User_2438";"Pune";"Gold";339;"Restaurant_339";"Indian"
247;"25-06-2023";662.32;170;"User_170";"Hyderabad";"Gold";315;"Restaurant_315";"Mexican"
248;"02-10-2023";931.29;958;"User_958";"Chennai";"Gold";6;"Restaurant_6";"Chinese"
249;"30-09-2023";238.03;478;"User_478";"Pune";"Regular";438;"Restaurant_438";"Italian"
250;"05-06-2023";1067.0;2143;"User_2143";"Hyderabad";"Regular";406;"Restaurant_406";"Chinese"
251;"10-02-2023";248.07;2575;"User_2575";"Hyderabad";"Regular";250;"Restaurant_250";"Mexican"
252;"25-03-2023";1032.04;677;"User_677";"Chennai";"Gold";396;"Restaurant_396";"Mexican"
253;"15-10-2023";1117.08;344;"User_344";"Chennai";"Gold";316;"Restaurant_316";"Chinese"
254;"15-04-2023";793.84;2588;"User_2588";"Hyderabad";"Regular";270;"Restaurant_270";"Mexican"
255;"10-12-2023";655.05;2125;"User_2125";"Pune";"Gold";279;"Restaurant_279";"Italian"
256;"14-05-2023";212.44;1220;"User_1220";"Hyderabad";"Regular";205;"Restaurant_205";"Italian"
257;"17-06-2023";965.63;943;"User_943";"Chennai";"Regular";396;"Restaurant_396";"Mexican"
258;"27-06-2023";1159.83;968;"User_968";"Bangalore";"Regular";481;"Restaurant_481";"Indian"
259;"06-12-2023";1152.68;775;"User_775";"Chennai";"Regular";315;"Restaurant_315";"Mexican"
260;"10-08-2023";314.23;2482;"User_2482";"Chennai";"Regular";70;"Restaurant_70";"Chinese"
261;"25-02-2023";369.43;1680;"User_1680";"Pune";"Regular";187;"Restaurant_187";"Chinese"
262;"17-04-2023";256.62;1130;"User_1130";"Chennai";"Gold";188;"Restaurant_188";"Chinese"
263;"15-06-2023";335.79;1026;"User_1026";"Chennai";"Gold";247;"Restaurant_247";"Mexican"
264;"28-07-2023";141.92;597;"User_597";"Hyderabad";"Regular";106;"Restaurant_106";"Indian"
265;"28-08-2023";1424.31;803;"User_803";"Hyderabad";"Regular";152;"Restaurant_152";"Indian"
266;"26-05-2023";523.34;2519;"User_2519";"Chennai";"Gold";60;"Restaurant_60";"Mexican"
267;"15-05-2023";980.0;956;"User_956";"Chennai";"Gold";357;"Restaurant_357";"Italian"
268;"28-01-2023";403.36;1484;"User_1484";"Chennai";"Gold";496;"Restaurant_496";"Indian"
269;"20-07-2023";1300.3;1691;"User_1691";"Pune";"Gold";339;"Restaurant_339";"Indian"
270;"09-10-2023";1198.77;427;"User_427";"Pune";"Gold";332;"Restaurant_332";"Chinese"
271;"29-01-2023";798.3;565;"User_565";"Bangalore";"Regular";284;"Restaurant_284";"Indian"
272;"27-06-2023";1120.81;1489;"User_1489";"Bangalore";"Regular";331;"Restaurant_331";"Mexican"
273;"14-04-2023";527.2;2316;"User_2316";"Hyderabad";"Regular";135;"Restaurant_135";"Indian"
274;"11-06-2023";803.59;679;"User_679";"Chennai";"Regular";170;"Restaurant_170";"Mexican"
275;"18-03-2023";301.25;1754;"User_1754";"Chennai";"Gold";256;"Restaurant_256";"Italian"
276;"28-11-2023";269.2;2191;"User_2191";"Pune";"Gold";125;"Restaurant_125";"Chinese"
277;"25-09-2023";205.98;2403;"User_2403";"Pune";"Gold";282;"Restaurant_282";"Indian"
278;"21-12-2023";1388.57;2124;"User_2124";"Hyderabad";"Gold";343;"Restaurant_343";"Mexican"
279;"01-12-2023";916.46;1505;"User_1505";"Pune";"Gold";493;"Restaurant_493";"Mexican"
280;"05-05-2023";1032.33;443;"User_443";"Hyderabad";"Regular";263;"Restaurant_263";"Indian"
281;"13-05-2023";850.33;349;"User_349";"Bangalore";"Regular";271;"Restaurant_271";"Chinese"
282;"05-12-2023";742.69;2071;"User_2071";"Hyderabad";"Regular";224;"Restaurant_224";"Chinese"
283;"26-10-2023";1434.2;55;"User_55";"Bangalore";"Regular";175;"Restaurant_175";"Chinese"
284;"18-03-2023";951.22;1174;"User_1174";"Pune";"Regular";366;"Restaurant_366";"Indian"
285;"24-03-2023";571.04;764;"User_764";"Hyderabad";"Regular";365;"Restaurant_365";"Italian"
286;"08-08-2023";711.18;1446;"User_1446";"Pune";"Regular";81;"Restaurant_81";"Chinese"
287;"26-09-2023";1010.1;4;"User_4";"Bangalore";"Regular";449;"Restaurant_449";"Indian"
288;"22-07-2023";560.28;2098;"User_2098";"Bangalore";"Regular";442;"Restaurant_442";"Italian"
289;"04-01-2023";219.4;186;"User_186";"Chennai";"Regular";163;"Restaurant_163";"Italian"
290;"15-08-2023";258.46;1213;"User_1213";"Pune";"Regular";163;"Restaurant_163";"Italian"
291;"10-01-2023";534.05;936;"User_936";"Pune";"Gold";147;"Restaurant_147";"Italian"
292;"08-08-2023";248.1;2160;"User_2160";"Chennai";"Regular";200;"Restaurant_200";"Chinese"
293;"02-10-2023";1190.26;1646;"User_1646";"Bangalore";"Gold";119;"Restaurant_119";"Chinese"
294;"23-07-2023";549.97;537;"User_537";"Bangalore";"Regular";483;"Restaurant_483";"Chinese"
295;"09-03-2023";391.4;595;"User_595";"Chennai";"Regular";206;"Restaurant_206";"Mexican"
296;"15-01-2023";1035.36;2928;"User_2928";"Pune";"Gold";147;"Restaurant_147";"Italian"
297;"11-11-2023";300.6;2594;"User_2594";"Pune";"Regular";301;"Restaurant_301";"Italian"
298;"31-05-2023";824.92;1305;"User_1305";"Chennai";"Regular";85;"Restaurant_85";"Mexican"
299;"06-03-2023";504.65;1628;"User_1628";"Hyderabad";"Gold";197;"Restaurant_197";"Mexican"
300;"25-02-2023";1307.89;2694;"User_2694";"Bangalore";"Regular";204;"Restaurant_204";"Mexican"
301;"01-05-2023";1020.89;1164;"User_1164";"Bangalore";"Regular";202;"Restaurant_202";"Indian"
302;"21-02-2023";690.95;2118;"User_2118";"Chennai";"Regular";234;"Restaurant_234";"Chinese"
303;"16-03-2023";121.39;1395;"User_1395";"Hyderabad";"Gold";111;"Restaurant_111";"Mexican"
304;"05-02-2023";993.25;2401;"User_2401";"Bangalore";"Gold";432;"Restaurant_432";"Mexican"
305;"12-09-2023";1462.67;1262;"User_1262";"Pune";"Gold";329;"Restaurant_329";"Chinese"
306;"28-08-2023";772.47;2233;"User_2233";"Hyderabad";"Regular";18;"Restaurant_18";"Italian"
307;"18-10-2023";345.66;1150;"User_1150";"Bangalore";"Gold";497;"Restaurant_497";"Mexican"
308;"22-05-2023";1204.97;757;"User_757";"Pune";"Gold";438;"Restaurant_438";"Italian"
309;"30-10-2023";1494.0;1344;"User_1344";"Hyderabad";"Gold";76;"Restaurant_76";"Italian"
310;"22-11-2023";365.5;1402;"User_1402";"Pune";"Regular";113;"Restaurant_113";"Chinese"
311;"13-01-2023";919.29;832;"User_832";"Chennai";"Regular";103;"Restaurant_103";"Mexican"
312;"08-11-2023";1026.01;1921;"User_1921";"Pune";"Gold";242;"Restaurant_242";"Mexican"
313;"04-02-2023";348.63;2183;"User_2183";"Hyderabad";"Gold";333;"Restaurant_333";"Chinese"
314;"25-07-2023";865.98;2177;"User_2177";"Hyderabad";"Regular";410;"Restaurant_410";"Italian"
315;"28-02-2023";245.73;2474;"User_2474";"Chennai";"Gold";32;"Restaurant_32";"Italian"
316;"25-07-2023";319.08;2280;"User_2280";"Bangalore";"Regular";251;"Restaurant_251";"Chinese"
317;"31-10-2023";262.36;322;"User_322";"Pune";"Regular";143;"Restaurant_143";"Chinese"
318;"04-10-2023";1443.73;1739;"User_1739";"Pune";"Regular";303;"Restaurant_303";"Mexican"
319;"12-12-2023";420.56;694;"User_694";"Bangalore";"Gold";83;"Restaurant_83";"Chinese"
320;"02-05-2023";1431.39;2555;"User_2555";"Bangalore";"Regular";262;"Restaurant_262";"Chinese"
321;"11-12-2023";1239.1;2023;"User_2023";"Bangalore";"Regular";134;"Restaurant_134";"Mexican"
322;"04-04-2023";765.9;1690;"User_1690";"Hyderabad";"Gold";208;"Restaurant_208";"Mexican"
323;"04-10-2023";548.43;2084;"User_2084";"Chennai";"Gold";168;"Restaurant_168";"Indian"
324;"07-03-2023";968.8;2742;"User_2742";"Hyderabad";"Gold";163;"Restaurant_163";"Italian"
325;"28-03-2023";817.89;223;"User_223";"Chennai";"Gold";39;"Restaurant_39";"Indian"
326;"09-10-2023";1039.9;48;"User_48";"Chennai";"Gold";279;"Restaurant_279";"Italian"
327;"20-09-2023";396.63;413;"User_413";"Pune";"Gold";171;"Restaurant_171";"Mexican"
328;"30-12-2023";1425.43;1019;"User_1019";"Hyderabad";"Gold";254;"Restaurant_254";"Indian"
329;"15-03-2023";654.51;1573;"User_1573";"Chennai";"Gold";17;"Restaurant_17";"Indian"
330;"30-07-2023";1415.25;1588;"User_1588";"Hyderabad";"Gold";194;"Restaurant_194";"Chinese"
331;"08-11-2023";1058.26;1679;"User_1679";"Pune";"Gold";6;"Restaurant_6";"Chinese"
332;"16-12-2023";816.47;870;"User_870";"Bangalore";"Gold";320;"Restaurant_320";"Italian"
333;"29-05-2023";1063.14;2271;"User_2271";"Pune";"Gold";208;"Restaurant_208";"Mexican"
334;"01-01-2024";419.28;1496;"User_1496";"Chennai";"Regular";33;"Restaurant_33";"Italian"
335;"10-08-2023";561.81;1134;"User_1134";"Bangalore";"Gold";46;"Restaurant_46";"Chinese"
336;"14-12-2023";1422.53;2122;"User_2122";"Pune";"Regular";356;"Restaurant_356";"Indian"
337;"10-12-2023";979.78;1155;"User_1155";"Hyderabad";"Gold";397;"Restaurant_397";"Indian"
338;"21-06-2023";837.74;2534;"User_2534";"Bangalore";"Regular";38;"Restaurant_38";"Italian"
339;"21-12-2023";1356.85;1739;"User_1739";"Pune";"Regular";436;"Restaurant_436";"Mexican"
340;"27-08-2023";793.05;1339;"User_1339";"Chennai";"Regular";396;"Restaurant_396";"Mexican"
341;"25-03-2023";1373.68;114;"User_114";"Bangalore";"Gold";91;"Restaurant_91";"Italian"
342;"13-07-2023";919.8;1526;"User_1526";"Pune";"Regular";464;"Restaurant_464";"Italian"
343;"31-07-2023";960.54;1080;"User_1080";"Chennai";"Regular";111;"Restaurant_111";"Mexican"
344;"10-12-2023";746.18;321;"User_321";"Chennai";"Regular";315;"Restaurant_315";"Mexican"
345;"22-09-2023";608.15;1474;"User_1474";"Bangalore";"Gold";277;"Restaurant_277";"Mexican"
346;"29-04-2023";938.52;2868;"User_2868";"Hyderabad";"Regular";383;"Restaurant_383";"Indian"
347;"28-08-2023";999.35;1485;"User_1485";"Pune";"Regular";430;"Restaurant_430";"Mexican"
348;"10-09-2023";549.31;308;"User_308";"Bangalore";"Regular";419;"Restaurant_419";"Chinese"
349;"16-02-2023";514.27;1883;"User_1883";"Chennai";"Gold";62;"Restaurant_62";"Indian"
350;"03-02-2023";840.19;1730;"User_1730";"Bangalore";"Regular";112;"Restaurant_112";"Chinese"
351;"09-07-2023";1387.05;2755;"User_2755";"Pune";"Regular";218;"Restaurant_218";"Indian"
352;"21-03-2023";1043.46;1897;"User_1897";"Chennai";"Gold";96;"Restaurant_96";"Mexican"
353;"31-10-2023";1123.59;1105;"User_1105";"Chennai";"Gold";188;"Restaurant_188";"Chinese"
354;"15-01-2023";642.58;372;"User_372";"Chennai";"Regular";391;"Restaurant_391";"Indian"
355;"12-05-2023";339.08;1226;"User_1226";"Hyderabad";"Gold";333;"Restaurant_333";"Chinese"
356;"06-11-2023";1234.61;2465;"User_2465";"Hyderabad";"Gold";67;"Restaurant_67";"Mexican"
357;"29-04-2023";1103.89;2184;"User_2184";"Hyderabad";"Regular";270;"Restaurant_270";"Mexican"
358;"02-03-2023";705.35;312;"User_312";"Hyderabad";"Gold";169;"Restaurant_169";"Italian"
359;"19-01-2023";260.34;2016;"User_2016";"Pune";"Regular";23;"Restaurant_23";"Chinese"
360;"27-01-2023";792.09;98;"User_98";"Pune";"Regular";242;"Restaurant_242";"Mexican"
361;"23-09-2023";1174.93;1424;"User_1424";"Pune";"Gold";403;"Restaurant_403";"Indian"
362;"09-12-2023";194.31;2004;"User_2004";"Hyderabad";"Regular";16;"Restaurant_16";"Indian"
363;"29-03-2023";1200.79;2586;"User_2586";"Hyderabad";"Regular";484;"Restaurant_484";"Mexican"
364;"28-03-2023";313.78;1746;"User_1746";"Hyderabad";"Gold";174;"Restaurant_174";"Mexican"
365;"15-05-2023";816.48;2567;"User_2567";"Bangalore";"Gold";119;"Restaurant_119";"Chinese"
366;"11-03-2023";1128.66;959;"User_959";"Chennai";"Gold";187;"Restaurant_187";"Chinese"
367;"22-10-2023";261.53;128;"User_128";"Hyderabad";"Regular";14;"Restaurant_14";"Indian"
368;"17-02-2023";1120.32;1804;"User_1804";"Hyderabad";"Regular";188;"Restaurant_188";"Chinese"
369;"07-12-2023";486.28;1665;"User_1665";"Bangalore";"Regular";283;"Restaurant_283";"Chinese"
370;"17-10-2023";557.92;1666;"User_1666";"Hyderabad";"Regular";430;"Restaurant_430";"Mexican"
371;"17-09-2023";1430.39;475;"User_475";"Bangalore";"Gold";153;"Restaurant_153";"Italian"
372;"28-08-2023";133.81;2101;"User_2101";"Pune";"Gold";281;"Restaurant_281";"Italian"
373;"29-08-2023";1489.28;1301;"User_1301";"Hyderabad";"Regular";177;"Restaurant_177";"Indian"
374;"07-06-2023";161.54;2642;"User_2642";"Pune";"Gold";401;"Restaurant_401";"Indian"
375;"20-02-2023";469.24;2873;"User_2873";"Pune";"Gold";153;"Restaurant_153";"Italian"
376;"30-01-2023";462.68;496;"User_496";"Chennai";"Regular";432;"Restaurant_432";"Mexican"
377;"02-11-2023";213.1;2089;"User_2089";"Hyderabad";"Gold";398;"Restaurant_398";"Indian"
378;"26-11-2023";838.49;2757;"User_2757";"Chennai";"Gold";272;"Restaurant_272";"Indian"
379;"19-06-2023";1211.23;1538;"User_1538";"Bangalore";"Regular";323;"Restaurant_323";"Mexican"
380;"04-11-2023";908.79;2143;"User_2143";"Hyderabad";"Regular";240;"Restaurant_240";"Indian"
381;"06-05-2023";1298.31;1431;"User_1431";"Bangalore";"Regular";217;"Restaurant_217";"Indian"
382;"25-03-2023";594.54;1535;"User_1535";"Chennai";"Regular";367;"Restaurant_367";"Indian"
383;"19-09-2023";1122.1;2449;"User_2449";"Pune";"Gold";347;"Restaurant_347";"Chinese"
384;"26-08-2023";992.15;223;"User_223";"Chennai";"Gold";104;"Restaurant_104";"Chinese"
385;"04-03-2023";1082.71;2;"User_2";"Pune";"Gold";121;"Restaurant_121";"Indian"
386;"16-04-2023";970.25;2292;"User_2292";"Hyderabad";"Gold";270;"Restaurant_270";"Mexican"
387;"30-01-2023";1071.08;20;"User_20";"Hyderabad";"Gold";417;"Restaurant_417";"Mexican"
388;"25-11-2023";1023.3;2829;"User_2829";"Bangalore";"Regular";131;"Restaurant_131";"Italian"
389;"18-03-2023";893.16;1893;"User_1893";"Hyderabad";"Regular";288;"Restaurant_288";"Mexican"
390;"13-02-2023";640.58;2022;"User_2022";"Bangalore";"Regular";327;"Restaurant_327";"Indian"
391;"12-10-2023";700.55;1078;"User_1078";"Hyderabad";"Gold";132;"Restaurant_132";"Indian"
392;"28-09-2023";168.72;2907;"User_2907";"Hyderabad";"Regular";488;"Restaurant_488";"Chinese"
393;"01-02-2023";107.8;188;"User_188";"Hyderabad";"Regular";452;"Restaurant_452";"Chinese"
394;"22-06-2023";1282.13;918;"User_918";"Bangalore";"Gold";344;"Restaurant_344";"Indian"
395;"01-06-2023";315.02;1797;"User_1797";"Bangalore";"Regular";45;"Restaurant_45";"Mexican"
396;"03-09-2023";372.82;315;"User_315";"Chennai";"Gold";438;"Restaurant_438";"Italian"
397;"17-05-2023";114.64;2316;"User_2316";"Hyderabad";"Regular";156;"Restaurant_156";"Italian"
398;"20-07-2023";904.25;96;"User_96";"Pune";"Regular";263;"Restaurant_263";"Indian"
399;"28-12-2023";583.52;834;"User_834";"Chennai";"Gold";45;"Restaurant_45";"Mexican"
400;"28-02-2023";101.01;2690;"User_2690";"Hyderabad";"Regular";27;"Restaurant_27";"Italian"
401;"04-04-2023";996.34;1832;"User_1832";"Chennai";"Gold";359;"Restaurant_359";"Mexican"
402;"09-12-2023";1341.11;197;"User_197";"Hyderabad";"Gold";59;"Restaurant_59";"Chinese"
403;"31-10-2023";1158.77;1042;"User_1042";"Pune";"Gold";338;"Restaurant_338";"Mexican"
404;"23-02-2023";669.78;1232;"User_1232";"Pune";"Gold";94;"Restaurant_94";"Chinese"
405;"17-04-2023";1302.45;95;"User_95";"Bangalore";"Gold";330;"Restaurant_330";"Italian"
406;"27-12-2023";869.66;1675;"User_1675";"Hyderabad";"Regular";478;"Restaurant_478";"Chinese"
407;"17-11-2023";482.4;1654;"User_1654";"Chennai";"Gold";428;"Restaurant_428";"Mexican"
408;"14-09-2023";787.55;2849;"User_2849";"Pune";"Regular";227;"Restaurant_227";"Italian"
409;"05-05-2023";1042.16;1759;"User_1759";"Chennai";"Regular";117;"Restaurant_117";"Indian"
410;"23-01-2023";286.19;19;"User_19";"Hyderabad";"Regular";164;"Restaurant_164";"Italian"
411;"18-08-2023";816.92;1350;"User_1350";"Bangalore";"Gold";101;"Restaurant_101";"Mexican"
412;"20-10-2023";464.14;653;"User_653";"Chennai";"Regular";126;"Restaurant_126";"Italian"
413;"15-01-2023";1311.66;137;"User_137";"Hyderabad";"Gold";259;"Restaurant_259";"Mexican"
414;"22-10-2023";1259.75;2338;"User_2338";"Pune";"Regular";429;"Restaurant_429";"Chinese"
415;"07-11-2023";255.1;2535;"User_2535";"Chennai";"Gold";448;"Restaurant_448";"Mexican"
416;"13-06-2023";1104.78;1283;"User_1283";"Hyderabad";"Regular";481;"Restaurant_481";"Indian"
417;"01-01-2023";505.51;1933;"User_1933";"Hyderabad";"Regular";251;"Restaurant_251";"Chinese"
418;"11-05-2023";738.19;1369;"User_1369";"Hyderabad";"Regular";72;"Restaurant_72";"Mexican"
419;"25-11-2023";391.1;1246;"User_1246";"Chennai";"Gold";341;"Restaurant_341";"Chinese"
420;"20-12-2023";243.27;1672;"User_1672";"Bangalore";"Gold";378;"Restaurant_378";"Italian"
421;"08-05-2023";530.89;1408;"User_1408";"Chennai";"Regular";403;"Restaurant_403";"Indian"
422;"01-08-2023";985.99;468;"User_468";"Bangalore";"Regular";389;"Restaurant_389";"Italian"
423;"03-06-2023";696.34;1530;"User_1530";"Bangalore";"Gold";319;"Restaurant_319";"Indian"
424;"04-08-2023";701.69;1257;"User_1257";"Bangalore";"Gold";197;"Restaurant_197";"Mexican"
425;"13-03-2023";1034.45;1453;"User_1453";"Pune";"Regular";244;"Restaurant_244";"Italian"
426;"24-11-2023";448.47;1607;"User_1607";"Bangalore";"Regular";12;"Restaurant_12";"Mexican"
427;"29-01-2023";473.73;153;"User_153";"Pune";"Gold";257;"Restaurant_257";"Italian"
428;"02-04-2023";122.37;635;"User_635";"Pune";"Regular";104;"Restaurant_104";"Chinese"
429;"10-06-2023";419.07;1033;"User_1033";"Bangalore";"Regular";65;"Restaurant_65";"Mexican"
430;"15-11-2023";416.19;1135;"User_1135";"Bangalore";"Regular";130;"Restaurant_130";"Indian"
431;"15-06-2023";1292.09;1024;"User_1024";"Chennai";"Gold";464;"Restaurant_464";"Italian"
432;"20-04-2023";1264.35;1089;"User_1089";"Hyderabad";"Regular";484;"Restaurant_484";"Mexican"
433;"27-02-2023";1000.18;2400;"User_2400";"Pune";"Regular";425;"Restaurant_425";"Chinese"
434;"30-09-2023";1346.12;2355;"User_2355";"Pune";"Regular";265;"Restaurant_265";"Chinese"
435;"09-08-2023";806.75;1311;"User_1311";"Bangalore";"Regular";417;"Restaurant_417";"Mexican"
436;"08-03-2023";1107.25;1771;"User_1771";"Hyderabad";"Regular";389;"Restaurant_389";"Italian"
437;"13-11-2023";1442.45;1847;"User_1847";"Bangalore";"Regular";363;"Restaurant_363";"Italian"
438;"02-03-2023";842.29;700;"User_700";"Pune";"Gold";8;"Restaurant_8";"Indian"
439;"19-10-2023";1479.4;2568;"User_2568";"Bangalore";"Gold";194;"Restaurant_194";"Chinese"
440;"05-07-2023";854.8;181;"User_181";"Hyderabad";"Regular";429;"Restaurant_429";"Chinese"
441;"05-02-2023";502.41;98;"User_98";"Pune";"Regular";317;"Restaurant_317";"Mexican"
442;"01-04-2023";1355.34;1289;"User_1289";"Chennai";"Gold";436;"Restaurant_436";"Mexican"
443;"05-04-2023";447.05;1025;"User_1025";"Pune";"Gold";131;"Restaurant_131";"Italian"
444;"24-01-2023";1434.15;9;"User_9";"Bangalore";"Gold";350;"Restaurant_350";"Mexican"
445;"22-11-2023";363.78;148;"User_148";"Pune";"Regular";437;"Restaurant_437";"Indian"
446;"12-12-2023";583.75;657;"User_657";"Bangalore";"Regular";188;"Restaurant_188";"Chinese"
447;"31-08-2023";1332.7;45;"User_45";"Hyderabad";"Gold";476;"Restaurant_476";"Mexican"
448;"30-12-2023";647.16;129;"User_129";"Pune";"Gold";494;"Restaurant_494";"Mexican"
449;"18-07-2023";787.53;1205;"User_1205";"Chennai";"Gold";408;"Restaurant_408";"Mexican"
450;"13-08-2023";460.23;643;"User_643";"Pune";"Gold";269;"Restaurant_269";"Indian"
451;"10-06-2023";1053.86;2216;"User_2216";"Bangalore";"Regular";237;"Restaurant_237";"Italian"
452;"22-10-2023";459.03;1731;"User_1731";"Hyderabad";"Regular";157;"Restaurant_157";"Italian"
453;"30-04-2023";295.85;586;"User_586";"Bangalore";"Gold";403;"Restaurant_403";"Indian"
454;"03-01-2023";1195.5;2567;"User_2567";"Bangalore";"Gold";428;"Restaurant_428";"Mexican"
455;"16-06-2023";662.45;1784;"User_1784";"Pune";"Regular";133;"Restaurant_133";"Italian"
456;"22-12-2023";260.9;1821;"User_1821";"Hyderabad";"Regular";143;"Restaurant_143";"Chinese"
457;"28-02-2023";1310.54;2225;"User_2225";"Bangalore";"Regular";320;"Restaurant_320";"Italian"
458;"17-03-2023";1362.56;2691;"User_2691";"Hyderabad";"Gold";142;"Restaurant_142";"Indian"
459;"17-09-2023";196.9;1823;"User_1823";"Hyderabad";"Regular";358;"Restaurant_358";"Indian"
460;"09-09-2023";952.12;1932;"User_1932";"Bangalore";"Regular";84;"Restaurant_84";"Chinese"
461;"03-08-2023";247.36;2390;"User_2390";"Hyderabad";"Gold";121;"Restaurant_121";"Indian"
462;"05-08-2023";833.46;2930;"User_2930";"Bangalore";"Regular";55;"Restaurant_55";"Indian"
463;"08-01-2023";682.45;1289;"User_1289";"Chennai";"Gold";499;"Restaurant_499";"Mexican"
464;"08-06-2023";598.83;2674;"User_2674";"Hyderabad";"Gold";57;"Restaurant_57";"Mexican"
465;"31-12-2023";1161.9;2116;"User_2116";"Chennai";"Gold";289;"Restaurant_289";"Italian"
466;"19-06-2023";1141.11;1199;"User_1199";"Pune";"Gold";316;"Restaurant_316";"Chinese"
467;"03-08-2023";654.85;937;"User_937";"Chennai";"Gold";438;"Restaurant_438";"Italian"
468;"15-08-2023";447.31;701;"User_701";"Hyderabad";"Regular";78;"Restaurant_78";"Indian"
469;"08-11-2023";955.06;1834;"User_1834";"Bangalore";"Gold";334;"Restaurant_334";"Indian"
470;"22-06-2023";487.14;1577;"User_1577";"Chennai";"Gold";357;"Restaurant_357";"Italian"
471;"14-03-2023";1185.7;2810;"User_2810";"Bangalore";"Regular";232;"Restaurant_232";"Mexican"
472;"31-05-2023";919.75;526;"User_526";"Hyderabad";"Regular";42;"Restaurant_42";"Chinese"
473;"17-04-2023";1491.83;168;"User_168";"Hyderabad";"Gold";391;"Restaurant_391";"Indian"
474;"24-06-2023";1161.94;2718;"User_2718";"Hyderabad";"Regular";343;"Restaurant_343";"Mexican"
475;"24-07-2023";354.71;1571;"User_1571";"Pune";"Gold";196;"Restaurant_196";"Italian"
476;"11-03-2023";833.02;2117;"User_2117";"Bangalore";"Gold";250;"Restaurant_250";"Mexican"
477;"07-12-2023";442.46;1733;"User_1733";"Pune";"Regular";35;"Restaurant_35";"Chinese"
478;"17-11-2023";170.89;2216;"User_2216";"Bangalore";"Regular";131;"Restaurant_131";"Italian"
479;"27-11-2023";925.22;1290;"User_1290";"Hyderabad";"Gold";287;"Restaurant_287";"Chinese"
480;"08-08-2023";532.08;1262;"User_1262";"Pune";"Gold";214;"Restaurant_214";"Chinese"
481;"15-08-2023";887.3;2981;"User_2981";"Chennai";"Gold";391;"Restaurant_391";"Indian"
482;"09-12-2023";555.21;763;"User_763";"Pune";"Gold";283;"Restaurant_283";"Chinese"
483;"08-03-2023";1069.6;2101;"User_2101";"Pune";"Gold";35;"Restaurant_35";"Chinese"
484;"13-04-2023";509.03;719;"User_719";"Chennai";"Gold";139;"Restaurant_139";"Mexican"
485;"22-03-2023";678.26;1019;"User_1019";"Hyderabad";"Gold";353;"Restaurant_353";"Indian"
486;"27-10-2023";838.93;1133;"User_1133";"Chennai";"Gold";382;"Restaurant_382";"Mexican"
487;"02-11-2023";535.12;230;"User_230";"Pune";"Gold";268;"Restaurant_268";"Indian"
488;"30-05-2023";1201.51;1301;"User_1301";"Hyderabad";"Regular";159;"Restaurant_159";"Mexican"
489;"21-03-2023";386.71;1684;"User_1684";"Hyderabad";"Regular";410;"Restaurant_410";"Italian"
490;"24-06-2023";125.35;362;"User_362";"Chennai";"Gold";62;"Restaurant_62";"Indian"
491;"28-08-2023";1224.42;2489;"User_2489";"Hyderabad";"Regular";428;"Restaurant_428";"Mexican"
492;"18-10-2023";1478.62;650;"User_650";"Chennai";"Gold";114;"Restaurant_114";"Indian"
493;"17-12-2023";698.79;2057;"User_2057";"Chennai";"Gold";399;"Restaurant_399";"Chinese"
494;"11-04-2023";911.14;361;"User_361";"Pune";"Gold";66;"Restaurant_66";"Italian"
495;"29-08-2023";1291.76;2865;"User_2865";"Hyderabad";"Regular";23;"Restaurant_23";"Chinese"
496;"08-11-2023";1374.88;987;"User_987";"Bangalore";"Regular";432;"Restaurant_432";"Mexican"
497;"15-12-2023";872.66;1570;"User_1570";"Bangalore";"Regular";381;"Restaurant_381";"Italian"
498;"02-12-2023";989.29;2119;"User_2119";"Bangalore";"Regular";12;"Restaurant_12";"Mexican"
499;"04-06-2023";258.36;1561;"User_1561";"Hyderabad";"Gold";210;"Restaurant_210";"Indian"
500;"17-02-2023";143.1;704;"User_704";"Chennai";"Regular";69;"Restaurant_69";"Chinese"
501;"10-04-2023";1460.05;2305;"User_2305";"Pune";"Gold";417;"Restaurant_417";"Mexican"
502;"12-01-2023";480.06;86;"User_86";"Chennai";"Regular";237;"Restaurant_237";"Italian"
503;"23-09-2023";1108.65;106;"User_106";"Pune";"Regular";154;"Restaurant_154";"Chinese"
504;"24-06-2023";832.47;2499;"User_2499";"Chennai";"Regular";86;"Restaurant_86";"Indian"
505;"20-01-2023";1320.62;337;"User_337";"Pune";"Gold";138;"Restaurant_138";"Indian"
506;"27-11-2023";1078.78;1951;"User_1951";"Pune";"Gold";423;"Restaurant_423";"Indian"
507;"04-02-2023";455.99;1315;"User_1315";"Hyderabad";"Gold";361;"Restaurant_361";"Indian"
508;"12-01-2023";527.85;2069;"User_2069";"Pune";"Gold";282;"Restaurant_282";"Indian"
509;"17-04-2023";764.57;2674;"User_2674";"Hyderabad";"Gold";6;"Restaurant_6";"Chinese"
510;"04-12-2023";720.04;790;"User_790";"Bangalore";"Regular";257;"Restaurant_257";"Italian"
511;"02-06-2023";186.07;1800;"User_1800";"Bangalore";"Regular";347;"Restaurant_347";"Chinese"
512;"06-01-2023";1075.9;330;"User_330";"Chennai";"Regular";234;"Restaurant_234";"Chinese"
513;"22-11-2023";1127.35;1337;"User_1337";"Bangalore";"Regular";212;"Restaurant_212";"Indian"
514;"09-12-2023";840.69;1418;"User_1418";"Chennai";"Gold";88;"Restaurant_88";"Indian"
515;"21-04-2023";283.87;1430;"User_1430";"Hyderabad";"Regular";259;"Restaurant_259";"Mexican"
516;"07-10-2023";524.46;2045;"User_2045";"Pune";"Regular";40;"Restaurant_40";"Indian"
517;"23-06-2023";417.31;2717;"User_2717";"Bangalore";"Regular";275;"Restaurant_275";"Italian"
518;"22-06-2023";383.82;1213;"User_1213";"Pune";"Regular";51;"Restaurant_51";"Italian"
519;"29-07-2023";287.01;628;"User_628";"Pune";"Regular";421;"Restaurant_421";"Indian"
520;"29-07-2023";1254.19;1828;"User_1828";"Chennai";"Regular";66;"Restaurant_66";"Italian"
521;"27-02-2023";532.37;1604;"User_1604";"Hyderabad";"Regular";500;"Restaurant_500";"Chinese"
522;"28-04-2023";1322.99;2472;"User_2472";"Bangalore";"Gold";321;"Restaurant_321";"Chinese"
523;"17-12-2023";1403.79;410;"User_410";"Chennai";"Gold";220;"Restaurant_220";"Mexican"
524;"07-04-2023";890.78;2292;"User_2292";"Hyderabad";"Gold";81;"Restaurant_81";"Chinese"
525;"09-11-2023";515.98;439;"User_439";"Pune";"Gold";21;"Restaurant_21";"Indian"
526;"25-07-2023";1397.52;435;"User_435";"Hyderabad";"Gold";175;"Restaurant_175";"Chinese"
527;"30-01-2023";1123.75;1924;"User_1924";"Pune";"Regular";244;"Restaurant_244";"Italian"
528;"18-09-2023";311.35;898;"User_898";"Hyderabad";"Gold";194;"Restaurant_194";"Chinese"
529;"06-02-2023";1231.09;1449;"User_1449";"Pune";"Gold";359;"Restaurant_359";"Mexican"
530;"15-06-2023";757.94;1213;"User_1213";"Pune";"Regular";312;"Restaurant_312";"Chinese"
531;"10-04-2023";947.56;2661;"User_2661";"Chennai";"Gold";306;"Restaurant_306";"Chinese"
532;"31-12-2023";444.52;211;"User_211";"Bangalore";"Regular";66;"Restaurant_66";"Italian"
533;"26-05-2023";1236.68;2618;"User_2618";"Chennai";"Gold";278;"Restaurant_278";"Indian"
534;"20-06-2023";233.98;1159;"User_1159";"Hyderabad";"Regular";250;"Restaurant_250";"Mexican"
535;"16-07-2023";499.11;1104;"User_1104";"Bangalore";"Regular";315;"Restaurant_315";"Mexican"
536;"26-10-2023";946.71;2162;"User_2162";"Bangalore";"Gold";432;"Restaurant_432";"Mexican"
537;"24-03-2023";1349.8;2072;"User_2072";"Hyderabad";"Regular";319;"Restaurant_319";"Indian"
538;"26-05-2023";1432.41;2805;"User_2805";"Bangalore";"Regular";470;"Restaurant_470";"Italian"
539;"29-09-2023";752.65;1210;"User_1210";"Chennai";"Gold";476;"Restaurant_476";"Mexican"
540;"17-04-2023";1387.89;1072;"User_1072";"Bangalore";"Regular";213;"Restaurant_213";"Indian"
541;"29-04-2023";1490.15;1573;"User_1573";"Chennai";"Gold";79;"Restaurant_79";"Mexican"
542;"09-12-2023";644.1;233;"User_233";"Bangalore";"Gold";451;"Restaurant_451";"Chinese"
543;"12-09-2023";1455.9;1688;"User_1688";"Bangalore";"Gold";467;"Restaurant_467";"Italian"
544;"17-04-2023";1230.52;1562;"User_1562";"Chennai";"Regular";9;"Restaurant_9";"Italian"
545;"11-04-2023";463.5;1199;"User_1199";"Pune";"Gold";72;"Restaurant_72";"Mexican"
546;"28-12-2023";418.24;627;"User_627";"Pune";"Regular";120;"Restaurant_120";"Italian"
547;"30-07-2023";110.34;2488;"User_2488";"Hyderabad";"Regular";161;"Restaurant_161";"Mexican"
548;"24-10-2023";366.07;224;"User_224";"Bangalore";"Regular";12;"Restaurant_12";"Mexican"
549;"01-07-2023";1024.01;639;"User_639";"Hyderabad";"Gold";351;"Restaurant_351";"Mexican"
550;"25-06-2023";580.01;951;"User_951";"Chennai";"Gold";427;"Restaurant_427";"Indian"
551;"14-06-2023";623.03;1756;"User_1756";"Pune";"Gold";71;"Restaurant_71";"Indian"
552;"29-07-2023";591.16;188;"User_188";"Hyderabad";"Regular";408;"Restaurant_408";"Mexican"
553;"25-06-2023";749.92;1252;"User_1252";"Chennai";"Regular";360;"Restaurant_360";"Indian"
554;"12-01-2023";379.21;341;"User_341";"Hyderabad";"Gold";125;"Restaurant_125";"Chinese"
555;"15-11-2023";1289.38;365;"User_365";"Bangalore";"Regular";186;"Restaurant_186";"Indian"
556;"28-08-2023";642.17;648;"User_648";"Chennai";"Gold";55;"Restaurant_55";"Indian"
557;"25-08-2023";262.12;2227;"User_2227";"Chennai";"Gold";61;"Restaurant_61";"Italian"
558;"10-09-2023";899.51;1167;"User_1167";"Chennai";"Regular";62;"Restaurant_62";"Indian"
559;"17-10-2023";951.29;2234;"User_2234";"Bangalore";"Gold";278;"Restaurant_278";"Indian"
560;"17-03-2023";350.76;1408;"User_1408";"Chennai";"Regular";93;"Restaurant_93";"Chinese"
561;"30-06-2023";1336.97;2058;"User_2058";"Hyderabad";"Regular";394;"Restaurant_394";"Mexican"
562;"25-09-2023";1435.43;679;"User_679";"Chennai";"Regular";290;"Restaurant_290";"Chinese"
563;"22-12-2023";1260.85;1083;"User_1083";"Hyderabad";"Regular";19;"Restaurant_19";"Indian"
564;"26-11-2023";225.51;408;"User_408";"Chennai";"Gold";404;"Restaurant_404";"Indian"
565;"27-11-2023";594.01;2447;"User_2447";"Chennai";"Regular";333;"Restaurant_333";"Chinese"
566;"13-09-2023";101.36;1166;"User_1166";"Bangalore";"Regular";172;"Restaurant_172";"Italian"
567;"22-01-2023";1191.83;2624;"User_2624";"Hyderabad";"Regular";224;"Restaurant_224";"Chinese"
568;"07-07-2023";373.33;518;"User_518";"Hyderabad";"Regular";289;"Restaurant_289";"Italian"
569;"26-06-2023";319.96;1653;"User_1653";"Bangalore";"Gold";169;"Restaurant_169";"Italian"
570;"23-10-2023";1182.13;2210;"User_2210";"Bangalore";"Regular";112;"Restaurant_112";"Chinese"
571;"10-06-2023";936.28;2862;"User_2862";"Pune";"Regular";17;"Restaurant_17";"Indian"
572;"02-04-2023";646.56;85;"User_85";"Pune";"Gold";289;"Restaurant_289";"Italian"
573;"17-07-2023";1040.32;1042;"User_1042";"Pune";"Gold";342;"Restaurant_342";"Mexican"
574;"27-02-2023";1482.98;1966;"User_1966";"Hyderabad";"Regular";131;"Restaurant_131";"Italian"
575;"03-10-2023";302.22;1912;"User_1912";"Pune";"Regular";433;"Restaurant_433";"Italian"
576;"02-05-2023";347.09;988;"User_988";"Chennai";"Gold";144;"Restaurant_144";"Chinese"
577;"28-05-2023";245.85;2323;"User_2323";"Bangalore";"Gold";175;"Restaurant_175";"Chinese"
578;"26-05-2023";1023.74;299;"User_299";"Bangalore";"Regular";490;"Restaurant_490";"Italian"
579;"17-11-2023";323.69;1384;"User_1384";"Bangalore";"Gold";457;"Restaurant_457";"Indian"
580;"28-10-2023";556.6;1938;"User_1938";"Bangalore";"Regular";177;"Restaurant_177";"Indian"
581;"13-05-2023";688.89;2982;"User_2982";"Chennai";"Gold";97;"Restaurant_97";"Mexican"
582;"09-06-2023";257.75;1092;"User_1092";"Pune";"Gold";126;"Restaurant_126";"Italian"
583;"18-12-2023";529.79;2667;"User_2667";"Pune";"Gold";373;"Restaurant_373";"Indian"
584;"12-03-2023";594.46;1264;"User_1264";"Chennai";"Regular";115;"Restaurant_115";"Chinese"
585;"22-12-2023";214.94;2760;"User_2760";"Hyderabad";"Regular";278;"Restaurant_278";"Indian"
586;"28-05-2023";594.21;1596;"User_1596";"Pune";"Gold";112;"Restaurant_112";"Chinese"
587;"17-06-2023";460.28;909;"User_909";"Bangalore";"Regular";310;"Restaurant_310";"Indian"
588;"14-04-2023";832.56;1068;"User_1068";"Bangalore";"Regular";330;"Restaurant_330";"Italian"
589;"25-08-2023";1227.78;2618;"User_2618";"Chennai";"Gold";118;"Restaurant_118";"Mexican"
590;"15-05-2023";1111.49;1551;"User_1551";"Chennai";"Gold";237;"Restaurant_237";"Italian"
591;"09-12-2023";1411.85;2034;"User_2034";"Pune";"Gold";89;"Restaurant_89";"Indian"
592;"11-05-2023";1468.95;978;"User_978";"Pune";"Regular";441;"Restaurant_441";"Indian"
593;"13-03-2023";120.42;472;"User_472";"Hyderabad";"Gold";161;"Restaurant_161";"Mexican"
594;"19-09-2023";182.27;2170;"User_2170";"Bangalore";"Regular";218;"Restaurant_218";"Indian"
595;"23-04-2023";737.36;2233;"User_2233";"Hyderabad";"Regular";454;"Restaurant_454";"Italian"
596;"27-12-2023";126.61;1020;"User_1020";"Hyderabad";"Regular";249;"Restaurant_249";"Italian"
597;"10-01-2023";285.11;553;"User_553";"Pune";"Gold";166;"Restaurant_166";"Chinese"
598;"03-04-2023";158.23;833;"User_833";"Bangalore";"Regular";199;"Restaurant_199";"Italian"
599;"31-03-2023";1243.36;1652;"User_1652";"Chennai";"Regular";306;"Restaurant_306";"Chinese"
600;"07-04-2023";1317.96;2271;"User_2271";"Pune";"Gold";132;"Restaurant_132";"Indian"
601;"22-04-2023";208.93;2578;"User_2578";"Hyderabad";"Regular";64;"Restaurant_64";"Chinese"
602;"31-10-2023";411.7;936;"User_936";"Pune";"Gold";165;"Restaurant_165";"Mexican"
603;"21-11-2023";1237.5;1422;"User_1422";"Bangalore";"Gold";310;"Restaurant_310";"Indian"
604;"14-07-2023";250.56;2664;"User_2664";"Hyderabad";"Regular";318;"Restaurant_318";"Indian"
605;"15-01-2023";456.15;1410;"User_1410";"Hyderabad";"Regular";383;"Restaurant_383";"Indian"
606;"17-11-2023";612.19;288;"User_288";"Pune";"Regular";67;"Restaurant_67";"Mexican"
607;"28-09-2023";1165.33;1794;"User_1794";"Pune";"Gold";102;"Restaurant_102";"Italian"
608;"31-07-2023";849.26;1278;"User_1278";"Hyderabad";"Gold";97;"Restaurant_97";"Mexican"
609;"23-12-2023";1083.35;2158;"User_2158";"Pune";"Gold";284;"Restaurant_284";"Indian"
610;"22-01-2023";1079.49;1154;"User_1154";"Bangalore";"Regular";396;"Restaurant_396";"Mexican"
611;"29-11-2023";233.1;1539;"User_1539";"Hyderabad";"Regular";422;"Restaurant_422";"Mexican"
612;"06-09-2023";1284.41;2876;"User_2876";"Hyderabad";"Gold";455;"Restaurant_455";"Chinese"
613;"19-03-2023";992.33;812;"User_812";"Bangalore";"Regular";72;"Restaurant_72";"Mexican"
614;"25-11-2023";318.71;2470;"User_2470";"Hyderabad";"Regular";61;"Restaurant_61";"Italian"
615;"12-11-2023";134.72;1392;"User_1392";"Hyderabad";"Regular";94;"Restaurant_94";"Chinese"
616;"12-09-2023";952.3;1947;"User_1947";"Bangalore";"Regular";292;"Restaurant_292";"Mexican"
617;"25-05-2023";673.7;2051;"User_2051";"Bangalore";"Regular";451;"Restaurant_451";"Chinese"
618;"06-10-2023";204.18;2227;"User_2227";"Chennai";"Gold";368;"Restaurant_368";"Indian"
619;"15-08-2023";1105.7;1434;"User_1434";"Hyderabad";"Gold";338;"Restaurant_338";"Mexican"
620;"18-12-2023";1132.62;980;"User_980";"Chennai";"Gold";82;"Restaurant_82";"Chinese"
621;"13-04-2023";1331.85;1756;"User_1756";"Pune";"Gold";462;"Restaurant_462";"Italian"
622;"20-07-2023";1245.34;2560;"User_2560";"Pune";"Gold";383;"Restaurant_383";"Indian"
623;"16-05-2023";269.13;1232;"User_1232";"Pune";"Gold";500;"Restaurant_500";"Chinese"
624;"17-06-2023";1032.56;2150;"User_2150";"Pune";"Gold";380;"Restaurant_380";"Italian"
625;"27-07-2023";1481.48;1769;"User_1769";"Hyderabad";"Gold";377;"Restaurant_377";"Mexican"
626;"23-07-2023";1174.89;877;"User_877";"Pune";"Gold";85;"Restaurant_85";"Mexican"
627;"01-06-2023";633.99;2775;"User_2775";"Bangalore";"Gold";290;"Restaurant_290";"Chinese"
628;"23-06-2023";1321.02;1913;"User_1913";"Pune";"Gold";80;"Restaurant_80";"Italian"
629;"26-08-2023";149.42;1396;"User_1396";"Pune";"Gold";225;"Restaurant_225";"Italian"
630;"17-11-2023";621.45;2553;"User_2553";"Chennai";"Gold";172;"Restaurant_172";"Italian"
631;"17-02-2023";516.17;1535;"User_1535";"Chennai";"Regular";420;"Restaurant_420";"Italian"
632;"20-10-2023";1387.29;2639;"User_2639";"Chennai";"Regular";399;"Restaurant_399";"Chinese"
633;"30-10-2023";1336.25;668;"User_668";"Bangalore";"Regular";183;"Restaurant_183";"Chinese"
634;"02-04-2023";473.16;2251;"User_2251";"Pune";"Regular";181;"Restaurant_181";"Indian"
635;"13-03-2023";853.71;493;"User_493";"Bangalore";"Gold";111;"Restaurant_111";"Mexican"
636;"28-02-2023";998.69;297;"User_297";"Bangalore";"Regular";19;"Restaurant_19";"Indian"
637;"12-08-2023";794.07;2884;"User_2884";"Bangalore";"Gold";308;"Restaurant_308";"Italian"
638;"08-10-2023";1264.63;1955;"User_1955";"Chennai";"Gold";317;"Restaurant_317";"Mexican"
639;"01-10-2023";710.43;126;"User_126";"Hyderabad";"Gold";244;"Restaurant_244";"Italian"
640;"05-10-2023";1382.45;915;"User_915";"Hyderabad";"Gold";83;"Restaurant_83";"Chinese"
641;"29-06-2023";1468.47;1203;"User_1203";"Hyderabad";"Regular";468;"Restaurant_468";"Chinese"
642;"29-06-2023";714.92;2696;"User_2696";"Hyderabad";"Regular";178;"Restaurant_178";"Mexican"
643;"05-07-2023";502.76;674;"User_674";"Chennai";"Regular";241;"Restaurant_241";"Chinese"
644;"02-08-2023";235.21;1449;"User_1449";"Pune";"Gold";460;"Restaurant_460";"Chinese"
645;"08-04-2023";107.7;1493;"User_1493";"Chennai";"Regular";97;"Restaurant_97";"Mexican"
646;"15-01-2023";515.29;2398;"User_2398";"Bangalore";"Gold";240;"Restaurant_240";"Indian"
647;"01-05-2023";1288.91;818;"User_818";"Chennai";"Regular";36;"Restaurant_36";"Italian"
648;"15-02-2023";885.84;998;"User_998";"Bangalore";"Regular";87;"Restaurant_87";"Mexican"
649;"17-05-2023";325.97;391;"User_391";"Pune";"Gold";280;"Restaurant_280";"Chinese"
650;"28-05-2023";154.22;1687;"User_1687";"Chennai";"Gold";160;"Restaurant_160";"Chinese"
651;"09-03-2023";570.57;1945;"User_1945";"Pune";"Regular";51;"Restaurant_51";"Italian"
652;"17-04-2023";241.6;673;"User_673";"Chennai";"Regular";184;"Restaurant_184";"Mexican"
653;"18-09-2023";1164.25;354;"User_354";"Chennai";"Regular";249;"Restaurant_249";"Italian"
654;"01-08-2023";165.99;242;"User_242";"Chennai";"Regular";196;"Restaurant_196";"Italian"
655;"19-04-2023";1211.93;2520;"User_2520";"Hyderabad";"Gold";264;"Restaurant_264";"Indian"
656;"03-07-2023";1210.73;2424;"User_2424";"Hyderabad";"Gold";19;"Restaurant_19";"Indian"
657;"29-10-2023";398.22;660;"User_660";"Chennai";"Gold";92;"Restaurant_92";"Mexican"
658;"22-05-2023";1341.45;1445;"User_1445";"Bangalore";"Regular";447;"Restaurant_447";"Chinese"
659;"14-08-2023";1473.68;845;"User_845";"Bangalore";"Gold";398;"Restaurant_398";"Indian"
660;"15-09-2023";1251.48;59;"User_59";"Bangalore";"Regular";124;"Restaurant_124";"Mexican"
661;"28-11-2023";540.86;2872;"User_2872";"Pune";"Gold";363;"Restaurant_363";"Italian"
662;"02-09-2023";1099.31;828;"User_828";"Hyderabad";"Gold";232;"Restaurant_232";"Mexican"
663;"08-11-2023";476.39;2107;"User_2107";"Hyderabad";"Gold";141;"Restaurant_141";"Mexican"
664;"13-07-2023";652.9;938;"User_938";"Chennai";"Gold";59;"Restaurant_59";"Chinese"
665;"14-06-2023";673.94;1739;"User_1739";"Pune";"Regular";134;"Restaurant_134";"Mexican"
666;"22-07-2023";1160.51;2236;"User_2236";"Hyderabad";"Regular";269;"Restaurant_269";"Indian"
667;"03-03-2023";1329.9;1400;"User_1400";"Hyderabad";"Gold";474;"Restaurant_474";"Mexican"
668;"29-12-2023";655.12;797;"User_797";"Bangalore";"Regular";51;"Restaurant_51";"Italian"
669;"22-03-2023";251.36;1948;"User_1948";"Pune";"Regular";201;"Restaurant_201";"Mexican"
670;"17-10-2023";446.28;2245;"User_2245";"Hyderabad";"Gold";147;"Restaurant_147";"Italian"
671;"12-07-2023";1244.93;1268;"User_1268";"Hyderabad";"Gold";274;"Restaurant_274";"Mexican"
672;"06-02-2023";1194.62;2205;"User_2205";"Bangalore";"Regular";403;"Restaurant_403";"Indian"
673;"27-09-2023";686.67;2293;"User_2293";"Chennai";"Regular";324;"Restaurant_324";"Mexican"
674;"12-06-2023";688.0;1165;"User_1165";"Chennai";"Regular";303;"Restaurant_303";"Mexican"
675;"27-02-2023";1431.48;2014;"User_2014";"Hyderabad";"Gold";412;"Restaurant_412";"Mexican"
676;"22-02-2023";835.02;2870;"User_2870";"Bangalore";"Regular";182;"Restaurant_182";"Mexican"
677;"26-02-2023";414.31;1037;"User_1037";"Chennai";"Regular";206;"Restaurant_206";"Mexican"
678;"13-11-2023";388.53;2701;"User_2701";"Chennai";"Gold";352;"Restaurant_352";"Italian"
679;"28-01-2023";946.33;1781;"User_1781";"Hyderabad";"Gold";356;"Restaurant_356";"Indian"
680;"02-10-2023";1355.5;921;"User_921";"Bangalore";"Regular";394;"Restaurant_394";"Mexican"
681;"04-05-2023";651.38;2478;"User_2478";"Chennai";"Gold";63;"Restaurant_63";"Italian"
682;"18-08-2023";422.92;2673;"User_2673";"Bangalore";"Gold";422;"Restaurant_422";"Mexican"
683;"02-03-2023";1034.57;665;"User_665";"Pune";"Gold";477;"Restaurant_477";"Indian"
684;"27-06-2023";392.59;569;"User_569";"Hyderabad";"Gold";43;"Restaurant_43";"Chinese"
685;"21-01-2023";869.24;235;"User_235";"Hyderabad";"Gold";261;"Restaurant_261";"Italian"
686;"22-03-2023";1308.81;1243;"User_1243";"Hyderabad";"Gold";489;"Restaurant_489";"Italian"
687;"27-02-2023";454.84;360;"User_360";"Pune";"Regular";32;"Restaurant_32";"Italian"
688;"31-12-2023";1352.28;945;"User_945";"Chennai";"Gold";166;"Restaurant_166";"Chinese"
689;"18-02-2023";217.97;1554;"User_1554";"Hyderabad";"Regular";426;"Restaurant_426";"Chinese"
690;"21-04-2023";429.75;741;"User_741";"Chennai";"Gold";368;"Restaurant_368";"Indian"
691;"27-12-2023";527.78;410;"User_410";"Chennai";"Gold";130;"Restaurant_130";"Indian"
692;"20-01-2023";850.43;2166;"User_2166";"Chennai";"Gold";220;"Restaurant_220";"Mexican"
693;"18-07-2023";266.61;2978;"User_2978";"Pune";"Regular";170;"Restaurant_170";"Mexican"
694;"21-10-2023";381.7;2343;"User_2343";"Bangalore";"Regular";391;"Restaurant_391";"Indian"
695;"05-06-2023";821.91;2640;"User_2640";"Bangalore";"Gold";202;"Restaurant_202";"Indian"
696;"13-07-2023";1450.43;563;"User_563";"Pune";"Regular";17;"Restaurant_17";"Indian"
697;"31-08-2023";167.13;1382;"User_1382";"Bangalore";"Regular";158;"Restaurant_158";"Indian"
698;"19-08-2023";1162.22;2003;"User_2003";"Chennai";"Regular";278;"Restaurant_278";"Indian"
699;"09-08-2023";1015.71;2287;"User_2287";"Bangalore";"Gold";405;"Restaurant_405";"Indian"
700;"20-04-2023";1019.44;2915;"User_2915";"Chennai";"Gold";257;"Restaurant_257";"Italian"
701;"23-04-2023";184.54;744;"User_744";"Chennai";"Gold";396;"Restaurant_396";"Mexican"
702;"16-10-2023";1151.27;1073;"User_1073";"Chennai";"Regular";38;"Restaurant_38";"Italian"
703;"05-01-2023";593.94;971;"User_971";"Pune";"Regular";500;"Restaurant_500";"Chinese"
704;"03-08-2023";1079.52;561;"User_561";"Bangalore";"Regular";35;"Restaurant_35";"Chinese"
705;"20-06-2023";445.15;886;"User_886";"Bangalore";"Regular";109;"Restaurant_109";"Chinese"
706;"21-08-2023";843.99;772;"User_772";"Bangalore";"Gold";272;"Restaurant_272";"Indian"
707;"10-10-2023";675.48;259;"User_259";"Bangalore";"Gold";329;"Restaurant_329";"Chinese"
708;"17-03-2023";118.01;206;"User_206";"Hyderabad";"Regular";435;"Restaurant_435";"Italian"
709;"15-03-2023";777.96;1400;"User_1400";"Hyderabad";"Gold";482;"Restaurant_482";"Chinese"
710;"08-01-2023";496.54;2481;"User_2481";"Bangalore";"Gold";453;"Restaurant_453";"Chinese"
711;"04-03-2023";1395.2;2120;"User_2120";"Hyderabad";"Gold";409;"Restaurant_409";"Mexican"
712;"19-06-2023";459.32;2964;"User_2964";"Hyderabad";"Gold";44;"Restaurant_44";"Indian"
713;"14-03-2023";607.99;2721;"User_2721";"Hyderabad";"Gold";35;"Restaurant_35";"Chinese"
714;"10-09-2023";274.37;1691;"User_1691";"Pune";"Gold";339;"Restaurant_339";"Indian"
715;"05-08-2023";567.12;428;"User_428";"Hyderabad";"Regular";386;"Restaurant_386";"Italian"
716;"23-09-2023";316.8;1470;"User_1470";"Pune";"Regular";218;"Restaurant_218";"Indian"
717;"09-07-2023";1358.06;1152;"User_1152";"Hyderabad";"Regular";190;"Restaurant_190";"Chinese"
718;"18-09-2023";685.21;1697;"User_1697";"Bangalore";"Regular";326;"Restaurant_326";"Italian"
719;"06-09-2023";1193.07;2081;"User_2081";"Bangalore";"Regular";488;"Restaurant_488";"Chinese"
720;"14-10-2023";503.79;2295;"User_2295";"Bangalore";"Regular";60;"Restaurant_60";"Mexican"
721;"11-11-2023";1017.25;1632;"User_1632";"Bangalore";"Regular";165;"Restaurant_165";"Mexican"
722;"15-02-2023";610.96;352;"User_352";"Chennai";"Gold";500;"Restaurant_500";"Chinese"
723;"18-11-2023";787.1;1022;"User_1022";"Bangalore";"Regular";27;"Restaurant_27";"Italian"
724;"25-10-2023";233.72;2611;"User_2611";"Hyderabad";"Gold";222;"Restaurant_222";"Italian"
725;"21-12-2023";131.61;91;"User_91";"Chennai";"Regular";104;"Restaurant_104";"Chinese"
726;"07-06-2023";1443.82;1229;"User_1229";"Bangalore";"Regular";352;"Restaurant_352";"Italian"
727;"09-05-2023";643.27;2472;"User_2472";"Bangalore";"Gold";228;"Restaurant_228";"Mexican"
728;"19-10-2023";1244.61;2700;"User_2700";"Chennai";"Gold";20;"Restaurant_20";"Indian"
729;"11-10-2023";1205.2;963;"User_963";"Chennai";"Gold";202;"Restaurant_202";"Indian"
730;"19-11-2023";1061.72;1274;"User_1274";"Chennai";"Gold";62;"Restaurant_62";"Indian"
731;"01-12-2023";416.96;807;"User_807";"Chennai";"Gold";352;"Restaurant_352";"Italian"
732;"23-06-2023";1214.07;2353;"User_2353";"Pune";"Regular";145;"Restaurant_145";"Italian"
733;"08-01-2023";1458.77;2752;"User_2752";"Bangalore";"Gold";2;"Restaurant_2";"Indian"
734;"31-10-2023";626.27;1375;"User_1375";"Pune";"Regular";485;"Restaurant_485";"Mexican"
735;"17-05-2023";1038.61;1252;"User_1252";"Chennai";"Regular";111;"Restaurant_111";"Mexican"
736;"07-03-2023";548.12;1935;"User_1935";"Bangalore";"Gold";68;"Restaurant_68";"Italian"
737;"30-01-2023";722.36;1956;"User_1956";"Bangalore";"Regular";226;"Restaurant_226";"Indian"
738;"23-05-2023";433.54;2387;"User_2387";"Pune";"Regular";42;"Restaurant_42";"Chinese"
739;"30-08-2023";1447.58;915;"User_915";"Hyderabad";"Gold";353;"Restaurant_353";"Indian"
740;"09-06-2023";1019.39;251;"User_251";"Pune";"Gold";261;"Restaurant_261";"Italian"
741;"09-01-2023";1271.78;935;"User_935";"Bangalore";"Regular";334;"Restaurant_334";"Indian"
742;"24-02-2023";962.34;2186;"User_2186";"Chennai";"Gold";19;"Restaurant_19";"Indian"
743;"08-02-2023";1102.19;2911;"User_2911";"Pune";"Regular";5;"Restaurant_5";"Chinese"
744;"31-05-2023";114.15;2607;"User_2607";"Hyderabad";"Gold";328;"Restaurant_328";"Mexican"
745;"06-05-2023";569.11;1010;"User_1010";"Hyderabad";"Regular";323;"Restaurant_323";"Mexican"
746;"23-06-2023";1129.22;2521;"User_2521";"Hyderabad";"Gold";372;"Restaurant_372";"Italian"
747;"02-11-2023";151.85;2124;"User_2124";"Hyderabad";"Gold";238;"Restaurant_238";"Chinese"
748;"14-04-2023";562.25;1931;"User_1931";"Bangalore";"Regular";5;"Restaurant_5";"Chinese"
749;"27-05-2023";1380.69;1766;"User_1766";"Hyderabad";"Regular";479;"Restaurant_479";"Indian"
750;"08-08-2023";1180.7;2706;"User_2706";"Hyderabad";"Regular";299;"Restaurant_299";"Mexican"
751;"31-08-2023";299.28;2807;"User_2807";"Pune";"Gold";466;"Restaurant_466";"Italian"
752;"09-04-2023";349.08;1781;"User_1781";"Hyderabad";"Gold";155;"Restaurant_155";"Mexican"
753;"25-08-2023";799.88;93;"User_93";"Bangalore";"Regular";386;"Restaurant_386";"Italian"
754;"31-12-2023";104.12;2856;"User_2856";"Hyderabad";"Regular";279;"Restaurant_279";"Italian"
755;"02-09-2023";770.87;1628;"User_1628";"Hyderabad";"Gold";287;"Restaurant_287";"Chinese"
756;"08-12-2023";1314.92;2560;"User_2560";"Pune";"Gold";109;"Restaurant_109";"Chinese"
757;"04-03-2023";555.58;1643;"User_1643";"Chennai";"Regular";404;"Restaurant_404";"Indian"
758;"30-09-2023";686.6;1100;"User_1100";"Pune";"Regular";407;"Restaurant_407";"Mexican"
759;"19-12-2023";972.35;978;"User_978";"Pune";"Regular";202;"Restaurant_202";"Indian"
760;"04-01-2023";832.03;1071;"User_1071";"Hyderabad";"Gold";183;"Restaurant_183";"Chinese"
761;"23-09-2023";194.03;1066;"User_1066";"Bangalore";"Regular";37;"Restaurant_37";"Mexican"
762;"21-10-2023";158.13;2335;"User_2335";"Hyderabad";"Gold";450;"Restaurant_450";"Mexican"
763;"08-07-2023";522.38;2981;"User_2981";"Chennai";"Gold";229;"Restaurant_229";"Italian"
764;"06-11-2023";233.78;1025;"User_1025";"Pune";"Gold";493;"Restaurant_493";"Mexican"
765;"14-05-2023";1313.52;983;"User_983";"Pune";"Regular";3;"Restaurant_3";"Mexican"
766;"14-10-2023";971.18;774;"User_774";"Bangalore";"Gold";111;"Restaurant_111";"Mexican"
767;"29-04-2023";833.45;868;"User_868";"Bangalore";"Gold";227;"Restaurant_227";"Italian"
768;"09-05-2023";201.92;1347;"User_1347";"Chennai";"Gold";279;"Restaurant_279";"Italian"
769;"12-11-2023";1465.24;2033;"User_2033";"Chennai";"Gold";181;"Restaurant_181";"Indian"
770;"07-12-2023";452.62;850;"User_850";"Chennai";"Regular";79;"Restaurant_79";"Mexican"
771;"23-07-2023";979.22;1674;"User_1674";"Pune";"Regular";299;"Restaurant_299";"Mexican"
772;"25-09-2023";1012.54;172;"User_172";"Chennai";"Gold";202;"Restaurant_202";"Indian"
773;"05-12-2023";1264.71;305;"User_305";"Chennai";"Regular";487;"Restaurant_487";"Chinese"
774;"17-03-2023";1363.91;2465;"User_2465";"Hyderabad";"Gold";463;"Restaurant_463";"Chinese"
775;"15-10-2023";1013.52;1635;"User_1635";"Bangalore";"Gold";88;"Restaurant_88";"Indian"
776;"31-07-2023";1489.76;1989;"User_1989";"Bangalore";"Regular";299;"Restaurant_299";"Mexican"
777;"19-03-2023";1405.14;364;"User_364";"Chennai";"Gold";239;"Restaurant_239";"Indian"
778;"21-07-2023";372.83;562;"User_562";"Bangalore";"Gold";134;"Restaurant_134";"Mexican"
779;"03-11-2023";1230.21;2679;"User_2679";"Pune";"Gold";319;"Restaurant_319";"Indian"
780;"30-09-2023";342.14;67;"User_67";"Chennai";"Regular";291;"Restaurant_291";"Mexican"
781;"10-08-2023";1211.11;523;"User_523";"Chennai";"Regular";234;"Restaurant_234";"Chinese"
782;"27-06-2023";118.74;439;"User_439";"Pune";"Gold";308;"Restaurant_308";"Italian"
783;"30-04-2023";740.33;68;"User_68";"Pune";"Gold";273;"Restaurant_273";"Indian"
784;"29-03-2023";153.77;1374;"User_1374";"Chennai";"Regular";184;"Restaurant_184";"Mexican"
785;"02-11-2023";1123.59;2872;"User_2872";"Pune";"Gold";349;"Restaurant_349";"Indian"
786;"28-03-2023";268.67;122;"User_122";"Pune";"Gold";271;"Restaurant_271";"Chinese"
787;"24-04-2023";688.87;2261;"User_2261";"Bangalore";"Gold";252;"Restaurant_252";"Indian"
788;"19-12-2023";925.2;1218;"User_1218";"Hyderabad";"Gold";108;"Restaurant_108";"Chinese"
789;"29-07-2023";175.68;749;"User_749";"Bangalore";"Regular";368;"Restaurant_368";"Indian"
790;"13-10-2023";1371.53;2540;"User_2540";"Pune";"Regular";65;"Restaurant_65";"Mexican"
791;"01-08-2023";853.43;2296;"User_2296";"Hyderabad";"Gold";340;"Restaurant_340";"Chinese"
792;"24-08-2023";1134.89;1207;"User_1207";"Chennai";"Regular";358;"Restaurant_358";"Indian"
793;"29-04-2023";1333.64;2537;"User_2537";"Hyderabad";"Gold";232;"Restaurant_232";"Mexican"
794;"08-07-2023";1492.36;1201;"User_1201";"Bangalore";"Gold";90;"Restaurant_90";"Italian"
795;"30-10-2023";642.91;2488;"User_2488";"Hyderabad";"Regular";166;"Restaurant_166";"Chinese"
796;"02-05-2023";168.35;84;"User_84";"Hyderabad";"Regular";115;"Restaurant_115";"Chinese"
797;"04-08-2023";762.58;2786;"User_2786";"Bangalore";"Regular";461;"Restaurant_461";"Italian"
798;"15-03-2023";974.33;1425;"User_1425";"Pune";"Regular";383;"Restaurant_383";"Indian"
799;"16-03-2023";213.51;1679;"User_1679";"Pune";"Gold";340;"Restaurant_340";"Chinese"
800;"27-08-2023";1468.96;1411;"User_1411";"Chennai";"Regular";269;"Restaurant_269";"Indian"
801;"28-07-2023";717.22;2943;"User_2943";"Pune";"Regular";224;"Restaurant_224";"Chinese"
802;"25-04-2023";429.03;1470;"User_1470";"Pune";"Regular";259;"Restaurant_259";"Mexican"
803;"11-11-2023";1391.87;1660;"User_1660";"Bangalore";"Regular";406;"Restaurant_406";"Chinese"
804;"02-09-2023";785.36;1009;"User_1009";"Pune";"Regular";325;"Restaurant_325";"Italian"
805;"13-03-2023";1424.82;956;"User_956";"Chennai";"Gold";125;"Restaurant_125";"Chinese"
806;"18-08-2023";1095.24;2109;"User_2109";"Bangalore";"Gold";260;"Restaurant_260";"Indian"
807;"09-05-2023";1002.72;1692;"User_1692";"Hyderabad";"Regular";389;"Restaurant_389";"Italian"
808;"25-09-2023";916.34;1649;"User_1649";"Chennai";"Gold";368;"Restaurant_368";"Indian"
809;"19-09-2023";284.13;2682;"User_2682";"Chennai";"Gold";57;"Restaurant_57";"Mexican"
810;"03-03-2023";302.58;663;"User_663";"Hyderabad";"Regular";321;"Restaurant_321";"Chinese"
811;"25-03-2023";845.24;831;"User_831";"Pune";"Regular";171;"Restaurant_171";"Mexican"
812;"30-12-2023";869.14;1195;"User_1195";"Chennai";"Gold";363;"Restaurant_363";"Italian"
813;"02-05-2023";1475.81;16;"User_16";"Chennai";"Gold";397;"Restaurant_397";"Indian"
814;"04-12-2023";518.3;607;"User_607";"Hyderabad";"Regular";45;"Restaurant_45";"Mexican"
815;"08-07-2023";368.86;1869;"User_1869";"Pune";"Regular";186;"Restaurant_186";"Indian"
816;"18-03-2023";623.38;2308;"User_2308";"Chennai";"Regular";392;"Restaurant_392";"Italian"
817;"02-08-2023";421.23;474;"User_474";"Chennai";"Regular";132;"Restaurant_132";"Indian"
818;"27-01-2023";398.98;1638;"User_1638";"Chennai";"Regular";200;"Restaurant_200";"Chinese"
819;"08-01-2023";1381.03;496;"User_496";"Chennai";"Regular";133;"Restaurant_133";"Italian"
820;"22-11-2023";527.55;2973;"User_2973";"Hyderabad";"Gold";381;"Restaurant_381";"Italian"
821;"05-12-2023";1076.76;1531;"User_1531";"Bangalore";"Gold";237;"Restaurant_237";"Italian"
822;"01-01-2024";123.1;1621;"User_1621";"Hyderabad";"Gold";474;"Restaurant_474";"Mexican"
823;"06-02-2023";1159.87;2147;"User_2147";"Bangalore";"Regular";415;"Restaurant_415";"Indian"
824;"14-08-2023";309.56;2892;"User_2892";"Hyderabad";"Gold";107;"Restaurant_107";"Mexican"
825;"14-02-2023";886.57;1374;"User_1374";"Chennai";"Regular";51;"Restaurant_51";"Italian"
826;"14-01-2023";985.6;2714;"User_2714";"Chennai";"Regular";385;"Restaurant_385";"Chinese"
827;"19-12-2023";623.04;1637;"User_1637";"Hyderabad";"Gold";254;"Restaurant_254";"Indian"
828;"26-12-2023";677.1;1090;"User_1090";"Pune";"Regular";373;"Restaurant_373";"Indian"
829;"02-11-2023";123.37;2543;"User_2543";"Pune";"Regular";343;"Restaurant_343";"Mexican"
830;"11-07-2023";1272.08;2362;"User_2362";"Chennai";"Regular";62;"Restaurant_62";"Indian"
831;"03-04-2023";815.88;1143;"User_1143";"Pune";"Regular";440;"Restaurant_440";"Mexican"
832;"31-05-2023";1071.58;655;"User_655";"Bangalore";"Gold";498;"Restaurant_498";"Chinese"
833;"19-02-2023";1352.35;1516;"User_1516";"Pune";"Gold";14;"Restaurant_14";"Indian"
834;"29-10-2023";1115.32;2233;"User_2233";"Hyderabad";"Regular";90;"Restaurant_90";"Italian"
835;"07-06-2023";1149.22;1455;"User_1455";"Hyderabad";"Gold";399;"Restaurant_399";"Chinese"
836;"21-09-2023";1178.42;1733;"User_1733";"Pune";"Regular";116;"Restaurant_116";"Chinese"
837;"10-05-2023";1491.45;1961;"User_1961";"Pune";"Regular";431;"Restaurant_431";"Mexican"
838;"05-08-2023";1251.39;1765;"User_1765";"Hyderabad";"Regular";207;"Restaurant_207";"Italian"
839;"27-03-2023";1132.89;369;"User_369";"Bangalore";"Gold";284;"Restaurant_284";"Indian"
840;"18-02-2023";399.62;1598;"User_1598";"Bangalore";"Gold";418;"Restaurant_418";"Chinese"
841;"02-01-2023";1487.2;256;"User_256";"Bangalore";"Regular";59;"Restaurant_59";"Chinese"
842;"11-07-2023";898.4;904;"User_904";"Chennai";"Gold";37;"Restaurant_37";"Mexican"
843;"09-05-2023";1346.05;267;"User_267";"Hyderabad";"Regular";359;"Restaurant_359";"Mexican"
844;"23-11-2023";1115.61;146;"User_146";"Bangalore";"Regular";435;"Restaurant_435";"Italian"
845;"15-06-2023";926.46;1337;"User_1337";"Bangalore";"Regular";114;"Restaurant_114";"Indian"
846;"30-09-2023";1274.85;1637;"User_1637";"Hyderabad";"Gold";436;"Restaurant_436";"Mexican"
847;"20-04-2023";182.33;1444;"User_1444";"Bangalore";"Gold";266;"Restaurant_266";"Italian"
848;"26-08-2023";184.01;2716;"User_2716";"Pune";"Regular";133;"Restaurant_133";"Italian"
849;"08-06-2023";711.08;2236;"User_2236";"Hyderabad";"Regular";306;"Restaurant_306";"Chinese"
850;"16-12-2023";280.24;1187;"User_1187";"Chennai";"Gold";254;"Restaurant_254";"Indian"
851;"10-04-2023";531.67;1747;"User_1747";"Hyderabad";"Gold";446;"Restaurant_446";"Indian"
852;"24-11-2023";1198.14;1515;"User_1515";"Bangalore";"Regular";52;"Restaurant_52";"Mexican"
853;"14-09-2023";1231.05;2484;"User_2484";"Chennai";"Regular";352;"Restaurant_352";"Italian"
854;"13-02-2023";754.4;2840;"User_2840";"Bangalore";"Gold";295;"Restaurant_295";"Chinese"
855;"18-04-2023";1053.78;2170;"User_2170";"Bangalore";"Regular";195;"Restaurant_195";"Indian"
856;"01-09-2023";1472.05;1239;"User_1239";"Bangalore";"Regular";173;"Restaurant_173";"Chinese"
857;"24-07-2023";816.07;208;"User_208";"Bangalore";"Regular";188;"Restaurant_188";"Chinese"
858;"11-02-2023";1435.84;2681;"User_2681";"Chennai";"Gold";289;"Restaurant_289";"Italian"
859;"19-03-2023";1404.37;185;"User_185";"Hyderabad";"Gold";132;"Restaurant_132";"Indian"
860;"04-07-2023";1293.97;1675;"User_1675";"Hyderabad";"Regular";473;"Restaurant_473";"Italian"
861;"07-06-2023";104.25;255;"User_255";"Chennai";"Gold";442;"Restaurant_442";"Italian"
862;"05-05-2023";385.96;2809;"User_2809";"Chennai";"Regular";426;"Restaurant_426";"Chinese"
863;"11-06-2023";750.02;1140;"User_1140";"Hyderabad";"Regular";34;"Restaurant_34";"Chinese"
864;"07-03-2023";274.03;146;"User_146";"Bangalore";"Regular";449;"Restaurant_449";"Indian"
865;"23-08-2023";987.28;2207;"User_2207";"Chennai";"Gold";159;"Restaurant_159";"Mexican"
866;"12-05-2023";426.19;1596;"User_1596";"Pune";"Gold";469;"Restaurant_469";"Italian"
867;"03-12-2023";130.92;2066;"User_2066";"Chennai";"Regular";76;"Restaurant_76";"Italian"
868;"21-10-2023";606.11;803;"User_803";"Hyderabad";"Regular";374;"Restaurant_374";"Mexican"
869;"25-01-2023";154.79;1248;"User_1248";"Hyderabad";"Gold";142;"Restaurant_142";"Indian"
870;"30-06-2023";1345.69;2721;"User_2721";"Hyderabad";"Gold";271;"Restaurant_271";"Chinese"
871;"05-04-2023";350.92;2678;"User_2678";"Hyderabad";"Regular";204;"Restaurant_204";"Mexican"
872;"30-06-2023";536.65;1253;"User_1253";"Bangalore";"Regular";448;"Restaurant_448";"Mexican"
873;"05-03-2023";547.39;933;"User_933";"Hyderabad";"Regular";376;"Restaurant_376";"Indian"
874;"14-07-2023";484.88;1420;"User_1420";"Pune";"Gold";240;"Restaurant_240";"Indian"
875;"16-11-2023";1082.67;458;"User_458";"Bangalore";"Regular";146;"Restaurant_146";"Indian"
876;"08-07-2023";1143.66;1440;"User_1440";"Hyderabad";"Gold";323;"Restaurant_323";"Mexican"
877;"16-04-2023";1237.63;1409;"User_1409";"Bangalore";"Gold";105;"Restaurant_105";"Mexican"
878;"30-10-2023";422.6;2091;"User_2091";"Chennai";"Gold";264;"Restaurant_264";"Indian"
879;"31-10-2023";1214.33;1469;"User_1469";"Pune";"Gold";78;"Restaurant_78";"Indian"
880;"01-01-2023";504.12;2554;"User_2554";"Hyderabad";"Gold";137;"Restaurant_137";"Indian"
881;"29-03-2023";1064.51;2467;"User_2467";"Hyderabad";"Gold";226;"Restaurant_226";"Indian"
882;"30-05-2023";570.28;1790;"User_1790";"Pune";"Regular";183;"Restaurant_183";"Chinese"
883;"14-07-2023";495.16;1699;"User_1699";"Chennai";"Regular";372;"Restaurant_372";"Italian"
884;"30-05-2023";331.5;2261;"User_2261";"Bangalore";"Gold";14;"Restaurant_14";"Indian"
885;"16-07-2023";1404.55;1353;"User_1353";"Chennai";"Gold";419;"Restaurant_419";"Chinese"
886;"18-03-2023";1100.4;2869;"User_2869";"Bangalore";"Regular";126;"Restaurant_126";"Italian"
887;"10-09-2023";306.6;683;"User_683";"Hyderabad";"Regular";19;"Restaurant_19";"Indian"
888;"06-03-2023";682.68;1902;"User_1902";"Pune";"Gold";224;"Restaurant_224";"Chinese"
889;"13-04-2023";469.99;1173;"User_1173";"Hyderabad";"Regular";430;"Restaurant_430";"Mexican"
890;"15-09-2023";420.22;2822;"User_2822";"Bangalore";"Regular";393;"Restaurant_393";"Italian"
891;"30-11-2023";1153.06;729;"User_729";"Bangalore";"Regular";412;"Restaurant_412";"Mexican"
892;"10-03-2023";1375.16;2870;"User_2870";"Bangalore";"Regular";341;"Restaurant_341";"Chinese"
893;"07-08-2023";1495.16;838;"User_838";"Bangalore";"Gold";38;"Restaurant_38";"Italian"
894;"06-04-2023";125.51;501;"User_501";"Bangalore";"Gold";424;"Restaurant_424";"Indian"
895;"17-03-2023";332.24;1755;"User_1755";"Hyderabad";"Regular";176;"Restaurant_176";"Italian"
896;"26-10-2023";720.88;1141;"User_1141";"Pune";"Gold";250;"Restaurant_250";"Mexican"
897;"07-10-2023";960.17;2038;"User_2038";"Chennai";"Regular";228;"Restaurant_228";"Mexican"
898;"04-01-2023";979.9;1862;"User_1862";"Pune";"Gold";325;"Restaurant_325";"Italian"
899;"14-05-2023";1484.69;1787;"User_1787";"Bangalore";"Regular";25;"Restaurant_25";"Chinese"
900;"25-12-2023";1201.32;2088;"User_2088";"Hyderabad";"Regular";48;"Restaurant_48";"Mexican"
901;"05-08-2023";1307.07;2470;"User_2470";"Hyderabad";"Regular";237;"Restaurant_237";"Italian"
902;"26-02-2023";1089.42;785;"User_785";"Chennai";"Gold";43;"Restaurant_43";"Chinese"
903;"01-07-2023";1400.31;553;"User_553";"Pune";"Gold";135;"Restaurant_135";"Indian"
904;"15-08-2023";271.69;454;"User_454";"Bangalore";"Gold";142;"Restaurant_142";"Indian"
905;"14-10-2023";1001.59;2179;"User_2179";"Pune";"Regular";184;"Restaurant_184";"Mexican"
906;"29-03-2023";1058.72;522;"User_522";"Bangalore";"Gold";426;"Restaurant_426";"Chinese"
907;"01-05-2023";849.1;1199;"User_1199";"Pune";"Gold";123;"Restaurant_123";"Chinese"
908;"19-11-2023";238.63;1900;"User_1900";"Bangalore";"Gold";119;"Restaurant_119";"Chinese"
909;"13-03-2023";151.5;534;"User_534";"Bangalore";"Gold";117;"Restaurant_117";"Indian"
910;"04-02-2023";413.29;2025;"User_2025";"Chennai";"Regular";465;"Restaurant_465";"Italian"
911;"21-02-2023";1405.77;2320;"User_2320";"Hyderabad";"Gold";236;"Restaurant_236";"Italian"
912;"25-11-2023";731.92;1375;"User_1375";"Pune";"Regular";144;"Restaurant_144";"Chinese"
913;"10-05-2023";1116.82;1869;"User_1869";"Pune";"Regular";229;"Restaurant_229";"Italian"
914;"29-12-2023";797.04;2189;"User_2189";"Bangalore";"Regular";8;"Restaurant_8";"Indian"
915;"28-10-2023";688.35;1256;"User_1256";"Pune";"Regular";273;"Restaurant_273";"Indian"
916;"09-05-2023";681.94;2275;"User_2275";"Bangalore";"Gold";457;"Restaurant_457";"Indian"
917;"12-01-2023";1305.3;607;"User_607";"Hyderabad";"Regular";65;"Restaurant_65";"Mexican"
918;"24-06-2023";1057.69;1053;"User_1053";"Hyderabad";"Regular";16;"Restaurant_16";"Indian"
919;"19-04-2023";549.11;495;"User_495";"Pune";"Gold";138;"Restaurant_138";"Indian"
920;"28-09-2023";107.68;710;"User_710";"Hyderabad";"Regular";490;"Restaurant_490";"Italian"
921;"25-12-2023";329.66;1649;"User_1649";"Chennai";"Gold";197;"Restaurant_197";"Mexican"
922;"16-01-2023";1130.71;189;"User_189";"Bangalore";"Gold";324;"Restaurant_324";"Mexican"
923;"01-03-2023";1010.34;1736;"User_1736";"Pune";"Regular";369;"Restaurant_369";"Italian"
924;"12-07-2023";244.68;2960;"User_2960";"Pune";"Gold";418;"Restaurant_418";"Chinese"
925;"26-03-2023";972.27;2453;"User_2453";"Pune";"Regular";41;"Restaurant_41";"Mexican"
926;"26-04-2023";207.42;1748;"User_1748";"Bangalore";"Gold";67;"Restaurant_67";"Mexican"
927;"24-05-2023";509.97;596;"User_596";"Bangalore";"Gold";308;"Restaurant_308";"Italian"
928;"01-08-2023";587.91;2612;"User_2612";"Hyderabad";"Regular";205;"Restaurant_205";"Italian"
929;"16-06-2023";660.85;1661;"User_1661";"Chennai";"Gold";350;"Restaurant_350";"Mexican"
930;"03-11-2023";841.31;453;"User_453";"Hyderabad";"Regular";128;"Restaurant_128";"Indian"
931;"02-11-2023";245.96;1410;"User_1410";"Hyderabad";"Regular";43;"Restaurant_43";"Chinese"
932;"22-05-2023";1343.2;2397;"User_2397";"Chennai";"Regular";376;"Restaurant_376";"Indian"
933;"16-12-2023";312.25;318;"User_318";"Pune";"Regular";44;"Restaurant_44";"Indian"
934;"09-09-2023";748.16;2557;"User_2557";"Chennai";"Gold";31;"Restaurant_31";"Mexican"
935;"09-06-2023";1372.21;2003;"User_2003";"Chennai";"Regular";500;"Restaurant_500";"Chinese"
936;"16-07-2023";1265.74;2006;"User_2006";"Pune";"Regular";455;"Restaurant_455";"Chinese"
937;"31-01-2023";882.31;1832;"User_1832";"Chennai";"Gold";368;"Restaurant_368";"Indian"
938;"27-06-2023";1122.39;1991;"User_1991";"Pune";"Regular";24;"Restaurant_24";"Mexican"
939;"01-10-2023";1242.63;2147;"User_2147";"Bangalore";"Regular";185;"Restaurant_185";"Mexican"
940;"03-06-2023";335.76;2255;"User_2255";"Chennai";"Gold";302;"Restaurant_302";"Mexican"
941;"04-07-2023";1094.48;2825;"User_2825";"Bangalore";"Regular";7;"Restaurant_7";"Italian"
942;"17-06-2023";226.51;2990;"User_2990";"Bangalore";"Gold";115;"Restaurant_115";"Chinese"
943;"26-11-2023";752.85;2947;"User_2947";"Pune";"Regular";458;"Restaurant_458";"Italian"
944;"08-02-2023";132.81;2475;"User_2475";"Pune";"Gold";449;"Restaurant_449";"Indian"
945;"15-03-2023";589.06;2796;"User_2796";"Bangalore";"Gold";257;"Restaurant_257";"Italian"
946;"17-05-2023";872.52;2953;"User_2953";"Bangalore";"Regular";3;"Restaurant_3";"Mexican"
947;"01-10-2023";162.1;775;"User_775";"Chennai";"Regular";463;"Restaurant_463";"Chinese"
948;"10-09-2023";735.78;1909;"User_1909";"Bangalore";"Regular";81;"Restaurant_81";"Chinese"
949;"29-03-2023";772.75;2907;"User_2907";"Hyderabad";"Regular";402;"Restaurant_402";"Mexican"
950;"02-08-2023";822.15;358;"User_358";"Bangalore";"Gold";392;"Restaurant_392";"Italian"
951;"07-03-2023";1122.23;2189;"User_2189";"Bangalore";"Regular";357;"Restaurant_357";"Italian"
952;"15-03-2023";138.38;286;"User_286";"Pune";"Gold";347;"Restaurant_347";"Chinese"
953;"18-02-2023";939.29;435;"User_435";"Hyderabad";"Gold";122;"Restaurant_122";"Indian"
954;"13-09-2023";666.29;1956;"User_1956";"Bangalore";"Regular";304;"Restaurant_304";"Italian"
955;"29-10-2023";1422.21;2323;"User_2323";"Bangalore";"Gold";102;"Restaurant_102";"Italian"
956;"22-02-2023";355.68;2313;"User_2313";"Chennai";"Regular";330;"Restaurant_330";"Italian"
957;"14-09-2023";332.44;2874;"User_2874";"Hyderabad";"Regular";418;"Restaurant_418";"Chinese"
958;"10-03-2023";598.14;1977;"User_1977";"Pune";"Gold";164;"Restaurant_164";"Italian"
959;"22-04-2023";694.14;1909;"User_1909";"Bangalore";"Regular";68;"Restaurant_68";"Italian"
960;"12-12-2023";1167.83;445;"User_445";"Chennai";"Regular";372;"Restaurant_372";"Italian"
961;"09-06-2023";864.12;1788;"User_1788";"Pune";"Gold";174;"Restaurant_174";"Mexican"
962;"11-03-2023";527.01;869;"User_869";"Chennai";"Regular";263;"Restaurant_263";"Indian"
963;"15-08-2023";793.66;116;"User_116";"Hyderabad";"Gold";24;"Restaurant_24";"Mexican"
964;"01-04-2023";1315.57;1541;"User_1541";"Chennai";"Regular";390;"Restaurant_390";"Mexican"
965;"21-01-2023";886.47;1447;"User_1447";"Bangalore";"Regular";485;"Restaurant_485";"Mexican"
966;"28-05-2023";171.13;147;"User_147";"Hyderabad";"Gold";287;"Restaurant_287";"Chinese"
967;"20-02-2023";868.86;307;"User_307";"Bangalore";"Regular";274;"Restaurant_274";"Mexican"
968;"20-10-2023";1241.54;1601;"User_1601";"Bangalore";"Regular";214;"Restaurant_214";"Chinese"
969;"01-10-2023";1066.12;116;"User_116";"Hyderabad";"Gold";287;"Restaurant_287";"Chinese"
970;"16-12-2023";989.38;2401;"User_2401";"Bangalore";"Gold";73;"Restaurant_73";"Mexican"
971;"25-11-2023";352.88;2235;"User_2235";"Chennai";"Gold";482;"Restaurant_482";"Chinese"
972;"09-02-2023";210.64;1487;"User_1487";"Bangalore";"Gold";179;"Restaurant_179";"Italian"
973;"28-04-2023";800.99;1256;"User_1256";"Pune";"Regular";34;"Restaurant_34";"Chinese"
974;"23-03-2023";1046.19;2942;"User_2942";"Bangalore";"Regular";225;"Restaurant_225";"Italian"
975;"22-06-2023";154.81;1077;"User_1077";"Chennai";"Regular";133;"Restaurant_133";"Italian"
976;"08-10-2023";402.24;1354;"User_1354";"Bangalore";"Regular";297;"Restaurant_297";"Italian"
977;"11-07-2023";564.95;2471;"User_2471";"Pune";"Gold";26;"Restaurant_26";"Chinese"
978;"24-06-2023";871.94;1584;"User_1584";"Bangalore";"Regular";308;"Restaurant_308";"Italian"
979;"26-02-2023";1007.03;2143;"User_2143";"Hyderabad";"Regular";287;"Restaurant_287";"Chinese"
980;"26-03-2023";1118.18;1215;"User_1215";"Pune";"Regular";149;"Restaurant_149";"Mexican"
981;"23-04-2023";1257.98;932;"User_932";"Hyderabad";"Regular";134;"Restaurant_134";"Mexican"
982;"10-12-2023";1372.33;1254;"User_1254";"Chennai";"Gold";489;"Restaurant_489";"Italian"
983;"21-09-2023";697.82;1982;"User_1982";"Chennai";"Gold";54;"Restaurant_54";"Italian"
984;"24-12-2023";787.08;2064;"User_2064";"Hyderabad";"Regular";451;"Restaurant_451";"Chinese"
985;"25-07-2023";422.28;1027;"User_1027";"Chennai";"Gold";90;"Restaurant_90";"Italian"
986;"11-04-2023";1498.35;2123;"User_2123";"Bangalore";"Regular";393;"Restaurant_393";"Italian"
987;"29-09-2023";460.46;602;"User_602";"Pune";"Regular";276;"Restaurant_276";"Italian"
988;"12-11-2023";565.32;1078;"User_1078";"Hyderabad";"Gold";417;"Restaurant_417";"Mexican"
989;"17-04-2023";1303.24;2864;"User_2864";"Chennai";"Gold";410;"Restaurant_410";"Italian"
990;"09-03-2023";246.47;1796;"User_1796";"Chennai";"Regular";367;"Restaurant_367";"Indian"
991;"21-02-2023";1106.34;2496;"User_2496";"Chennai";"Gold";214;"Restaurant_214";"Chinese"
992;"30-12-2023";805.67;1800;"User_1800";"Bangalore";"Regular";206;"Restaurant_206";"Mexican"
993;"14-01-2023";1350.09;1753;"User_1753";"Hyderabad";"Gold";225;"Restaurant_225";"Italian"
994;"10-09-2023";1385.57;2273;"User_2273";"Bangalore";"Regular";424;"Restaurant_424";"Indian"
995;"21-07-2023";1197.81;2930;"User_2930";"Bangalore";"Regular";416;"Restaurant_416";"Chinese"
996;"06-09-2023";881.33;937;"User_937";"Chennai";"Gold";253;"Restaurant_253";"Italian"
997;"08-03-2023";631.57;884;"User_884";"Pune";"Gold";483;"Restaurant_483";"Chinese"
998;"16-11-2023";733.55;2586;"User_2586";"Hyderabad";"Regular";162;"Restaurant_162";"Italian"
999;"08-10-2023";1094.09;550;"User_550";"Chennai";"Gold";260;"Restaurant_260";"Indian"
1000;"02-03-2023";1062.38;2422;"User_2422";"Chennai";"Regular";35;"Restaurant_35";"Chinese"
1001;"05-10-2023";711.68;454;"User_454";"Bangalore";"Gold";101;"Restaurant_101";"Mexican"
1002;"10-11-2023";913.82;2105;"User_2105";"Chennai";"Regular";188;"Restaurant_188";"Chinese"
1003;"16-07-2023";853.02;2487;"User_2487";"Hyderabad";"Gold";222;"Restaurant_222";"Italian"
1004;"08-01-2023";1292.83;2737;"User_2737";"Hyderabad";"Regular";295;"Restaurant_295";"Chinese"
1005;"08-01-2023";423.73;1194;"User_1194";"Chennai";"Regular";170;"Restaurant_170";"Mexican"
1006;"23-06-2023";756.75;2566;"User_2566";"Bangalore";"Gold";127;"Restaurant_127";"Chinese"
1007;"15-03-2023";811.45;692;"User_692";"Hyderabad";"Gold";452;"Restaurant_452";"Chinese"
1008;"26-02-2023";899.25;1058;"User_1058";"Hyderabad";"Regular";117;"Restaurant_117";"Indian"
1009;"26-08-2023";242.29;293;"User_293";"Bangalore";"Gold";379;"Restaurant_379";"Mexican"
1010;"21-03-2023";520.55;1934;"User_1934";"Hyderabad";"Regular";343;"Restaurant_343";"Mexican"
1011;"24-08-2023";821.65;2078;"User_2078";"Bangalore";"Gold";351;"Restaurant_351";"Mexican"
1012;"14-04-2023";653.38;2676;"User_2676";"Hyderabad";"Gold";498;"Restaurant_498";"Chinese"
1013;"16-11-2023";1448.81;1403;"User_1403";"Hyderabad";"Gold";120;"Restaurant_120";"Italian"
1014;"04-12-2023";887.12;2263;"User_2263";"Hyderabad";"Gold";169;"Restaurant_169";"Italian"
1015;"03-08-2023";966.27;420;"User_420";"Pune";"Regular";145;"Restaurant_145";"Italian"
1016;"08-12-2023";484.74;2634;"User_2634";"Chennai";"Regular";409;"Restaurant_409";"Mexican"
1017;"02-10-2023";138.04;1496;"User_1496";"Chennai";"Regular";222;"Restaurant_222";"Italian"
1018;"16-08-2023";1017.69;490;"User_490";"Bangalore";"Gold";415;"Restaurant_415";"Indian"
1019;"08-03-2023";216.41;2269;"User_2269";"Hyderabad";"Regular";58;"Restaurant_58";"Indian"
1020;"26-09-2023";487.55;2659;"User_2659";"Hyderabad";"Gold";38;"Restaurant_38";"Italian"
1021;"03-07-2023";863.42;2980;"User_2980";"Pune";"Gold";158;"Restaurant_158";"Indian"
1022;"18-05-2023";716.09;1777;"User_1777";"Bangalore";"Gold";199;"Restaurant_199";"Italian"
1023;"28-12-2023";518.71;111;"User_111";"Bangalore";"Regular";161;"Restaurant_161";"Mexican"
1024;"21-05-2023";480.53;1524;"User_1524";"Chennai";"Regular";405;"Restaurant_405";"Indian"
1025;"22-01-2023";538.48;1629;"User_1629";"Bangalore";"Regular";274;"Restaurant_274";"Mexican"
1026;"27-02-2023";1443.08;2297;"User_2297";"Bangalore";"Gold";368;"Restaurant_368";"Indian"
1027;"28-01-2023";1023.0;2254;"User_2254";"Chennai";"Regular";351;"Restaurant_351";"Mexican"
1028;"21-12-2023";1057.47;272;"User_272";"Pune";"Regular";68;"Restaurant_68";"Italian"
1029;"29-07-2023";684.06;1014;"User_1014";"Pune";"Gold";306;"Restaurant_306";"Chinese"
1030;"03-07-2023";1187.18;2487;"User_2487";"Hyderabad";"Gold";298;"Restaurant_298";"Mexican"
1031;"17-09-2023";1222.95;1151;"User_1151";"Hyderabad";"Gold";195;"Restaurant_195";"Indian"
1032;"05-10-2023";438.43;488;"User_488";"Pune";"Gold";311;"Restaurant_311";"Italian"
1033;"26-01-2023";699.89;1790;"User_1790";"Pune";"Regular";104;"Restaurant_104";"Chinese"
1034;"23-07-2023";874.79;649;"User_649";"Pune";"Gold";99;"Restaurant_99";"Italian"
1035;"21-05-2023";432.63;1723;"User_1723";"Chennai";"Gold";305;"Restaurant_305";"Indian"
1036;"17-11-2023";727.32;2786;"User_2786";"Bangalore";"Regular";187;"Restaurant_187";"Chinese"
1037;"02-02-2023";245.44;1096;"User_1096";"Hyderabad";"Regular";213;"Restaurant_213";"Indian"
1038;"31-07-2023";442.88;1737;"User_1737";"Chennai";"Gold";478;"Restaurant_478";"Chinese"
1039;"05-11-2023";980.16;2075;"User_2075";"Hyderabad";"Gold";437;"Restaurant_437";"Indian"
1040;"03-11-2023";266.79;992;"User_992";"Bangalore";"Gold";86;"Restaurant_86";"Indian"
1041;"20-05-2023";1036.31;976;"User_976";"Bangalore";"Regular";265;"Restaurant_265";"Chinese"
1042;"02-11-2023";519.05;1506;"User_1506";"Pune";"Regular";138;"Restaurant_138";"Indian"
1043;"01-09-2023";801.04;730;"User_730";"Bangalore";"Regular";270;"Restaurant_270";"Mexican"
1044;"11-11-2023";1214.71;2637;"User_2637";"Hyderabad";"Regular";66;"Restaurant_66";"Italian"
1045;"17-12-2023";332.99;114;"User_114";"Bangalore";"Gold";435;"Restaurant_435";"Italian"
1046;"24-08-2023";624.82;859;"User_859";"Hyderabad";"Gold";55;"Restaurant_55";"Indian"
1047;"13-08-2023";225.64;263;"User_263";"Hyderabad";"Regular";164;"Restaurant_164";"Italian"
1048;"17-03-2023";1070.92;2591;"User_2591";"Pune";"Regular";208;"Restaurant_208";"Mexican"
1049;"13-12-2023";1039.61;1711;"User_1711";"Chennai";"Regular";152;"Restaurant_152";"Indian"
1050;"03-05-2023";365.96;2359;"User_2359";"Hyderabad";"Regular";256;"Restaurant_256";"Italian"
1051;"07-01-2023";706.39;444;"User_444";"Pune";"Gold";468;"Restaurant_468";"Chinese"
1052;"06-12-2023";965.12;187;"User_187";"Chennai";"Gold";402;"Restaurant_402";"Mexican"
1053;"02-02-2023";742.1;94;"User_94";"Chennai";"Regular";102;"Restaurant_102";"Italian"
1054;"14-08-2023";429.38;27;"User_27";"Pune";"Gold";335;"Restaurant_335";"Italian"
1055;"25-08-2023";1398.21;710;"User_710";"Hyderabad";"Regular";143;"Restaurant_143";"Chinese"
1056;"25-11-2023";1367.32;1893;"User_1893";"Hyderabad";"Regular";378;"Restaurant_378";"Italian"
1057;"02-04-2023";587.96;1620;"User_1620";"Pune";"Gold";280;"Restaurant_280";"Chinese"
1058;"17-07-2023";1135.58;492;"User_492";"Bangalore";"Regular";31;"Restaurant_31";"Mexican"
1059;"20-07-2023";1420.83;619;"User_619";"Bangalore";"Gold";216;"Restaurant_216";"Italian"
1060;"19-03-2023";705.79;1716;"User_1716";"Pune";"Regular";231;"Restaurant_231";"Indian"
1061;"02-03-2023";571.48;233;"User_233";"Bangalore";"Gold";27;"Restaurant_27";"Italian"
1062;"23-10-2023";467.32;373;"User_373";"Hyderabad";"Regular";341;"Restaurant_341";"Chinese"
1063;"23-08-2023";1167.36;1551;"User_1551";"Chennai";"Gold";493;"Restaurant_493";"Mexican"
1064;"18-02-2023";1362.46;496;"User_496";"Chennai";"Regular";151;"Restaurant_151";"Chinese"
1065;"12-09-2023";1396.19;1994;"User_1994";"Hyderabad";"Gold";48;"Restaurant_48";"Mexican"
1066;"14-01-2023";1172.84;2530;"User_2530";"Bangalore";"Regular";301;"Restaurant_301";"Italian"
1067;"14-06-2023";607.03;2846;"User_2846";"Bangalore";"Gold";252;"Restaurant_252";"Indian"
1068;"01-04-2023";286.75;2797;"User_2797";"Hyderabad";"Gold";115;"Restaurant_115";"Chinese"
1069;"17-07-2023";445.39;1815;"User_1815";"Pune";"Gold";230;"Restaurant_230";"Chinese"
1070;"22-06-2023";361.24;1561;"User_1561";"Hyderabad";"Gold";458;"Restaurant_458";"Italian"
1071;"04-05-2023";654.61;2095;"User_2095";"Hyderabad";"Regular";344;"Restaurant_344";"Indian"
1072;"05-05-2023";615.18;2598;"User_2598";"Hyderabad";"Regular";228;"Restaurant_228";"Mexican"
1073;"03-09-2023";1064.24;920;"User_920";"Chennai";"Regular";87;"Restaurant_87";"Mexican"
1074;"08-07-2023";154.24;2589;"User_2589";"Bangalore";"Gold";127;"Restaurant_127";"Chinese"
1075;"29-09-2023";1165.33;2796;"User_2796";"Bangalore";"Gold";145;"Restaurant_145";"Italian"
1076;"14-08-2023";421.49;983;"User_983";"Pune";"Regular";58;"Restaurant_58";"Indian"
1077;"25-05-2023";251.37;1477;"User_1477";"Hyderabad";"Regular";229;"Restaurant_229";"Italian"
1078;"10-01-2023";1304.12;1259;"User_1259";"Hyderabad";"Gold";33;"Restaurant_33";"Italian"
1079;"26-02-2023";899.29;2870;"User_2870";"Bangalore";"Regular";94;"Restaurant_94";"Chinese"
1080;"22-05-2023";1129.34;2148;"User_2148";"Pune";"Regular";389;"Restaurant_389";"Italian"
1081;"25-12-2023";1139.76;1583;"User_1583";"Hyderabad";"Gold";238;"Restaurant_238";"Chinese"
1082;"29-06-2023";1423.95;1038;"User_1038";"Bangalore";"Regular";402;"Restaurant_402";"Mexican"
1083;"10-07-2023";1078.28;1580;"User_1580";"Pune";"Gold";304;"Restaurant_304";"Italian"
1084;"06-09-2023";520.44;2079;"User_2079";"Pune";"Regular";10;"Restaurant_10";"Chinese"
1085;"28-10-2023";1117.93;1227;"User_1227";"Hyderabad";"Gold";439;"Restaurant_439";"Mexican"
1086;"25-02-2023";415.89;252;"User_252";"Pune";"Regular";38;"Restaurant_38";"Italian"
1087;"13-03-2023";1175.67;449;"User_449";"Pune";"Regular";236;"Restaurant_236";"Italian"
1088;"11-08-2023";1445.96;1136;"User_1136";"Hyderabad";"Gold";454;"Restaurant_454";"Italian"
1089;"13-05-2023";288.58;894;"User_894";"Chennai";"Regular";34;"Restaurant_34";"Chinese"
1090;"29-11-2023";306.93;2456;"User_2456";"Bangalore";"Gold";82;"Restaurant_82";"Chinese"
1091;"02-12-2023";398.31;1899;"User_1899";"Chennai";"Gold";498;"Restaurant_498";"Chinese"
1092;"10-08-2023";1445.95;2152;"User_2152";"Chennai";"Gold";427;"Restaurant_427";"Indian"
1093;"14-09-2023";803.6;2442;"User_2442";"Hyderabad";"Regular";307;"Restaurant_307";"Mexican"
1094;"23-03-2023";412.95;169;"User_169";"Bangalore";"Gold";49;"Restaurant_49";"Italian"
1095;"04-05-2023";1313.18;2424;"User_2424";"Hyderabad";"Gold";134;"Restaurant_134";"Mexican"
1096;"03-06-2023";978.33;2243;"User_2243";"Bangalore";"Regular";470;"Restaurant_470";"Italian"
1097;"16-05-2023";1018.66;1475;"User_1475";"Bangalore";"Gold";152;"Restaurant_152";"Indian"
1098;"24-01-2023";1186.27;1020;"User_1020";"Hyderabad";"Regular";500;"Restaurant_500";"Chinese"
1099;"07-05-2023";1094.0;2815;"User_2815";"Chennai";"Regular";188;"Restaurant_188";"Chinese"
1100;"08-09-2023";646.38;729;"User_729";"Bangalore";"Regular";387;"Restaurant_387";"Mexican"
1101;"16-10-2023";184.57;901;"User_901";"Bangalore";"Regular";166;"Restaurant_166";"Chinese"
1102;"18-07-2023";451.11;1796;"User_1796";"Chennai";"Regular";279;"Restaurant_279";"Italian"
1103;"24-07-2023";833.65;141;"User_141";"Pune";"Gold";256;"Restaurant_256";"Italian"
1104;"03-12-2023";1140.84;2220;"User_2220";"Bangalore";"Regular";304;"Restaurant_304";"Italian"
1105;"29-03-2023";1346.12;2412;"User_2412";"Chennai";"Gold";253;"Restaurant_253";"Italian"
1106;"20-07-2023";612.9;135;"User_135";"Chennai";"Regular";293;"Restaurant_293";"Italian"
1107;"03-01-2023";464.87;179;"User_179";"Bangalore";"Regular";359;"Restaurant_359";"Mexican"
1108;"02-09-2023";1029.13;2229;"User_2229";"Hyderabad";"Regular";6;"Restaurant_6";"Chinese"
1109;"29-09-2023";906.27;2447;"User_2447";"Chennai";"Regular";314;"Restaurant_314";"Indian"
1110;"17-02-2023";836.63;2404;"User_2404";"Hyderabad";"Gold";284;"Restaurant_284";"Indian"
1111;"14-04-2023";1322.74;2878;"User_2878";"Bangalore";"Gold";75;"Restaurant_75";"Chinese"
1112;"31-07-2023";124.62;1429;"User_1429";"Chennai";"Gold";381;"Restaurant_381";"Italian"
1113;"09-06-2023";1044.39;2093;"User_2093";"Hyderabad";"Regular";382;"Restaurant_382";"Mexican"
1114;"29-05-2023";108.79;2161;"User_2161";"Chennai";"Gold";306;"Restaurant_306";"Chinese"
1115;"23-02-2023";680.79;919;"User_919";"Bangalore";"Gold";92;"Restaurant_92";"Mexican"
1116;"19-11-2023";1321.38;1079;"User_1079";"Bangalore";"Gold";374;"Restaurant_374";"Mexican"
1117;"15-08-2023";1418.5;2889;"User_2889";"Chennai";"Gold";179;"Restaurant_179";"Italian"
1118;"02-12-2023";467.46;347;"User_347";"Pune";"Gold";303;"Restaurant_303";"Mexican"
1119;"05-07-2023";739.67;81;"User_81";"Chennai";"Regular";406;"Restaurant_406";"Chinese"
1120;"12-07-2023";779.24;173;"User_173";"Bangalore";"Regular";275;"Restaurant_275";"Italian"
1121;"08-01-2023";441.91;913;"User_913";"Hyderabad";"Gold";473;"Restaurant_473";"Italian"
1122;"01-10-2023";297.95;2723;"User_2723";"Chennai";"Regular";304;"Restaurant_304";"Italian"
1123;"30-08-2023";188.51;930;"User_930";"Bangalore";"Regular";252;"Restaurant_252";"Indian"
1124;"22-02-2023";337.68;1201;"User_1201";"Bangalore";"Gold";224;"Restaurant_224";"Chinese"
1125;"11-12-2023";1420.38;739;"User_739";"Hyderabad";"Gold";465;"Restaurant_465";"Italian"
1126;"05-06-2023";238.27;2411;"User_2411";"Chennai";"Gold";485;"Restaurant_485";"Mexican"
1127;"03-10-2023";486.27;2136;"User_2136";"Hyderabad";"Regular";180;"Restaurant_180";"Chinese"
1128;"08-12-2023";994.19;1774;"User_1774";"Bangalore";"Regular";489;"Restaurant_489";"Italian"
1129;"15-08-2023";312.45;2710;"User_2710";"Bangalore";"Gold";403;"Restaurant_403";"Indian"
1130;"14-11-2023";681.13;1159;"User_1159";"Hyderabad";"Regular";299;"Restaurant_299";"Mexican"
1131;"02-08-2023";1134.17;1448;"User_1448";"Chennai";"Regular";440;"Restaurant_440";"Mexican"
1132;"26-08-2023";1415.71;1148;"User_1148";"Hyderabad";"Regular";166;"Restaurant_166";"Chinese"
1133;"10-01-2023";1156.75;151;"User_151";"Bangalore";"Regular";395;"Restaurant_395";"Mexican"
1134;"04-05-2023";1157.84;638;"User_638";"Hyderabad";"Regular";311;"Restaurant_311";"Italian"
1135;"15-11-2023";223.95;2236;"User_2236";"Hyderabad";"Regular";375;"Restaurant_375";"Chinese"
1136;"24-07-2023";816.78;1988;"User_1988";"Chennai";"Regular";144;"Restaurant_144";"Chinese"
1137;"18-11-2023";1346.93;496;"User_496";"Chennai";"Regular";15;"Restaurant_15";"Chinese"
1138;"02-08-2023";1226.09;1005;"User_1005";"Chennai";"Gold";101;"Restaurant_101";"Mexican"
1139;"02-11-2023";1188.85;110;"User_110";"Hyderabad";"Gold";305;"Restaurant_305";"Indian"
1140;"15-07-2023";694.92;719;"User_719";"Chennai";"Gold";142;"Restaurant_142";"Indian"
1141;"05-06-2023";1444.03;2802;"User_2802";"Hyderabad";"Gold";89;"Restaurant_89";"Indian"
1142;"20-05-2023";1464.96;1144;"User_1144";"Chennai";"Gold";456;"Restaurant_456";"Chinese"
1143;"14-09-2023";855.59;1768;"User_1768";"Chennai";"Regular";436;"Restaurant_436";"Mexican"
1144;"09-02-2023";135.34;99;"User_99";"Pune";"Regular";208;"Restaurant_208";"Mexican"
1145;"21-01-2023";764.35;2134;"User_2134";"Hyderabad";"Regular";93;"Restaurant_93";"Chinese"
1146;"03-02-2023";1482.01;883;"User_883";"Pune";"Gold";300;"Restaurant_300";"Italian"
1147;"21-07-2023";732.84;2013;"User_2013";"Pune";"Gold";75;"Restaurant_75";"Chinese"
1148;"12-09-2023";1001.39;397;"User_397";"Pune";"Regular";452;"Restaurant_452";"Chinese"
1149;"21-07-2023";962.96;2226;"User_2226";"Hyderabad";"Regular";467;"Restaurant_467";"Italian"
1150;"01-11-2023";1070.74;1337;"User_1337";"Bangalore";"Regular";296;"Restaurant_296";"Italian"
1151;"06-10-2023";1419.55;911;"User_911";"Chennai";"Regular";156;"Restaurant_156";"Italian"
1152;"04-09-2023";333.73;1592;"User_1592";"Hyderabad";"Gold";138;"Restaurant_138";"Indian"
1153;"20-05-2023";867.76;135;"User_135";"Chennai";"Regular";267;"Restaurant_267";"Chinese"
1154;"17-12-2023";304.12;1136;"User_1136";"Hyderabad";"Gold";349;"Restaurant_349";"Indian"
1155;"05-08-2023";460.18;1633;"User_1633";"Chennai";"Gold";139;"Restaurant_139";"Mexican"
1156;"24-05-2023";496.77;943;"User_943";"Chennai";"Regular";314;"Restaurant_314";"Indian"
1157;"18-06-2023";360.69;611;"User_611";"Pune";"Gold";39;"Restaurant_39";"Indian"
1158;"06-01-2023";1120.78;1796;"User_1796";"Chennai";"Regular";180;"Restaurant_180";"Chinese"
1159;"20-08-2023";1235.16;322;"User_322";"Pune";"Regular";182;"Restaurant_182";"Mexican"
1160;"23-10-2023";1497.3;498;"User_498";"Pune";"Regular";374;"Restaurant_374";"Mexican"
1161;"18-12-2023";1423.82;2414;"User_2414";"Hyderabad";"Gold";214;"Restaurant_214";"Chinese"
1162;"28-07-2023";510.55;1942;"User_1942";"Hyderabad";"Gold";218;"Restaurant_218";"Indian"
1163;"20-06-2023";734.47;746;"User_746";"Bangalore";"Regular";303;"Restaurant_303";"Mexican"
1164;"20-04-2023";1043.54;946;"User_946";"Hyderabad";"Regular";55;"Restaurant_55";"Indian"
1165;"30-11-2023";1409.55;400;"User_400";"Hyderabad";"Regular";150;"Restaurant_150";"Indian"
1166;"10-04-2023";1300.86;1734;"User_1734";"Chennai";"Gold";491;"Restaurant_491";"Chinese"
1167;"10-08-2023";1445.91;1677;"User_1677";"Chennai";"Regular";457;"Restaurant_457";"Indian"
1168;"10-07-2023";920.27;1492;"User_1492";"Bangalore";"Regular";192;"Restaurant_192";"Italian"
1169;"06-02-2023";754.73;590;"User_590";"Bangalore";"Regular";405;"Restaurant_405";"Indian"
1170;"08-04-2023";507.85;2603;"User_2603";"Bangalore";"Regular";247;"Restaurant_247";"Mexican"
1171;"13-03-2023";756.39;2091;"User_2091";"Chennai";"Gold";499;"Restaurant_499";"Mexican"
1172;"28-01-2023";423.34;180;"User_180";"Pune";"Gold";103;"Restaurant_103";"Mexican"
1173;"18-06-2023";532.82;493;"User_493";"Bangalore";"Gold";383;"Restaurant_383";"Indian"
1174;"09-12-2023";437.96;2852;"User_2852";"Pune";"Regular";202;"Restaurant_202";"Indian"
1175;"31-03-2023";1175.42;2340;"User_2340";"Pune";"Gold";424;"Restaurant_424";"Indian"
1176;"18-10-2023";199.77;2498;"User_2498";"Bangalore";"Regular";258;"Restaurant_258";"Indian"
1177;"26-09-2023";1214.72;483;"User_483";"Pune";"Gold";439;"Restaurant_439";"Mexican"
1178;"18-02-2023";825.45;1744;"User_1744";"Bangalore";"Gold";134;"Restaurant_134";"Mexican"
1179;"19-08-2023";953.02;2091;"User_2091";"Chennai";"Gold";185;"Restaurant_185";"Mexican"
1180;"21-05-2023";1250.62;1057;"User_1057";"Hyderabad";"Regular";390;"Restaurant_390";"Mexican"
1181;"26-04-2023";132.91;1678;"User_1678";"Pune";"Gold";104;"Restaurant_104";"Chinese"
1182;"30-03-2023";1046.45;2189;"User_2189";"Bangalore";"Regular";280;"Restaurant_280";"Chinese"
1183;"07-09-2023";862.55;1277;"User_1277";"Chennai";"Regular";233;"Restaurant_233";"Italian"
1184;"22-11-2023";493.33;917;"User_917";"Chennai";"Regular";301;"Restaurant_301";"Italian"
1185;"04-11-2023";365.62;352;"User_352";"Chennai";"Gold";478;"Restaurant_478";"Chinese"
1186;"16-02-2023";1145.03;1306;"User_1306";"Chennai";"Gold";56;"Restaurant_56";"Italian"
1187;"10-06-2023";1291.58;2170;"User_2170";"Bangalore";"Regular";404;"Restaurant_404";"Indian"
1188;"02-04-2023";1305.9;51;"User_51";"Hyderabad";"Regular";250;"Restaurant_250";"Mexican"
1189;"01-01-2024";461.75;1139;"User_1139";"Hyderabad";"Regular";71;"Restaurant_71";"Indian"
1190;"09-09-2023";1009.06;2780;"User_2780";"Bangalore";"Regular";436;"Restaurant_436";"Mexican"
1191;"29-10-2023";523.84;2125;"User_2125";"Pune";"Gold";185;"Restaurant_185";"Mexican"
1192;"02-08-2023";795.09;665;"User_665";"Pune";"Gold";489;"Restaurant_489";"Italian"
1193;"22-09-2023";497.49;526;"User_526";"Hyderabad";"Regular";497;"Restaurant_497";"Mexican"
1194;"01-03-2023";1343.07;1875;"User_1875";"Chennai";"Gold";196;"Restaurant_196";"Italian"
1195;"08-06-2023";1356.41;2318;"User_2318";"Pune";"Gold";492;"Restaurant_492";"Italian"
1196;"25-03-2023";256.45;1019;"User_1019";"Hyderabad";"Gold";76;"Restaurant_76";"Italian"
1197;"13-11-2023";127.82;2037;"User_2037";"Chennai";"Gold";376;"Restaurant_376";"Indian"
1198;"24-03-2023";995.32;2729;"User_2729";"Hyderabad";"Gold";394;"Restaurant_394";"Mexican"
1199;"29-12-2023";722.27;2823;"User_2823";"Hyderabad";"Regular";241;"Restaurant_241";"Chinese"
1200;"22-04-2023";980.43;1362;"User_1362";"Hyderabad";"Gold";12;"Restaurant_12";"Mexican"
1201;"23-05-2023";1161.4;2776;"User_2776";"Chennai";"Gold";491;"Restaurant_491";"Chinese"
1202;"22-01-2023";547.5;1964;"User_1964";"Chennai";"Gold";431;"Restaurant_431";"Mexican"
1203;"04-10-2023";691.84;603;"User_603";"Bangalore";"Gold";405;"Restaurant_405";"Indian"
1204;"30-05-2023";1435.71;959;"User_959";"Chennai";"Gold";425;"Restaurant_425";"Chinese"
1205;"07-01-2023";500.12;1121;"User_1121";"Chennai";"Gold";494;"Restaurant_494";"Mexican"
1206;"16-04-2023";446.51;2037;"User_2037";"Chennai";"Gold";269;"Restaurant_269";"Indian"
1207;"21-08-2023";415.63;959;"User_959";"Chennai";"Gold";278;"Restaurant_278";"Indian"
1208;"17-11-2023";716.26;1909;"User_1909";"Bangalore";"Regular";367;"Restaurant_367";"Indian"
1209;"05-09-2023";559.33;481;"User_481";"Pune";"Gold";33;"Restaurant_33";"Italian"
1210;"04-05-2023";213.48;1595;"User_1595";"Chennai";"Gold";297;"Restaurant_297";"Italian"
1211;"08-05-2023";843.75;2304;"User_2304";"Chennai";"Regular";240;"Restaurant_240";"Indian"
1212;"28-07-2023";657.63;2889;"User_2889";"Chennai";"Gold";413;"Restaurant_413";"Italian"
1213;"09-06-2023";1462.46;2280;"User_2280";"Bangalore";"Regular";341;"Restaurant_341";"Chinese"
1214;"30-03-2023";1229.69;215;"User_215";"Bangalore";"Gold";486;"Restaurant_486";"Italian"
1215;"29-08-2023";1325.45;235;"User_235";"Hyderabad";"Gold";27;"Restaurant_27";"Italian"
1216;"17-10-2023";171.47;2656;"User_2656";"Bangalore";"Gold";277;"Restaurant_277";"Mexican"
1217;"12-08-2023";1092.52;2031;"User_2031";"Chennai";"Regular";448;"Restaurant_448";"Mexican"
1218;"16-05-2023";621.9;2740;"User_2740";"Hyderabad";"Regular";31;"Restaurant_31";"Mexican"
1219;"02-05-2023";1000.52;763;"User_763";"Pune";"Gold";202;"Restaurant_202";"Indian"
1220;"16-03-2023";1434.82;842;"User_842";"Pune";"Regular";491;"Restaurant_491";"Chinese"
1221;"01-01-2023";283.04;1074;"User_1074";"Pune";"Regular";37;"Restaurant_37";"Mexican"
1222;"20-07-2023";1093.87;846;"User_846";"Hyderabad";"Gold";410;"Restaurant_410";"Italian"
1223;"30-09-2023";145.7;1151;"User_1151";"Hyderabad";"Gold";397;"Restaurant_397";"Indian"
1224;"14-02-2023";299.17;1146;"User_1146";"Pune";"Gold";146;"Restaurant_146";"Indian"
1225;"03-11-2023";630.21;1715;"User_1715";"Pune";"Regular";444;"Restaurant_444";"Chinese"
1226;"10-03-2023";1374.51;1726;"User_1726";"Pune";"Gold";303;"Restaurant_303";"Mexican"
1227;"10-03-2023";502.89;2430;"User_2430";"Pune";"Gold";78;"Restaurant_78";"Indian"
1228;"09-09-2023";873.13;1913;"User_1913";"Pune";"Gold";484;"Restaurant_484";"Mexican"
1229;"09-09-2023";1244.74;224;"User_224";"Bangalore";"Regular";345;"Restaurant_345";"Chinese"
1230;"26-02-2023";1088.83;2047;"User_2047";"Hyderabad";"Gold";354;"Restaurant_354";"Indian"
1231;"09-12-2023";413.26;1269;"User_1269";"Bangalore";"Gold";154;"Restaurant_154";"Chinese"
1232;"27-02-2023";1379.82;336;"User_336";"Hyderabad";"Regular";385;"Restaurant_385";"Chinese"
1233;"18-02-2023";649.07;1153;"User_1153";"Hyderabad";"Gold";306;"Restaurant_306";"Chinese"
1234;"30-10-2023";1160.54;874;"User_874";"Pune";"Gold";54;"Restaurant_54";"Italian"
1235;"16-07-2023";1000.99;2122;"User_2122";"Pune";"Regular";318;"Restaurant_318";"Indian"
1236;"05-03-2023";1476.18;925;"User_925";"Chennai";"Regular";4;"Restaurant_4";"Chinese"
1237;"10-07-2023";1005.9;495;"User_495";"Pune";"Gold";399;"Restaurant_399";"Chinese"
1238;"07-06-2023";863.89;565;"User_565";"Bangalore";"Regular";276;"Restaurant_276";"Italian"
1239;"21-10-2023";915.4;75;"User_75";"Hyderabad";"Gold";423;"Restaurant_423";"Indian"
1240;"13-02-2023";1453.3;2997;"User_2997";"Hyderabad";"Regular";3;"Restaurant_3";"Mexican"
1241;"07-04-2023";1135.93;1857;"User_1857";"Hyderabad";"Regular";203;"Restaurant_203";"Chinese"
1242;"20-03-2023";947.27;1825;"User_1825";"Hyderabad";"Regular";295;"Restaurant_295";"Chinese"
1243;"24-02-2023";242.33;1017;"User_1017";"Bangalore";"Regular";128;"Restaurant_128";"Indian"
1244;"12-08-2023";991.55;2457;"User_2457";"Chennai";"Gold";488;"Restaurant_488";"Chinese"
1245;"25-01-2023";704.09;2153;"User_2153";"Bangalore";"Gold";142;"Restaurant_142";"Indian"
1246;"02-05-2023";565.59;1098;"User_1098";"Bangalore";"Regular";374;"Restaurant_374";"Mexican"
1247;"04-08-2023";1443.59;2627;"User_2627";"Bangalore";"Gold";172;"Restaurant_172";"Italian"
1248;"09-12-2023";246.74;1780;"User_1780";"Pune";"Regular";289;"Restaurant_289";"Italian"
1249;"14-10-2023";590.84;2013;"User_2013";"Pune";"Gold";341;"Restaurant_341";"Chinese"
1250;"31-08-2023";1286.19;1475;"User_1475";"Bangalore";"Gold";335;"Restaurant_335";"Italian"
1251;"28-02-2023";254.61;2867;"User_2867";"Bangalore";"Regular";15;"Restaurant_15";"Chinese"
1252;"04-10-2023";1403.88;6;"User_6";"Pune";"Gold";457;"Restaurant_457";"Indian"
1253;"09-02-2023";501.28;2686;"User_2686";"Hyderabad";"Gold";428;"Restaurant_428";"Mexican"
1254;"03-01-2023";249.24;2642;"User_2642";"Pune";"Gold";192;"Restaurant_192";"Italian"
1255;"06-11-2023";264.83;1980;"User_1980";"Pune";"Gold";372;"Restaurant_372";"Italian"
1256;"25-11-2023";1045.45;1758;"User_1758";"Bangalore";"Regular";354;"Restaurant_354";"Indian"
1257;"10-01-2023";1461.61;1013;"User_1013";"Pune";"Gold";348;"Restaurant_348";"Italian"
1258;"25-11-2023";517.43;1286;"User_1286";"Pune";"Gold";458;"Restaurant_458";"Italian"
1259;"25-03-2023";1013.47;440;"User_440";"Chennai";"Gold";126;"Restaurant_126";"Italian"
1260;"08-01-2023";676.72;2832;"User_2832";"Hyderabad";"Gold";370;"Restaurant_370";"Chinese"
1261;"22-03-2023";1135.56;2856;"User_2856";"Hyderabad";"Regular";373;"Restaurant_373";"Indian"
1262;"19-04-2023";755.12;1489;"User_1489";"Bangalore";"Regular";111;"Restaurant_111";"Mexican"
1263;"04-01-2023";773.76;163;"User_163";"Chennai";"Gold";460;"Restaurant_460";"Chinese"
1264;"10-03-2023";1494.79;124;"User_124";"Hyderabad";"Regular";137;"Restaurant_137";"Indian"
1265;"06-09-2023";841.07;573;"User_573";"Bangalore";"Gold";205;"Restaurant_205";"Italian"
1266;"09-01-2023";544.79;2689;"User_2689";"Bangalore";"Regular";439;"Restaurant_439";"Mexican"
1267;"07-07-2023";587.34;871;"User_871";"Chennai";"Gold";471;"Restaurant_471";"Indian"
1268;"22-09-2023";228.72;334;"User_334";"Chennai";"Gold";195;"Restaurant_195";"Indian"
1269;"04-11-2023";834.4;2049;"User_2049";"Bangalore";"Regular";94;"Restaurant_94";"Chinese"
1270;"21-10-2023";767.33;429;"User_429";"Hyderabad";"Gold";495;"Restaurant_495";"Italian"
1271;"27-01-2023";391.5;2751;"User_2751";"Bangalore";"Gold";427;"Restaurant_427";"Indian"
1272;"26-09-2023";1188.03;1818;"User_1818";"Chennai";"Gold";348;"Restaurant_348";"Italian"
1273;"07-10-2023";677.1;789;"User_789";"Pune";"Regular";25;"Restaurant_25";"Chinese"
1274;"21-11-2023";886.19;275;"User_275";"Pune";"Regular";174;"Restaurant_174";"Mexican"
1275;"09-02-2023";1161.29;2885;"User_2885";"Hyderabad";"Gold";168;"Restaurant_168";"Indian"
1276;"06-05-2023";1363.14;2191;"User_2191";"Pune";"Gold";53;"Restaurant_53";"Indian"
1277;"07-05-2023";987.54;784;"User_784";"Hyderabad";"Regular";161;"Restaurant_161";"Mexican"
1278;"18-10-2023";516.95;472;"User_472";"Hyderabad";"Gold";255;"Restaurant_255";"Mexican"
1279;"16-11-2023";1497.9;1811;"User_1811";"Bangalore";"Regular";409;"Restaurant_409";"Mexican"
1280;"13-07-2023";752.2;1300;"User_1300";"Chennai";"Regular";40;"Restaurant_40";"Indian"
1281;"04-07-2023";1389.36;2405;"User_2405";"Bangalore";"Regular";94;"Restaurant_94";"Chinese"
1282;"16-08-2023";216.04;2335;"User_2335";"Hyderabad";"Gold";16;"Restaurant_16";"Indian"
1283;"07-12-2023";369.04;358;"User_358";"Bangalore";"Gold";156;"Restaurant_156";"Italian"
1284;"04-06-2023";317.04;1774;"User_1774";"Bangalore";"Regular";190;"Restaurant_190";"Chinese"
1285;"07-07-2023";995.66;2148;"User_2148";"Pune";"Regular";35;"Restaurant_35";"Chinese"
1286;"25-07-2023";1271.85;142;"User_142";"Pune";"Regular";345;"Restaurant_345";"Chinese"
1287;"09-07-2023";144.51;1931;"User_1931";"Bangalore";"Regular";92;"Restaurant_92";"Mexican"
1288;"23-05-2023";683.94;1213;"User_1213";"Pune";"Regular";391;"Restaurant_391";"Indian"
1289;"15-02-2023";297.98;1605;"User_1605";"Bangalore";"Regular";2;"Restaurant_2";"Indian"
1290;"19-06-2023";705.65;850;"User_850";"Chennai";"Regular";232;"Restaurant_232";"Mexican"
1291;"09-12-2023";1118.9;1312;"User_1312";"Hyderabad";"Regular";475;"Restaurant_475";"Italian"
1292;"15-10-2023";109.4;1939;"User_1939";"Bangalore";"Gold";478;"Restaurant_478";"Chinese"
1293;"28-02-2023";679.04;204;"User_204";"Bangalore";"Regular";17;"Restaurant_17";"Indian"
1294;"30-03-2023";1381.06;1500;"User_1500";"Hyderabad";"Regular";73;"Restaurant_73";"Mexican"
1295;"24-02-2023";535.3;552;"User_552";"Hyderabad";"Regular";248;"Restaurant_248";"Italian"
1296;"22-01-2023";1084.23;1138;"User_1138";"Hyderabad";"Gold";152;"Restaurant_152";"Indian"
1297;"14-11-2023";649.71;318;"User_318";"Pune";"Regular";316;"Restaurant_316";"Chinese"
1298;"06-11-2023";571.53;1985;"User_1985";"Chennai";"Gold";39;"Restaurant_39";"Indian"
1299;"17-04-2023";894.18;1809;"User_1809";"Bangalore";"Gold";259;"Restaurant_259";"Mexican"
1300;"02-08-2023";175.86;2022;"User_2022";"Bangalore";"Regular";61;"Restaurant_61";"Italian"
1301;"02-02-2023";445.18;1482;"User_1482";"Bangalore";"Regular";319;"Restaurant_319";"Indian"
1302;"30-01-2023";113.7;1841;"User_1841";"Chennai";"Regular";489;"Restaurant_489";"Italian"
1303;"14-12-2023";313.78;2149;"User_2149";"Pune";"Gold";256;"Restaurant_256";"Italian"
1304;"21-12-2023";979.35;2862;"User_2862";"Pune";"Regular";230;"Restaurant_230";"Chinese"
1305;"21-09-2023";401.04;1828;"User_1828";"Chennai";"Regular";159;"Restaurant_159";"Mexican"
1306;"27-01-2023";831.5;1099;"User_1099";"Bangalore";"Regular";127;"Restaurant_127";"Chinese"
1307;"27-10-2023";523.38;128;"User_128";"Hyderabad";"Regular";269;"Restaurant_269";"Indian"
1308;"11-06-2023";1107.21;2962;"User_2962";"Chennai";"Gold";32;"Restaurant_32";"Italian"
1309;"18-03-2023";1311.13;672;"User_672";"Bangalore";"Regular";48;"Restaurant_48";"Mexican"
1310;"12-06-2023";1025.36;1649;"User_1649";"Chennai";"Gold";464;"Restaurant_464";"Italian"
1311;"28-06-2023";1229.24;1722;"User_1722";"Hyderabad";"Gold";49;"Restaurant_49";"Italian"
1312;"17-12-2023";309.66;948;"User_948";"Pune";"Regular";209;"Restaurant_209";"Indian"
1313;"17-09-2023";407.36;2221;"User_2221";"Bangalore";"Gold";412;"Restaurant_412";"Mexican"
1314;"25-09-2023";185.51;505;"User_505";"Hyderabad";"Gold";162;"Restaurant_162";"Italian"
1315;"18-01-2023";1434.44;300;"User_300";"Chennai";"Regular";468;"Restaurant_468";"Chinese"
1316;"03-02-2023";1395.72;2425;"User_2425";"Chennai";"Gold";143;"Restaurant_143";"Chinese"
1317;"27-11-2023";1183.76;2201;"User_2201";"Bangalore";"Gold";81;"Restaurant_81";"Chinese"
1318;"30-03-2023";786.43;2038;"User_2038";"Chennai";"Regular";279;"Restaurant_279";"Italian"
1319;"09-06-2023";1266.1;2609;"User_2609";"Hyderabad";"Gold";302;"Restaurant_302";"Mexican"
1320;"31-03-2023";684.48;481;"User_481";"Pune";"Gold";90;"Restaurant_90";"Italian"
1321;"10-01-2023";612.39;1283;"User_1283";"Hyderabad";"Regular";499;"Restaurant_499";"Mexican"
1322;"12-09-2023";1100.37;1744;"User_1744";"Bangalore";"Gold";474;"Restaurant_474";"Mexican"
1323;"11-12-2023";136.43;2673;"User_2673";"Bangalore";"Gold";205;"Restaurant_205";"Italian"
1324;"27-05-2023";1413.33;1806;"User_1806";"Chennai";"Gold";45;"Restaurant_45";"Mexican"
1325;"07-07-2023";1046.39;599;"User_599";"Hyderabad";"Gold";256;"Restaurant_256";"Italian"
1326;"03-02-2023";844.21;274;"User_274";"Pune";"Gold";101;"Restaurant_101";"Mexican"
1327;"29-07-2023";419.02;1310;"User_1310";"Bangalore";"Gold";175;"Restaurant_175";"Chinese"
1328;"08-05-2023";1477.89;844;"User_844";"Chennai";"Gold";51;"Restaurant_51";"Italian"
1329;"01-01-2023";1176.65;600;"User_600";"Chennai";"Gold";248;"Restaurant_248";"Italian"
1330;"06-06-2023";488.38;1553;"User_1553";"Pune";"Regular";276;"Restaurant_276";"Italian"
1331;"03-02-2023";1088.64;590;"User_590";"Bangalore";"Regular";463;"Restaurant_463";"Chinese"
1332;"08-12-2023";134.84;1244;"User_1244";"Hyderabad";"Gold";185;"Restaurant_185";"Mexican"
1333;"05-02-2023";1328.12;953;"User_953";"Bangalore";"Gold";287;"Restaurant_287";"Chinese"
1334;"02-02-2023";445.28;2294;"User_2294";"Pune";"Regular";454;"Restaurant_454";"Italian"
1335;"26-09-2023";363.17;2515;"User_2515";"Pune";"Regular";277;"Restaurant_277";"Mexican"
1336;"01-09-2023";728.82;2251;"User_2251";"Pune";"Regular";355;"Restaurant_355";"Indian"
1337;"20-05-2023";306.27;2027;"User_2027";"Bangalore";"Regular";472;"Restaurant_472";"Chinese"
1338;"18-08-2023";184.54;77;"User_77";"Pune";"Regular";379;"Restaurant_379";"Mexican"
1339;"07-07-2023";756.47;479;"User_479";"Chennai";"Regular";280;"Restaurant_280";"Chinese"
1340;"13-08-2023";434.06;2800;"User_2800";"Chennai";"Regular";298;"Restaurant_298";"Mexican"
1341;"16-11-2023";1494.3;321;"User_321";"Chennai";"Regular";445;"Restaurant_445";"Indian"
1342;"30-11-2023";676.51;2818;"User_2818";"Pune";"Gold";497;"Restaurant_497";"Mexican"
1343;"20-01-2023";1332.18;2639;"User_2639";"Chennai";"Regular";490;"Restaurant_490";"Italian"
1344;"11-06-2023";204.38;1587;"User_1587";"Chennai";"Regular";387;"Restaurant_387";"Mexican"
1345;"29-09-2023";1092.45;1442;"User_1442";"Bangalore";"Gold";309;"Restaurant_309";"Indian"
1346;"10-09-2023";161.8;2592;"User_2592";"Hyderabad";"Regular";91;"Restaurant_91";"Italian"
1347;"22-01-2023";868.83;1313;"User_1313";"Bangalore";"Regular";487;"Restaurant_487";"Chinese"
1348;"25-04-2023";300.18;2308;"User_2308";"Chennai";"Regular";366;"Restaurant_366";"Indian"
1349;"18-03-2023";265.64;1515;"User_1515";"Bangalore";"Regular";352;"Restaurant_352";"Italian"
1350;"01-06-2023";804.22;406;"User_406";"Bangalore";"Regular";292;"Restaurant_292";"Mexican"
1351;"05-08-2023";947.95;1066;"User_1066";"Bangalore";"Regular";299;"Restaurant_299";"Mexican"
1352;"05-06-2023";577.02;1209;"User_1209";"Bangalore";"Gold";474;"Restaurant_474";"Mexican"
1353;"14-09-2023";1352.95;600;"User_600";"Chennai";"Gold";379;"Restaurant_379";"Mexican"
1354;"25-11-2023";1232.8;1946;"User_1946";"Pune";"Regular";378;"Restaurant_378";"Italian"
1355;"17-01-2023";171.67;1957;"User_1957";"Bangalore";"Gold";18;"Restaurant_18";"Italian"
1356;"03-12-2023";812.39;1863;"User_1863";"Chennai";"Gold";289;"Restaurant_289";"Italian"
1357;"22-08-2023";564.81;2027;"User_2027";"Bangalore";"Regular";290;"Restaurant_290";"Chinese"
1358;"15-02-2023";1373.24;1967;"User_1967";"Hyderabad";"Regular";72;"Restaurant_72";"Mexican"
1359;"17-01-2023";612.37;1146;"User_1146";"Pune";"Gold";75;"Restaurant_75";"Chinese"
1360;"19-10-2023";354.2;567;"User_567";"Hyderabad";"Gold";132;"Restaurant_132";"Indian"
1361;"07-02-2023";328.43;322;"User_322";"Pune";"Regular";267;"Restaurant_267";"Chinese"
1362;"24-04-2023";282.46;1811;"User_1811";"Bangalore";"Regular";45;"Restaurant_45";"Mexican"
1363;"30-04-2023";954.36;2986;"User_2986";"Hyderabad";"Regular";134;"Restaurant_134";"Mexican"
1364;"15-05-2023";735.53;265;"User_265";"Chennai";"Regular";49;"Restaurant_49";"Italian"
1365;"16-10-2023";774.34;1423;"User_1423";"Hyderabad";"Gold";280;"Restaurant_280";"Chinese"
1366;"16-08-2023";428.34;2857;"User_2857";"Chennai";"Gold";68;"Restaurant_68";"Italian"
1367;"18-10-2023";449.98;2579;"User_2579";"Bangalore";"Gold";286;"Restaurant_286";"Italian"
1368;"25-12-2023";804.25;366;"User_366";"Bangalore";"Gold";465;"Restaurant_465";"Italian"
1369;"07-11-2023";943.14;2624;"User_2624";"Hyderabad";"Regular";74;"Restaurant_74";"Chinese"
1370;"24-10-2023";703.84;1508;"User_1508";"Pune";"Gold";253;"Restaurant_253";"Italian"
1371;"04-02-2023";1473.09;2554;"User_2554";"Hyderabad";"Gold";490;"Restaurant_490";"Italian"
1372;"27-11-2023";477.35;1368;"User_1368";"Pune";"Gold";177;"Restaurant_177";"Indian"
1373;"19-03-2023";1340.22;2554;"User_2554";"Hyderabad";"Gold";431;"Restaurant_431";"Mexican"
1374;"20-06-2023";1212.84;540;"User_540";"Pune";"Gold";184;"Restaurant_184";"Mexican"
1375;"13-04-2023";1068.16;420;"User_420";"Pune";"Regular";204;"Restaurant_204";"Mexican"
1376;"05-03-2023";1000.22;2777;"User_2777";"Chennai";"Gold";11;"Restaurant_11";"Chinese"
1377;"26-12-2023";305.29;2556;"User_2556";"Chennai";"Gold";3;"Restaurant_3";"Mexican"
1378;"30-08-2023";1386.27;2751;"User_2751";"Bangalore";"Gold";339;"Restaurant_339";"Indian"
1379;"14-04-2023";816.74;1383;"User_1383";"Chennai";"Gold";5;"Restaurant_5";"Chinese"
1380;"22-10-2023";1247.31;354;"User_354";"Chennai";"Regular";345;"Restaurant_345";"Chinese"
1381;"29-06-2023";152.79;2756;"User_2756";"Pune";"Gold";22;"Restaurant_22";"Chinese"
1382;"24-01-2023";1125.93;1277;"User_1277";"Chennai";"Regular";32;"Restaurant_32";"Italian"
1383;"14-03-2023";379.69;1574;"User_1574";"Hyderabad";"Gold";446;"Restaurant_446";"Indian"
1384;"24-08-2023";1027.04;1094;"User_1094";"Bangalore";"Regular";203;"Restaurant_203";"Chinese"
1385;"30-08-2023";1025.18;1601;"User_1601";"Bangalore";"Regular";171;"Restaurant_171";"Mexican"
1386;"05-03-2023";1428.94;1512;"User_1512";"Chennai";"Gold";19;"Restaurant_19";"Indian"
1387;"28-12-2023";675.02;1656;"User_1656";"Hyderabad";"Regular";431;"Restaurant_431";"Mexican"
1388;"26-08-2023";1431.6;685;"User_685";"Pune";"Gold";14;"Restaurant_14";"Indian"
1389;"26-04-2023";227.37;373;"User_373";"Hyderabad";"Regular";476;"Restaurant_476";"Mexican"
1390;"11-11-2023";1216.5;2747;"User_2747";"Chennai";"Regular";77;"Restaurant_77";"Mexican"
1391;"09-08-2023";852.68;2695;"User_2695";"Pune";"Regular";234;"Restaurant_234";"Chinese"
1392;"25-06-2023";718.22;19;"User_19";"Hyderabad";"Regular";27;"Restaurant_27";"Italian"
1393;"23-06-2023";847.4;1444;"User_1444";"Bangalore";"Gold";301;"Restaurant_301";"Italian"
1394;"20-11-2023";738.14;269;"User_269";"Bangalore";"Gold";183;"Restaurant_183";"Chinese"
1395;"23-11-2023";403.27;350;"User_350";"Chennai";"Regular";96;"Restaurant_96";"Mexican"
1396;"21-04-2023";205.47;1317;"User_1317";"Pune";"Regular";189;"Restaurant_189";"Indian"
1397;"04-02-2023";750.61;2706;"User_2706";"Hyderabad";"Regular";246;"Restaurant_246";"Mexican"
1398;"16-07-2023";545.65;1273;"User_1273";"Chennai";"Regular";176;"Restaurant_176";"Italian"
1399;"17-10-2023";724.49;2427;"User_2427";"Hyderabad";"Regular";39;"Restaurant_39";"Indian"
1400;"30-09-2023";981.27;265;"User_265";"Chennai";"Regular";87;"Restaurant_87";"Mexican"
1401;"16-06-2023";1149.25;1541;"User_1541";"Chennai";"Regular";254;"Restaurant_254";"Indian"
1402;"07-02-2023";592.08;1571;"User_1571";"Pune";"Gold";168;"Restaurant_168";"Indian"
1403;"10-03-2023";212.34;1029;"User_1029";"Bangalore";"Gold";194;"Restaurant_194";"Chinese"
1404;"17-07-2023";1469.04;2395;"User_2395";"Hyderabad";"Regular";404;"Restaurant_404";"Indian"
1405;"06-07-2023";693.64;1275;"User_1275";"Chennai";"Gold";275;"Restaurant_275";"Italian"
1406;"03-04-2023";121.22;1157;"User_1157";"Pune";"Gold";43;"Restaurant_43";"Chinese"
1407;"01-05-2023";726.43;614;"User_614";"Hyderabad";"Regular";214;"Restaurant_214";"Chinese"
1408;"22-08-2023";817.71;2895;"User_2895";"Chennai";"Gold";294;"Restaurant_294";"Italian"
1409;"08-10-2023";716.24;2174;"User_2174";"Pune";"Gold";479;"Restaurant_479";"Indian"
1410;"23-04-2023";723.85;2898;"User_2898";"Hyderabad";"Regular";77;"Restaurant_77";"Mexican"
1411;"16-11-2023";1117.94;2100;"User_2100";"Hyderabad";"Regular";76;"Restaurant_76";"Italian"
1412;"21-01-2023";1235.67;3000;"User_3000";"Hyderabad";"Gold";400;"Restaurant_400";"Mexican"
1413;"01-01-2024";105.08;745;"User_745";"Bangalore";"Gold";268;"Restaurant_268";"Indian"
1414;"10-09-2023";545.85;2340;"User_2340";"Pune";"Gold";37;"Restaurant_37";"Mexican"
1415;"12-04-2023";694.1;2915;"User_2915";"Chennai";"Gold";293;"Restaurant_293";"Italian"
1416;"04-10-2023";1028.7;505;"User_505";"Hyderabad";"Gold";304;"Restaurant_304";"Italian"
1417;"24-09-2023";1016.15;2314;"User_2314";"Hyderabad";"Gold";391;"Restaurant_391";"Indian"
1418;"23-09-2023";1445.74;1460;"User_1460";"Hyderabad";"Regular";285;"Restaurant_285";"Mexican"
1419;"28-08-2023";1096.91;2347;"User_2347";"Hyderabad";"Regular";301;"Restaurant_301";"Italian"
1420;"02-07-2023";1422.31;1141;"User_1141";"Pune";"Gold";309;"Restaurant_309";"Indian"
1421;"07-09-2023";1108.75;1215;"User_1215";"Pune";"Regular";477;"Restaurant_477";"Indian"
1422;"22-11-2023";1140.97;1179;"User_1179";"Bangalore";"Regular";500;"Restaurant_500";"Chinese"
1423;"18-07-2023";583.67;1863;"User_1863";"Chennai";"Gold";347;"Restaurant_347";"Chinese"
1424;"07-12-2023";1165.42;318;"User_318";"Pune";"Regular";135;"Restaurant_135";"Indian"
1425;"16-06-2023";958.15;1845;"User_1845";"Hyderabad";"Regular";73;"Restaurant_73";"Mexican"
1426;"29-09-2023";929.45;1368;"User_1368";"Pune";"Gold";485;"Restaurant_485";"Mexican"
1427;"26-01-2023";1428.18;1310;"User_1310";"Bangalore";"Gold";90;"Restaurant_90";"Italian"
1428;"14-09-2023";1347.62;2790;"User_2790";"Hyderabad";"Regular";417;"Restaurant_417";"Mexican"
1429;"10-05-2023";1113.73;61;"User_61";"Pune";"Gold";218;"Restaurant_218";"Indian"
1430;"13-07-2023";709.39;2360;"User_2360";"Bangalore";"Regular";86;"Restaurant_86";"Indian"
1431;"26-11-2023";1262.07;1299;"User_1299";"Bangalore";"Regular";235;"Restaurant_235";"Italian"
1432;"30-09-2023";982.77;2500;"User_2500";"Chennai";"Gold";279;"Restaurant_279";"Italian"
1433;"27-09-2023";1414.3;137;"User_137";"Hyderabad";"Gold";106;"Restaurant_106";"Indian"
1434;"01-04-2023";787.44;1714;"User_1714";"Chennai";"Regular";312;"Restaurant_312";"Chinese"
1435;"19-05-2023";1204.45;785;"User_785";"Chennai";"Gold";230;"Restaurant_230";"Chinese"
1436;"31-05-2023";437.39;339;"User_339";"Pune";"Regular";265;"Restaurant_265";"Chinese"
1437;"30-08-2023";1077.13;788;"User_788";"Bangalore";"Gold";306;"Restaurant_306";"Chinese"
1438;"06-11-2023";135.1;1300;"User_1300";"Chennai";"Regular";172;"Restaurant_172";"Italian"
1439;"01-12-2023";1095.63;901;"User_901";"Bangalore";"Regular";177;"Restaurant_177";"Indian"
1440;"27-07-2023";1097.25;740;"User_740";"Hyderabad";"Gold";321;"Restaurant_321";"Chinese"
1441;"02-03-2023";602.77;2830;"User_2830";"Pune";"Gold";145;"Restaurant_145";"Italian"
1442;"01-07-2023";127.81;1293;"User_1293";"Hyderabad";"Gold";330;"Restaurant_330";"Italian"
1443;"07-11-2023";1270.2;2944;"User_2944";"Hyderabad";"Gold";290;"Restaurant_290";"Chinese"
1444;"29-03-2023";1079.49;684;"User_684";"Hyderabad";"Gold";213;"Restaurant_213";"Indian"
1445;"02-02-2023";231.29;583;"User_583";"Pune";"Gold";422;"Restaurant_422";"Mexican"
1446;"11-04-2023";1290.56;623;"User_623";"Pune";"Gold";118;"Restaurant_118";"Mexican"
1447;"22-09-2023";795.13;2582;"User_2582";"Hyderabad";"Gold";43;"Restaurant_43";"Chinese"
1448;"19-07-2023";1213.23;2933;"User_2933";"Chennai";"Regular";364;"Restaurant_364";"Mexican"
1449;"28-06-2023";1381.65;1217;"User_1217";"Chennai";"Gold";495;"Restaurant_495";"Italian"
1450;"03-11-2023";1007.45;2653;"User_2653";"Bangalore";"Gold";448;"Restaurant_448";"Mexican"
1451;"22-01-2023";1213.19;1897;"User_1897";"Chennai";"Gold";7;"Restaurant_7";"Italian"
1452;"11-08-2023";1481.64;2474;"User_2474";"Chennai";"Gold";75;"Restaurant_75";"Chinese"
1453;"09-09-2023";1188.59;2560;"User_2560";"Pune";"Gold";83;"Restaurant_83";"Chinese"
1454;"01-12-2023";216.59;719;"User_719";"Chennai";"Gold";230;"Restaurant_230";"Chinese"
1455;"29-12-2023";599.37;1965;"User_1965";"Hyderabad";"Gold";429;"Restaurant_429";"Chinese"
1456;"23-11-2023";1105.18;951;"User_951";"Chennai";"Gold";325;"Restaurant_325";"Italian"
1457;"18-11-2023";1359.41;1377;"User_1377";"Pune";"Regular";280;"Restaurant_280";"Chinese"
1458;"23-01-2023";1095.37;429;"User_429";"Hyderabad";"Gold";68;"Restaurant_68";"Italian"
1459;"04-02-2023";1130.87;674;"User_674";"Chennai";"Regular";330;"Restaurant_330";"Italian"
1460;"27-08-2023";1160.8;1562;"User_1562";"Chennai";"Regular";484;"Restaurant_484";"Mexican"
1461;"10-08-2023";452.54;2502;"User_2502";"Bangalore";"Regular";295;"Restaurant_295";"Chinese"
1462;"16-08-2023";1345.05;1655;"User_1655";"Bangalore";"Gold";271;"Restaurant_271";"Chinese"
1463;"21-09-2023";141.13;2509;"User_2509";"Pune";"Gold";421;"Restaurant_421";"Indian"
1464;"12-06-2023";421.82;876;"User_876";"Hyderabad";"Regular";46;"Restaurant_46";"Chinese"
1465;"02-07-2023";981.57;2946;"User_2946";"Chennai";"Gold";413;"Restaurant_413";"Italian"
1466;"08-05-2023";586.99;7;"User_7";"Chennai";"Gold";498;"Restaurant_498";"Chinese"
1467;"08-03-2023";1312.52;2194;"User_2194";"Chennai";"Regular";114;"Restaurant_114";"Indian"
1468;"15-05-2023";308.91;2159;"User_2159";"Bangalore";"Gold";183;"Restaurant_183";"Chinese"
1469;"23-01-2023";766.71;2292;"User_2292";"Hyderabad";"Gold";475;"Restaurant_475";"Italian"
1470;"22-06-2023";316.05;56;"User_56";"Chennai";"Gold";224;"Restaurant_224";"Chinese"
1471;"23-06-2023";1296.1;2877;"User_2877";"Chennai";"Gold";438;"Restaurant_438";"Italian"
1472;"23-09-2023";1174.83;350;"User_350";"Chennai";"Regular";401;"Restaurant_401";"Indian"
1473;"24-03-2023";543.22;2832;"User_2832";"Hyderabad";"Gold";336;"Restaurant_336";"Mexican"
1474;"01-10-2023";1398.16;240;"User_240";"Hyderabad";"Gold";163;"Restaurant_163";"Italian"
1475;"24-07-2023";1273.13;2736;"User_2736";"Chennai";"Gold";19;"Restaurant_19";"Indian"
1476;"08-06-2023";615.78;445;"User_445";"Chennai";"Regular";9;"Restaurant_9";"Italian"
1477;"28-02-2023";793.83;380;"User_380";"Bangalore";"Regular";180;"Restaurant_180";"Chinese"
1478;"18-08-2023";1379.88;2491;"User_2491";"Bangalore";"Gold";435;"Restaurant_435";"Italian"
1479;"09-06-2023";263.57;1070;"User_1070";"Hyderabad";"Gold";214;"Restaurant_214";"Chinese"
1480;"04-10-2023";1239.73;1766;"User_1766";"Hyderabad";"Regular";54;"Restaurant_54";"Italian"
1481;"17-06-2023";235.72;1435;"User_1435";"Hyderabad";"Regular";309;"Restaurant_309";"Indian"
1482;"25-10-2023";395.82;24;"User_24";"Hyderabad";"Regular";497;"Restaurant_497";"Mexican"
1483;"13-07-2023";116.49;1535;"User_1535";"Chennai";"Regular";328;"Restaurant_328";"Mexican"
1484;"01-08-2023";736.93;115;"User_115";"Pune";"Gold";441;"Restaurant_441";"Indian"
1485;"06-08-2023";450.71;2981;"User_2981";"Chennai";"Gold";202;"Restaurant_202";"Indian"
1486;"04-09-2023";1024.31;2097;"User_2097";"Pune";"Regular";327;"Restaurant_327";"Indian"
1487;"20-03-2023";442.55;1558;"User_1558";"Chennai";"Gold";387;"Restaurant_387";"Mexican"
1488;"29-12-2023";229.49;2535;"User_2535";"Chennai";"Gold";289;"Restaurant_289";"Italian"
1489;"14-08-2023";1014.11;2618;"User_2618";"Chennai";"Gold";396;"Restaurant_396";"Mexican"
1490;"09-07-2023";565.96;85;"User_85";"Pune";"Gold";383;"Restaurant_383";"Indian"
1491;"02-09-2023";1309.19;2897;"User_2897";"Bangalore";"Gold";57;"Restaurant_57";"Mexican"
1492;"09-05-2023";1359.05;2761;"User_2761";"Chennai";"Regular";24;"Restaurant_24";"Mexican"
1493;"25-10-2023";1125.99;170;"User_170";"Hyderabad";"Gold";283;"Restaurant_283";"Chinese"
1494;"30-04-2023";379.1;449;"User_449";"Pune";"Regular";304;"Restaurant_304";"Italian"
1495;"18-05-2023";690.82;512;"User_512";"Hyderabad";"Regular";243;"Restaurant_243";"Chinese"
1496;"26-02-2023";1417.19;1839;"User_1839";"Hyderabad";"Regular";280;"Restaurant_280";"Chinese"
1497;"20-06-2023";1481.89;2174;"User_2174";"Pune";"Gold";104;"Restaurant_104";"Chinese"
1498;"19-09-2023";442.61;2189;"User_2189";"Bangalore";"Regular";475;"Restaurant_475";"Italian"
1499;"17-02-2023";174.57;2142;"User_2142";"Chennai";"Gold";254;"Restaurant_254";"Indian"
1500;"13-08-2023";1269.65;2564;"User_2564";"Pune";"Gold";186;"Restaurant_186";"Indian"
1501;"25-02-2023";423.17;2340;"User_2340";"Pune";"Gold";117;"Restaurant_117";"Indian"
1502;"29-11-2023";1078.36;1169;"User_1169";"Chennai";"Regular";277;"Restaurant_277";"Mexican"
1503;"24-02-2023";1425.85;2220;"User_2220";"Bangalore";"Regular";33;"Restaurant_33";"Italian"
1504;"19-09-2023";1354.57;1580;"User_1580";"Pune";"Gold";470;"Restaurant_470";"Italian"
1505;"14-09-2023";777.84;1338;"User_1338";"Bangalore";"Regular";259;"Restaurant_259";"Mexican"
1506;"26-04-2023";914.03;1476;"User_1476";"Pune";"Gold";188;"Restaurant_188";"Chinese"
1507;"10-07-2023";1496.44;2574;"User_2574";"Pune";"Gold";296;"Restaurant_296";"Italian"
1508;"18-05-2023";977.77;2867;"User_2867";"Bangalore";"Regular";26;"Restaurant_26";"Chinese"
1509;"23-01-2023";569.74;232;"User_232";"Pune";"Regular";251;"Restaurant_251";"Chinese"
1510;"02-04-2023";298.88;1446;"User_1446";"Pune";"Regular";97;"Restaurant_97";"Mexican"
1511;"21-06-2023";126.51;1631;"User_1631";"Bangalore";"Regular";40;"Restaurant_40";"Indian"
1512;"30-01-2023";970.43;705;"User_705";"Bangalore";"Regular";189;"Restaurant_189";"Indian"
1513;"28-08-2023";276.11;354;"User_354";"Chennai";"Regular";289;"Restaurant_289";"Italian"
1514;"24-04-2023";1420.78;864;"User_864";"Hyderabad";"Gold";291;"Restaurant_291";"Mexican"
1515;"03-04-2023";1344.96;1198;"User_1198";"Chennai";"Gold";223;"Restaurant_223";"Italian"
1516;"07-04-2023";1027.65;1689;"User_1689";"Bangalore";"Regular";107;"Restaurant_107";"Mexican"
1517;"13-07-2023";1360.34;2839;"User_2839";"Bangalore";"Regular";431;"Restaurant_431";"Mexican"
1518;"23-06-2023";353.53;1984;"User_1984";"Pune";"Gold";215;"Restaurant_215";"Mexican"
1519;"19-11-2023";635.25;7;"User_7";"Chennai";"Gold";408;"Restaurant_408";"Mexican"
1520;"14-02-2023";105.87;417;"User_417";"Bangalore";"Regular";300;"Restaurant_300";"Italian"
1521;"16-04-2023";1139.48;1064;"User_1064";"Pune";"Regular";416;"Restaurant_416";"Chinese"
1522;"11-07-2023";249.44;1106;"User_1106";"Bangalore";"Gold";117;"Restaurant_117";"Indian"
1523;"08-10-2023";963.71;996;"User_996";"Chennai";"Gold";169;"Restaurant_169";"Italian"
1524;"25-05-2023";424.32;2803;"User_2803";"Chennai";"Gold";236;"Restaurant_236";"Italian"
1525;"10-06-2023";276.31;2017;"User_2017";"Chennai";"Gold";279;"Restaurant_279";"Italian"
1526;"27-03-2023";196.53;2685;"User_2685";"Hyderabad";"Gold";109;"Restaurant_109";"Chinese"
1527;"03-05-2023";695.2;2471;"User_2471";"Pune";"Gold";411;"Restaurant_411";"Indian"
1528;"22-11-2023";1184.17;382;"User_382";"Bangalore";"Regular";460;"Restaurant_460";"Chinese"
1529;"09-04-2023";467.28;2990;"User_2990";"Bangalore";"Gold";354;"Restaurant_354";"Indian"
1530;"23-11-2023";1111.55;2375;"User_2375";"Pune";"Gold";180;"Restaurant_180";"Chinese"
1531;"12-07-2023";1100.2;1929;"User_1929";"Pune";"Gold";367;"Restaurant_367";"Indian"
1532;"02-10-2023";616.28;2253;"User_2253";"Hyderabad";"Regular";237;"Restaurant_237";"Italian"
1533;"11-02-2023";431.2;1768;"User_1768";"Chennai";"Regular";361;"Restaurant_361";"Indian"
1534;"04-12-2023";1184.75;2912;"User_2912";"Hyderabad";"Gold";125;"Restaurant_125";"Chinese"
1535;"07-03-2023";1016.47;2658;"User_2658";"Bangalore";"Regular";267;"Restaurant_267";"Chinese"
1536;"02-03-2023";913.55;475;"User_475";"Bangalore";"Gold";266;"Restaurant_266";"Italian"
1537;"20-10-2023";976.11;2777;"User_2777";"Chennai";"Gold";377;"Restaurant_377";"Mexican"
1538;"16-10-2023";353.11;234;"User_234";"Chennai";"Regular";286;"Restaurant_286";"Italian"
1539;"29-06-2023";1330.26;1131;"User_1131";"Bangalore";"Regular";41;"Restaurant_41";"Mexican"
1540;"12-12-2023";123.14;312;"User_312";"Hyderabad";"Gold";406;"Restaurant_406";"Chinese"
1541;"28-04-2023";836.48;466;"User_466";"Pune";"Regular";276;"Restaurant_276";"Italian"
1542;"17-03-2023";1084.41;1598;"User_1598";"Bangalore";"Gold";90;"Restaurant_90";"Italian"
1543;"01-11-2023";897.48;2786;"User_2786";"Bangalore";"Regular";52;"Restaurant_52";"Mexican"
1544;"03-08-2023";529.9;2;"User_2";"Pune";"Gold";252;"Restaurant_252";"Indian"
1545;"29-10-2023";182.87;29;"User_29";"Hyderabad";"Gold";225;"Restaurant_225";"Italian"
1546;"11-04-2023";1416.62;1671;"User_1671";"Chennai";"Gold";252;"Restaurant_252";"Indian"
1547;"28-12-2023";1052.26;1831;"User_1831";"Hyderabad";"Gold";370;"Restaurant_370";"Chinese"
1548;"10-10-2023";1155.28;786;"User_786";"Hyderabad";"Gold";290;"Restaurant_290";"Chinese"
1549;"27-07-2023";1400.89;1687;"User_1687";"Chennai";"Gold";191;"Restaurant_191";"Indian"
1550;"20-12-2023";1479.08;1669;"User_1669";"Hyderabad";"Regular";339;"Restaurant_339";"Indian"
1551;"07-08-2023";538.0;2808;"User_2808";"Hyderabad";"Regular";280;"Restaurant_280";"Chinese"
1552;"19-07-2023";752.46;2955;"User_2955";"Bangalore";"Gold";58;"Restaurant_58";"Indian"
1553;"30-10-2023";979.5;674;"User_674";"Chennai";"Regular";123;"Restaurant_123";"Chinese"
1554;"06-09-2023";1145.53;402;"User_402";"Hyderabad";"Regular";330;"Restaurant_330";"Italian"
1555;"29-01-2023";1337.61;1643;"User_1643";"Chennai";"Regular";122;"Restaurant_122";"Indian"
1556;"23-09-2023";517.31;2915;"User_2915";"Chennai";"Gold";41;"Restaurant_41";"Mexican"
1557;"28-01-2023";659.37;2702;"User_2702";"Pune";"Gold";441;"Restaurant_441";"Indian"
1558;"31-07-2023";788.21;2122;"User_2122";"Pune";"Regular";174;"Restaurant_174";"Mexican"
1559;"15-01-2023";1305.88;768;"User_768";"Chennai";"Gold";338;"Restaurant_338";"Mexican"
1560;"12-07-2023";933.68;2375;"User_2375";"Pune";"Gold";376;"Restaurant_376";"Indian"
1561;"04-11-2023";378.32;2745;"User_2745";"Pune";"Regular";464;"Restaurant_464";"Italian"
1562;"22-07-2023";1198.56;1938;"User_1938";"Bangalore";"Regular";63;"Restaurant_63";"Italian"
1563;"23-01-2023";371.17;2883;"User_2883";"Chennai";"Regular";116;"Restaurant_116";"Chinese"
1564;"25-04-2023";1039.13;1899;"User_1899";"Chennai";"Gold";349;"Restaurant_349";"Indian"
1565;"14-01-2023";882.59;2275;"User_2275";"Bangalore";"Gold";378;"Restaurant_378";"Italian"
1566;"27-09-2023";951.82;1153;"User_1153";"Hyderabad";"Gold";38;"Restaurant_38";"Italian"
1567;"29-04-2023";1207.2;1967;"User_1967";"Hyderabad";"Regular";295;"Restaurant_295";"Chinese"
1568;"28-04-2023";184.9;2622;"User_2622";"Pune";"Regular";289;"Restaurant_289";"Italian"
1569;"12-11-2023";269.46;507;"User_507";"Chennai";"Regular";190;"Restaurant_190";"Chinese"
1570;"19-12-2023";771.67;1451;"User_1451";"Bangalore";"Regular";366;"Restaurant_366";"Indian"
1571;"07-03-2023";428.34;436;"User_436";"Bangalore";"Gold";197;"Restaurant_197";"Mexican"
1572;"23-08-2023";1264.84;1176;"User_1176";"Chennai";"Gold";355;"Restaurant_355";"Indian"
1573;"03-06-2023";806.91;1790;"User_1790";"Pune";"Regular";406;"Restaurant_406";"Chinese"
1574;"11-09-2023";1483.92;27;"User_27";"Pune";"Gold";165;"Restaurant_165";"Mexican"
1575;"27-02-2023";375.44;1222;"User_1222";"Chennai";"Regular";250;"Restaurant_250";"Mexican"
1576;"28-01-2023";918.07;1474;"User_1474";"Bangalore";"Gold";333;"Restaurant_333";"Chinese"
1577;"30-09-2023";818.21;545;"User_545";"Pune";"Regular";191;"Restaurant_191";"Indian"
1578;"14-11-2023";476.17;175;"User_175";"Hyderabad";"Gold";399;"Restaurant_399";"Chinese"
1579;"14-06-2023";193.37;2934;"User_2934";"Hyderabad";"Gold";82;"Restaurant_82";"Chinese"
1580;"02-11-2023";268.61;2603;"User_2603";"Bangalore";"Regular";393;"Restaurant_393";"Italian"
1581;"06-12-2023";1380.46;133;"User_133";"Chennai";"Regular";86;"Restaurant_86";"Indian"
1582;"10-11-2023";565.4;2986;"User_2986";"Hyderabad";"Regular";6;"Restaurant_6";"Chinese"
1583;"10-11-2023";1391.14;328;"User_328";"Pune";"Gold";246;"Restaurant_246";"Mexican"
1584;"24-07-2023";973.56;887;"User_887";"Chennai";"Regular";325;"Restaurant_325";"Italian"
1585;"12-07-2023";978.41;2385;"User_2385";"Pune";"Regular";414;"Restaurant_414";"Chinese"
1586;"23-02-2023";1217.92;2294;"User_2294";"Pune";"Regular";296;"Restaurant_296";"Italian"
1587;"29-06-2023";464.42;2711;"User_2711";"Bangalore";"Gold";372;"Restaurant_372";"Italian"
1588;"06-07-2023";1090.13;1038;"User_1038";"Bangalore";"Regular";475;"Restaurant_475";"Italian"
1589;"03-01-2023";1081.38;1000;"User_1000";"Pune";"Gold";130;"Restaurant_130";"Indian"
1590;"27-09-2023";1061.03;1975;"User_1975";"Bangalore";"Regular";118;"Restaurant_118";"Mexican"
1591;"02-05-2023";881.15;401;"User_401";"Chennai";"Regular";187;"Restaurant_187";"Chinese"
1592;"16-04-2023";154.71;762;"User_762";"Bangalore";"Gold";14;"Restaurant_14";"Indian"
1593;"17-03-2023";666.14;2021;"User_2021";"Pune";"Gold";105;"Restaurant_105";"Mexican"
1594;"19-12-2023";126.02;1851;"User_1851";"Bangalore";"Gold";194;"Restaurant_194";"Chinese"
1595;"14-11-2023";1176.65;2855;"User_2855";"Chennai";"Gold";413;"Restaurant_413";"Italian"
1596;"27-02-2023";896.46;1877;"User_1877";"Pune";"Regular";289;"Restaurant_289";"Italian"
1597;"11-05-2023";641.0;1796;"User_1796";"Chennai";"Regular";84;"Restaurant_84";"Chinese"
1598;"20-10-2023";613.15;380;"User_380";"Bangalore";"Regular";449;"Restaurant_449";"Indian"
1599;"15-10-2023";235.47;617;"User_617";"Chennai";"Regular";454;"Restaurant_454";"Italian"
1600;"30-01-2023";1222.86;2845;"User_2845";"Pune";"Gold";135;"Restaurant_135";"Indian"
1601;"03-09-2023";1181.91;2054;"User_2054";"Chennai";"Regular";422;"Restaurant_422";"Mexican"
1602;"20-05-2023";1111.07;1530;"User_1530";"Bangalore";"Gold";341;"Restaurant_341";"Chinese"
1603;"03-06-2023";1107.51;1419;"User_1419";"Pune";"Gold";349;"Restaurant_349";"Indian"
1604;"04-05-2023";183.95;51;"User_51";"Hyderabad";"Regular";30;"Restaurant_30";"Mexican"
1605;"27-08-2023";1173.33;1207;"User_1207";"Chennai";"Regular";91;"Restaurant_91";"Italian"
1606;"19-04-2023";210.72;832;"User_832";"Chennai";"Regular";135;"Restaurant_135";"Indian"
1607;"09-02-2023";521.46;1755;"User_1755";"Hyderabad";"Regular";220;"Restaurant_220";"Mexican"
1608;"21-01-2023";599.87;2736;"User_2736";"Chennai";"Gold";90;"Restaurant_90";"Italian"
1609;"06-02-2023";1103.81;2371;"User_2371";"Pune";"Gold";175;"Restaurant_175";"Chinese"
1610;"08-11-2023";374.73;601;"User_601";"Hyderabad";"Regular";143;"Restaurant_143";"Chinese"
1611;"08-09-2023";137.7;574;"User_574";"Chennai";"Regular";497;"Restaurant_497";"Mexican"
1612;"30-10-2023";910.94;1015;"User_1015";"Chennai";"Gold";98;"Restaurant_98";"Indian"
1613;"09-06-2023";959.16;2128;"User_2128";"Bangalore";"Gold";21;"Restaurant_21";"Indian"
1614;"29-01-2023";1334.08;1293;"User_1293";"Hyderabad";"Gold";95;"Restaurant_95";"Indian"
1615;"21-11-2023";221.87;2559;"User_2559";"Bangalore";"Regular";446;"Restaurant_446";"Indian"
1616;"04-04-2023";908.69;594;"User_594";"Bangalore";"Gold";30;"Restaurant_30";"Mexican"
1617;"25-07-2023";413.62;2896;"User_2896";"Bangalore";"Gold";116;"Restaurant_116";"Chinese"
1618;"30-04-2023";1142.79;2616;"User_2616";"Chennai";"Gold";486;"Restaurant_486";"Italian"
1619;"15-01-2023";283.59;1530;"User_1530";"Bangalore";"Gold";425;"Restaurant_425";"Chinese"
1620;"27-06-2023";932.31;2238;"User_2238";"Chennai";"Gold";257;"Restaurant_257";"Italian"
1621;"19-12-2023";581.22;789;"User_789";"Pune";"Regular";295;"Restaurant_295";"Chinese"
1622;"22-01-2023";1452.39;610;"User_610";"Pune";"Gold";157;"Restaurant_157";"Italian"
1623;"12-08-2023";271.99;19;"User_19";"Hyderabad";"Regular";134;"Restaurant_134";"Mexican"
1624;"02-12-2023";677.74;2109;"User_2109";"Bangalore";"Gold";30;"Restaurant_30";"Mexican"
1625;"05-11-2023";263.14;2818;"User_2818";"Pune";"Gold";2;"Restaurant_2";"Indian"
1626;"31-10-2023";1191.74;812;"User_812";"Bangalore";"Regular";266;"Restaurant_266";"Italian"
1627;"22-01-2023";941.21;2579;"User_2579";"Bangalore";"Gold";112;"Restaurant_112";"Chinese"
1628;"21-02-2023";1160.19;2226;"User_2226";"Hyderabad";"Regular";292;"Restaurant_292";"Mexican"
1629;"06-08-2023";1332.24;2384;"User_2384";"Pune";"Regular";164;"Restaurant_164";"Italian"
1630;"02-01-2023";318.33;2902;"User_2902";"Hyderabad";"Regular";211;"Restaurant_211";"Chinese"
1631;"17-10-2023";1307.43;1998;"User_1998";"Pune";"Regular";40;"Restaurant_40";"Indian"
1632;"03-12-2023";206.39;2180;"User_2180";"Pune";"Gold";159;"Restaurant_159";"Mexican"
1633;"14-01-2023";274.35;768;"User_768";"Chennai";"Gold";306;"Restaurant_306";"Chinese"
1634;"06-09-2023";951.19;1217;"User_1217";"Chennai";"Gold";87;"Restaurant_87";"Mexican"
1635;"01-02-2023";215.06;2337;"User_2337";"Bangalore";"Gold";370;"Restaurant_370";"Chinese"
1636;"19-10-2023";1021.36;462;"User_462";"Chennai";"Gold";67;"Restaurant_67";"Mexican"
1637;"25-02-2023";579.74;1448;"User_1448";"Chennai";"Regular";111;"Restaurant_111";"Mexican"
1638;"28-07-2023";1426.93;2387;"User_2387";"Pune";"Regular";201;"Restaurant_201";"Mexican"
1639;"13-07-2023";325.42;2560;"User_2560";"Pune";"Gold";490;"Restaurant_490";"Italian"
1640;"03-04-2023";787.7;2292;"User_2292";"Hyderabad";"Gold";458;"Restaurant_458";"Italian"
1641;"27-04-2023";1076.62;2651;"User_2651";"Pune";"Gold";79;"Restaurant_79";"Mexican"
1642;"04-03-2023";259.27;1398;"User_1398";"Chennai";"Regular";359;"Restaurant_359";"Mexican"
1643;"27-12-2023";1154.04;2309;"User_2309";"Chennai";"Gold";142;"Restaurant_142";"Indian"
1644;"29-09-2023";1327.91;1363;"User_1363";"Bangalore";"Gold";294;"Restaurant_294";"Italian"
1645;"17-03-2023";1244.6;2089;"User_2089";"Hyderabad";"Gold";153;"Restaurant_153";"Italian"
1646;"12-10-2023";1108.13;1547;"User_1547";"Bangalore";"Regular";303;"Restaurant_303";"Mexican"
1647;"13-08-2023";719.09;2399;"User_2399";"Hyderabad";"Regular";409;"Restaurant_409";"Mexican"
1648;"14-06-2023";364.77;1291;"User_1291";"Chennai";"Gold";256;"Restaurant_256";"Italian"
1649;"01-01-2024";766.32;1585;"User_1585";"Bangalore";"Regular";436;"Restaurant_436";"Mexican"
1650;"02-08-2023";1232.89;1624;"User_1624";"Pune";"Gold";128;"Restaurant_128";"Indian"
1651;"23-06-2023";126.38;2582;"User_2582";"Hyderabad";"Gold";194;"Restaurant_194";"Chinese"
1652;"31-03-2023";1190.22;2475;"User_2475";"Pune";"Gold";288;"Restaurant_288";"Mexican"
1653;"19-05-2023";821.24;175;"User_175";"Hyderabad";"Gold";486;"Restaurant_486";"Italian"
1654;"28-02-2023";720.54;1298;"User_1298";"Chennai";"Gold";150;"Restaurant_150";"Indian"
1655;"25-04-2023";487.72;913;"User_913";"Hyderabad";"Gold";355;"Restaurant_355";"Indian"
1656;"20-03-2023";1489.15;1895;"User_1895";"Chennai";"Regular";217;"Restaurant_217";"Indian"
1657;"02-03-2023";692.61;874;"User_874";"Pune";"Gold";149;"Restaurant_149";"Mexican"
1658;"01-03-2023";1087.38;1323;"User_1323";"Chennai";"Regular";322;"Restaurant_322";"Italian"
1659;"24-06-2023";1259.31;821;"User_821";"Chennai";"Gold";483;"Restaurant_483";"Chinese"
1660;"17-03-2023";497.78;2908;"User_2908";"Pune";"Gold";50;"Restaurant_50";"Mexican"
1661;"06-09-2023";183.53;1590;"User_1590";"Chennai";"Gold";118;"Restaurant_118";"Mexican"
1662;"27-03-2023";921.85;565;"User_565";"Bangalore";"Regular";241;"Restaurant_241";"Chinese"
1663;"13-06-2023";660.17;1216;"User_1216";"Bangalore";"Regular";153;"Restaurant_153";"Italian"
1664;"12-07-2023";943.55;2422;"User_2422";"Chennai";"Regular";472;"Restaurant_472";"Chinese"
1665;"29-10-2023";300.63;2755;"User_2755";"Pune";"Regular";262;"Restaurant_262";"Chinese"
1666;"10-02-2023";361.33;2872;"User_2872";"Pune";"Gold";331;"Restaurant_331";"Mexican"
1667;"25-12-2023";320.87;1412;"User_1412";"Chennai";"Regular";136;"Restaurant_136";"Indian"
1668;"24-04-2023";248.97;1166;"User_1166";"Bangalore";"Regular";343;"Restaurant_343";"Mexican"
1669;"29-11-2023";528.64;2860;"User_2860";"Hyderabad";"Regular";383;"Restaurant_383";"Indian"
1670;"04-10-2023";286.31;1303;"User_1303";"Chennai";"Gold";253;"Restaurant_253";"Italian"
1671;"16-12-2023";119.65;2405;"User_2405";"Bangalore";"Regular";222;"Restaurant_222";"Italian"
1672;"17-12-2023";516.89;2025;"User_2025";"Chennai";"Regular";380;"Restaurant_380";"Italian"
1673;"07-05-2023";320.88;1366;"User_1366";"Bangalore";"Gold";313;"Restaurant_313";"Indian"
1674;"12-07-2023";653.6;2867;"User_2867";"Bangalore";"Regular";262;"Restaurant_262";"Chinese"
1675;"12-12-2023";520.95;1180;"User_1180";"Hyderabad";"Regular";171;"Restaurant_171";"Mexican"
1676;"21-03-2023";744.26;2671;"User_2671";"Bangalore";"Gold";305;"Restaurant_305";"Indian"
1677;"26-01-2023";1113.64;241;"User_241";"Hyderabad";"Regular";176;"Restaurant_176";"Italian"
1678;"06-01-2023";794.98;464;"User_464";"Chennai";"Regular";468;"Restaurant_468";"Chinese"
1679;"03-09-2023";626.5;1720;"User_1720";"Hyderabad";"Regular";397;"Restaurant_397";"Indian"
1680;"16-12-2023";900.84;1410;"User_1410";"Hyderabad";"Regular";108;"Restaurant_108";"Chinese"
1681;"28-10-2023";970.78;2840;"User_2840";"Bangalore";"Gold";417;"Restaurant_417";"Mexican"
1682;"29-10-2023";1339.23;1869;"User_1869";"Pune";"Regular";134;"Restaurant_134";"Mexican"
1683;"05-12-2023";505.71;2;"User_2";"Pune";"Gold";333;"Restaurant_333";"Chinese"
1684;"08-04-2023";1137.91;307;"User_307";"Bangalore";"Regular";146;"Restaurant_146";"Indian"
1685;"23-11-2023";146.55;1301;"User_1301";"Hyderabad";"Regular";110;"Restaurant_110";"Mexican"
1686;"30-09-2023";290.86;429;"User_429";"Hyderabad";"Gold";124;"Restaurant_124";"Mexican"
1687;"12-10-2023";653.55;961;"User_961";"Bangalore";"Regular";146;"Restaurant_146";"Indian"
1688;"16-02-2023";850.21;1377;"User_1377";"Pune";"Regular";59;"Restaurant_59";"Chinese"
1689;"25-04-2023";214.76;1244;"User_1244";"Hyderabad";"Gold";198;"Restaurant_198";"Mexican"
1690;"07-03-2023";507.04;1856;"User_1856";"Pune";"Gold";47;"Restaurant_47";"Indian"
1691;"05-10-2023";108.72;1333;"User_1333";"Bangalore";"Gold";218;"Restaurant_218";"Indian"
1692;"11-04-2023";878.72;805;"User_805";"Pune";"Gold";488;"Restaurant_488";"Chinese"
1693;"29-04-2023";800.07;2287;"User_2287";"Bangalore";"Gold";131;"Restaurant_131";"Italian"
1694;"01-09-2023";315.42;1663;"User_1663";"Bangalore";"Regular";82;"Restaurant_82";"Chinese"
1695;"26-11-2023";901.42;2450;"User_2450";"Bangalore";"Regular";185;"Restaurant_185";"Mexican"
1696;"01-03-2023";1269.98;2339;"User_2339";"Pune";"Regular";271;"Restaurant_271";"Chinese"
1697;"07-07-2023";588.06;2;"User_2";"Pune";"Gold";289;"Restaurant_289";"Italian"
1698;"05-10-2023";870.14;772;"User_772";"Bangalore";"Gold";38;"Restaurant_38";"Italian"
1699;"26-03-2023";1295.12;413;"User_413";"Pune";"Gold";101;"Restaurant_101";"Mexican"
1700;"27-04-2023";640.29;493;"User_493";"Bangalore";"Gold";225;"Restaurant_225";"Italian"
1701;"11-02-2023";1391.94;2945;"User_2945";"Pune";"Regular";158;"Restaurant_158";"Indian"
1702;"03-02-2023";398.76;1935;"User_1935";"Bangalore";"Gold";134;"Restaurant_134";"Mexican"
1703;"25-02-2023";1268.02;2162;"User_2162";"Bangalore";"Gold";270;"Restaurant_270";"Mexican"
1704;"31-12-2023";895.67;1809;"User_1809";"Bangalore";"Gold";109;"Restaurant_109";"Chinese"
1705;"24-10-2023";446.69;806;"User_806";"Bangalore";"Gold";255;"Restaurant_255";"Mexican"
1706;"02-03-2023";179.2;675;"User_675";"Bangalore";"Gold";302;"Restaurant_302";"Mexican"
1707;"02-12-2023";695.06;1736;"User_1736";"Pune";"Regular";224;"Restaurant_224";"Chinese"
1708;"07-10-2023";1446.95;2191;"User_2191";"Pune";"Gold";128;"Restaurant_128";"Indian"
1709;"03-01-2023";774.86;817;"User_817";"Hyderabad";"Regular";465;"Restaurant_465";"Italian"
1710;"10-11-2023";341.56;1575;"User_1575";"Bangalore";"Gold";227;"Restaurant_227";"Italian"
1711;"17-09-2023";1217.13;1385;"User_1385";"Bangalore";"Regular";331;"Restaurant_331";"Mexican"
1712;"01-06-2023";865.79;764;"User_764";"Hyderabad";"Regular";221;"Restaurant_221";"Chinese"
1713;"07-04-2023";770.05;1717;"User_1717";"Bangalore";"Regular";250;"Restaurant_250";"Mexican"
1714;"10-08-2023";670.65;1330;"User_1330";"Chennai";"Gold";31;"Restaurant_31";"Mexican"
1715;"04-03-2023";426.32;78;"User_78";"Pune";"Gold";396;"Restaurant_396";"Mexican"
1716;"27-10-2023";994.79;2447;"User_2447";"Chennai";"Regular";152;"Restaurant_152";"Indian"
1717;"16-01-2023";512.13;843;"User_843";"Pune";"Gold";317;"Restaurant_317";"Mexican"
1718;"26-05-2023";257.3;1940;"User_1940";"Hyderabad";"Gold";148;"Restaurant_148";"Italian"
1719;"03-03-2023";1095.65;2488;"User_2488";"Hyderabad";"Regular";312;"Restaurant_312";"Chinese"
1720;"03-08-2023";987.7;2414;"User_2414";"Hyderabad";"Gold";182;"Restaurant_182";"Mexican"
1721;"21-01-2023";725.75;2859;"User_2859";"Hyderabad";"Regular";193;"Restaurant_193";"Chinese"
1722;"30-08-2023";817.26;1919;"User_1919";"Chennai";"Gold";475;"Restaurant_475";"Italian"
1723;"21-08-2023";770.56;2948;"User_2948";"Hyderabad";"Gold";107;"Restaurant_107";"Mexican"
1724;"05-03-2023";1430.74;2716;"User_2716";"Pune";"Regular";72;"Restaurant_72";"Mexican"
1725;"29-11-2023";1067.78;422;"User_422";"Chennai";"Regular";497;"Restaurant_497";"Mexican"
1726;"24-11-2023";296.17;2599;"User_2599";"Bangalore";"Gold";239;"Restaurant_239";"Indian"
1727;"31-03-2023";369.96;27;"User_27";"Pune";"Gold";112;"Restaurant_112";"Chinese"
1728;"05-11-2023";826.78;1631;"User_1631";"Bangalore";"Regular";461;"Restaurant_461";"Italian"
1729;"08-04-2023";552.75;1194;"User_1194";"Chennai";"Regular";370;"Restaurant_370";"Chinese"
1730;"28-07-2023";482.59;1563;"User_1563";"Chennai";"Regular";469;"Restaurant_469";"Italian"
1731;"20-10-2023";571.83;2684;"User_2684";"Pune";"Regular";155;"Restaurant_155";"Mexican"
1732;"10-07-2023";1175.65;1093;"User_1093";"Pune";"Regular";94;"Restaurant_94";"Chinese"
1733;"21-10-2023";1432.7;2366;"User_2366";"Bangalore";"Regular";484;"Restaurant_484";"Mexican"
1734;"22-01-2023";363.85;477;"User_477";"Pune";"Gold";110;"Restaurant_110";"Mexican"
1735;"11-10-2023";1454.16;1166;"User_1166";"Bangalore";"Regular";151;"Restaurant_151";"Chinese"
1736;"02-04-2023";918.28;1877;"User_1877";"Pune";"Regular";177;"Restaurant_177";"Indian"
1737;"01-11-2023";1220.79;690;"User_690";"Hyderabad";"Gold";79;"Restaurant_79";"Mexican"
1738;"10-07-2023";759.41;2746;"User_2746";"Bangalore";"Regular";80;"Restaurant_80";"Italian"
1739;"12-09-2023";1397.9;2888;"User_2888";"Chennai";"Gold";65;"Restaurant_65";"Mexican"
1740;"15-05-2023";1185.07;1961;"User_1961";"Pune";"Regular";75;"Restaurant_75";"Chinese"
1741;"26-07-2023";1087.31;1799;"User_1799";"Chennai";"Gold";140;"Restaurant_140";"Italian"
1742;"13-04-2023";1228.15;404;"User_404";"Hyderabad";"Gold";195;"Restaurant_195";"Indian"
1743;"10-03-2023";1426.26;2366;"User_2366";"Bangalore";"Regular";13;"Restaurant_13";"Indian"
1744;"30-12-2023";785.67;2501;"User_2501";"Chennai";"Gold";160;"Restaurant_160";"Chinese"
1745;"26-10-2023";685.52;2335;"User_2335";"Hyderabad";"Gold";233;"Restaurant_233";"Italian"
1746;"17-12-2023";690.77;480;"User_480";"Pune";"Regular";376;"Restaurant_376";"Indian"
1747;"07-09-2023";614.5;1375;"User_1375";"Pune";"Regular";35;"Restaurant_35";"Chinese"
1748;"27-09-2023";1040.27;2970;"User_2970";"Chennai";"Regular";363;"Restaurant_363";"Italian"
1749;"02-12-2023";486.56;2297;"User_2297";"Bangalore";"Gold";67;"Restaurant_67";"Mexican"
1750;"18-08-2023";643.18;1209;"User_1209";"Bangalore";"Gold";215;"Restaurant_215";"Mexican"
1751;"04-09-2023";840.38;588;"User_588";"Pune";"Regular";405;"Restaurant_405";"Indian"
1752;"01-06-2023";1053.84;476;"User_476";"Pune";"Regular";145;"Restaurant_145";"Italian"
1753;"29-03-2023";211.39;1058;"User_1058";"Hyderabad";"Regular";482;"Restaurant_482";"Chinese"
1754;"15-01-2023";1158.54;2949;"User_2949";"Bangalore";"Gold";45;"Restaurant_45";"Mexican"
1755;"13-05-2023";443.03;152;"User_152";"Chennai";"Regular";268;"Restaurant_268";"Indian"
1756;"15-08-2023";572.62;2717;"User_2717";"Bangalore";"Regular";342;"Restaurant_342";"Mexican"
1757;"08-04-2023";1249.47;2233;"User_2233";"Hyderabad";"Regular";393;"Restaurant_393";"Italian"
1758;"17-10-2023";310.35;643;"User_643";"Pune";"Gold";345;"Restaurant_345";"Chinese"
1759;"28-08-2023";341.38;213;"User_213";"Hyderabad";"Gold";104;"Restaurant_104";"Chinese"
1760;"27-11-2023";1256.14;2586;"User_2586";"Hyderabad";"Regular";26;"Restaurant_26";"Chinese"
1761;"16-05-2023";943.44;2026;"User_2026";"Chennai";"Regular";335;"Restaurant_335";"Italian"
1762;"30-10-2023";393.98;2297;"User_2297";"Bangalore";"Gold";413;"Restaurant_413";"Italian"
1763;"09-02-2023";688.95;1191;"User_1191";"Hyderabad";"Regular";46;"Restaurant_46";"Chinese"
1764;"07-09-2023";1319.21;1081;"User_1081";"Hyderabad";"Gold";374;"Restaurant_374";"Mexican"
1765;"16-03-2023";696.76;2491;"User_2491";"Bangalore";"Gold";157;"Restaurant_157";"Italian"
1766;"08-10-2023";1119.15;2298;"User_2298";"Bangalore";"Regular";33;"Restaurant_33";"Italian"
1767;"20-05-2023";597.27;2892;"User_2892";"Hyderabad";"Gold";411;"Restaurant_411";"Indian"
1768;"17-07-2023";1109.9;7;"User_7";"Chennai";"Gold";88;"Restaurant_88";"Indian"
1769;"27-04-2023";853.75;2971;"User_2971";"Hyderabad";"Regular";231;"Restaurant_231";"Indian"
1770;"23-04-2023";971.92;421;"User_421";"Chennai";"Gold";86;"Restaurant_86";"Indian"
1771;"07-11-2023";901.55;2648;"User_2648";"Hyderabad";"Regular";264;"Restaurant_264";"Indian"
1772;"10-10-2023";1077.24;1793;"User_1793";"Chennai";"Gold";87;"Restaurant_87";"Mexican"
1773;"24-02-2023";1309.62;1070;"User_1070";"Hyderabad";"Gold";213;"Restaurant_213";"Indian"
1774;"22-04-2023";855.22;1984;"User_1984";"Pune";"Gold";267;"Restaurant_267";"Chinese"
1775;"16-01-2023";159.44;713;"User_713";"Pune";"Gold";244;"Restaurant_244";"Italian"
1776;"11-12-2023";757.79;1934;"User_1934";"Hyderabad";"Regular";351;"Restaurant_351";"Mexican"
1777;"16-12-2023";649.23;2626;"User_2626";"Bangalore";"Gold";103;"Restaurant_103";"Mexican"
1778;"19-03-2023";1217.3;2320;"User_2320";"Hyderabad";"Gold";166;"Restaurant_166";"Chinese"
1779;"23-11-2023";173.96;2835;"User_2835";"Bangalore";"Gold";496;"Restaurant_496";"Indian"
1780;"28-12-2023";873.5;1228;"User_1228";"Bangalore";"Regular";495;"Restaurant_495";"Italian"
1781;"10-09-2023";130.43;2175;"User_2175";"Pune";"Regular";187;"Restaurant_187";"Chinese"
1782;"08-07-2023";976.43;841;"User_841";"Pune";"Gold";355;"Restaurant_355";"Indian"
1783;"09-11-2023";157.53;1319;"User_1319";"Hyderabad";"Gold";349;"Restaurant_349";"Indian"
1784;"01-03-2023";858.23;631;"User_631";"Chennai";"Gold";141;"Restaurant_141";"Mexican"
1785;"28-03-2023";1429.94;1269;"User_1269";"Bangalore";"Gold";150;"Restaurant_150";"Indian"
1786;"09-02-2023";1340.15;1004;"User_1004";"Bangalore";"Regular";119;"Restaurant_119";"Chinese"
1787;"30-01-2023";1250.55;1489;"User_1489";"Bangalore";"Regular";320;"Restaurant_320";"Italian"
1788;"18-05-2023";1292.01;2750;"User_2750";"Chennai";"Gold";45;"Restaurant_45";"Mexican"
1789;"30-12-2023";393.61;2742;"User_2742";"Hyderabad";"Gold";309;"Restaurant_309";"Indian"
1790;"31-05-2023";820.21;2247;"User_2247";"Hyderabad";"Regular";380;"Restaurant_380";"Italian"
1791;"12-02-2023";1499.18;1514;"User_1514";"Pune";"Gold";80;"Restaurant_80";"Italian"
1792;"13-10-2023";1484.94;2116;"User_2116";"Chennai";"Gold";387;"Restaurant_387";"Mexican"
1793;"02-09-2023";1220.41;41;"User_41";"Bangalore";"Regular";215;"Restaurant_215";"Mexican"
1794;"31-03-2023";1492.87;2796;"User_2796";"Bangalore";"Gold";474;"Restaurant_474";"Mexican"
1795;"17-08-2023";855.46;2585;"User_2585";"Pune";"Gold";212;"Restaurant_212";"Indian"
1796;"16-06-2023";755.31;1927;"User_1927";"Hyderabad";"Gold";3;"Restaurant_3";"Mexican"
1797;"02-06-2023";649.79;2852;"User_2852";"Pune";"Regular";84;"Restaurant_84";"Chinese"
1798;"23-04-2023";221.71;1973;"User_1973";"Bangalore";"Regular";22;"Restaurant_22";"Chinese"
1799;"10-07-2023";445.07;837;"User_837";"Bangalore";"Gold";400;"Restaurant_400";"Mexican"
1800;"24-09-2023";1368.54;2694;"User_2694";"Bangalore";"Regular";291;"Restaurant_291";"Mexican"
1801;"12-05-2023";896.69;71;"User_71";"Chennai";"Gold";183;"Restaurant_183";"Chinese"
1802;"12-01-2023";1219.6;982;"User_982";"Hyderabad";"Regular";98;"Restaurant_98";"Indian"
1803;"11-05-2023";171.21;2347;"User_2347";"Hyderabad";"Regular";253;"Restaurant_253";"Italian"
1804;"11-02-2023";846.24;875;"User_875";"Hyderabad";"Regular";490;"Restaurant_490";"Italian"
1805;"27-10-2023";380.67;2457;"User_2457";"Chennai";"Gold";11;"Restaurant_11";"Chinese"
1806;"09-07-2023";477.86;2200;"User_2200";"Chennai";"Regular";457;"Restaurant_457";"Indian"
1807;"23-04-2023";1254.77;939;"User_939";"Chennai";"Regular";126;"Restaurant_126";"Italian"
1808;"19-01-2023";601.7;2059;"User_2059";"Bangalore";"Gold";468;"Restaurant_468";"Chinese"
1809;"19-10-2023";1474.8;980;"User_980";"Chennai";"Gold";452;"Restaurant_452";"Chinese"
1810;"27-11-2023";753.99;1612;"User_1612";"Chennai";"Gold";500;"Restaurant_500";"Chinese"
1811;"09-04-2023";283.54;2247;"User_2247";"Hyderabad";"Regular";468;"Restaurant_468";"Chinese"
1812;"01-01-2023";1000.51;1531;"User_1531";"Bangalore";"Gold";263;"Restaurant_263";"Indian"
1813;"26-05-2023";1023.86;1593;"User_1593";"Chennai";"Regular";76;"Restaurant_76";"Italian"
1814;"07-08-2023";497.29;1542;"User_1542";"Bangalore";"Regular";190;"Restaurant_190";"Chinese"
1815;"05-05-2023";534.52;1956;"User_1956";"Bangalore";"Regular";72;"Restaurant_72";"Mexican"
1816;"15-09-2023";1209.3;37;"User_37";"Bangalore";"Regular";45;"Restaurant_45";"Mexican"
1817;"13-05-2023";240.93;1806;"User_1806";"Chennai";"Gold";460;"Restaurant_460";"Chinese"
1818;"07-06-2023";1458.47;837;"User_837";"Bangalore";"Gold";228;"Restaurant_228";"Mexican"
1819;"11-07-2023";1497.8;1492;"User_1492";"Bangalore";"Regular";47;"Restaurant_47";"Indian"
1820;"07-01-2023";1280.79;666;"User_666";"Hyderabad";"Regular";354;"Restaurant_354";"Indian"
1821;"31-05-2023";1180.79;1865;"User_1865";"Chennai";"Regular";259;"Restaurant_259";"Mexican"
1822;"28-12-2023";1077.09;2681;"User_2681";"Chennai";"Gold";378;"Restaurant_378";"Italian"
1823;"20-05-2023";1178.74;1538;"User_1538";"Bangalore";"Regular";7;"Restaurant_7";"Italian"
1824;"19-04-2023";560.46;423;"User_423";"Chennai";"Gold";76;"Restaurant_76";"Italian"
1825;"01-10-2023";347.91;1793;"User_1793";"Chennai";"Gold";34;"Restaurant_34";"Chinese"
1826;"10-03-2023";593.98;595;"User_595";"Chennai";"Regular";341;"Restaurant_341";"Chinese"
1827;"07-06-2023";1435.16;1280;"User_1280";"Hyderabad";"Regular";475;"Restaurant_475";"Italian"
1828;"05-02-2023";589.33;1498;"User_1498";"Chennai";"Gold";464;"Restaurant_464";"Italian"
1829;"04-04-2023";624.03;2167;"User_2167";"Hyderabad";"Gold";260;"Restaurant_260";"Indian"
1830;"10-01-2023";1037.55;942;"User_942";"Bangalore";"Regular";49;"Restaurant_49";"Italian"
1831;"06-11-2023";1153.29;1515;"User_1515";"Bangalore";"Regular";109;"Restaurant_109";"Chinese"
1832;"19-06-2023";321.84;177;"User_177";"Chennai";"Regular";443;"Restaurant_443";"Mexican"
1833;"05-10-2023";1173.95;2198;"User_2198";"Chennai";"Regular";315;"Restaurant_315";"Mexican"
1834;"06-01-2023";1395.0;857;"User_857";"Pune";"Regular";26;"Restaurant_26";"Chinese"
1835;"21-05-2023";764.93;2671;"User_2671";"Bangalore";"Gold";101;"Restaurant_101";"Mexican"
1836;"28-10-2023";1129.92;736;"User_736";"Pune";"Gold";89;"Restaurant_89";"Indian"
1837;"17-03-2023";1209.6;2654;"User_2654";"Chennai";"Regular";492;"Restaurant_492";"Italian"
1838;"20-01-2023";509.81;153;"User_153";"Pune";"Gold";184;"Restaurant_184";"Mexican"
1839;"30-09-2023";183.84;1184;"User_1184";"Pune";"Gold";151;"Restaurant_151";"Chinese"
1840;"16-09-2023";178.03;2518;"User_2518";"Chennai";"Regular";79;"Restaurant_79";"Mexican"
1841;"16-03-2023";1227.01;932;"User_932";"Hyderabad";"Regular";251;"Restaurant_251";"Chinese"
1842;"07-04-2023";1359.53;688;"User_688";"Hyderabad";"Gold";165;"Restaurant_165";"Mexican"
1843;"24-08-2023";997.82;2369;"User_2369";"Chennai";"Gold";12;"Restaurant_12";"Mexican"
1844;"22-10-2023";861.13;1027;"User_1027";"Chennai";"Gold";472;"Restaurant_472";"Chinese"
1845;"17-03-2023";125.28;1489;"User_1489";"Bangalore";"Regular";390;"Restaurant_390";"Mexican"
1846;"01-03-2023";1143.24;594;"User_594";"Bangalore";"Gold";193;"Restaurant_193";"Chinese"
1847;"15-07-2023";835.68;2443;"User_2443";"Pune";"Regular";389;"Restaurant_389";"Italian"
1848;"25-11-2023";180.11;171;"User_171";"Hyderabad";"Regular";95;"Restaurant_95";"Indian"
1849;"30-08-2023";581.86;1144;"User_1144";"Chennai";"Gold";344;"Restaurant_344";"Indian"
1850;"10-11-2023";485.46;2788;"User_2788";"Hyderabad";"Regular";359;"Restaurant_359";"Mexican"
1851;"26-01-2023";267.21;1257;"User_1257";"Bangalore";"Gold";175;"Restaurant_175";"Chinese"
1852;"01-03-2023";599.83;1199;"User_1199";"Pune";"Gold";104;"Restaurant_104";"Chinese"
1853;"14-06-2023";367.58;1165;"User_1165";"Chennai";"Regular";395;"Restaurant_395";"Mexican"
1854;"26-11-2023";938.96;2005;"User_2005";"Bangalore";"Gold";63;"Restaurant_63";"Italian"
1855;"15-03-2023";1090.14;2939;"User_2939";"Pune";"Regular";176;"Restaurant_176";"Italian"
1856;"18-01-2023";1243.99;553;"User_553";"Pune";"Gold";123;"Restaurant_123";"Chinese"
1857;"26-06-2023";851.69;1023;"User_1023";"Hyderabad";"Regular";210;"Restaurant_210";"Indian"
1858;"24-09-2023";405.36;1962;"User_1962";"Pune";"Gold";431;"Restaurant_431";"Mexican"
1859;"28-08-2023";278.65;235;"User_235";"Hyderabad";"Gold";276;"Restaurant_276";"Italian"
1860;"25-05-2023";1316.07;731;"User_731";"Bangalore";"Regular";42;"Restaurant_42";"Chinese"
1861;"27-07-2023";452.91;1162;"User_1162";"Bangalore";"Gold";404;"Restaurant_404";"Indian"
1862;"18-06-2023";910.36;1249;"User_1249";"Pune";"Regular";426;"Restaurant_426";"Chinese"
1863;"09-05-2023";1174.71;1702;"User_1702";"Pune";"Regular";395;"Restaurant_395";"Mexican"
1864;"08-07-2023";651.13;1130;"User_1130";"Chennai";"Gold";272;"Restaurant_272";"Indian"
1865;"03-12-2023";865.4;57;"User_57";"Pune";"Regular";33;"Restaurant_33";"Italian"
1866;"11-05-2023";984.74;351;"User_351";"Bangalore";"Gold";155;"Restaurant_155";"Mexican"
1867;"19-01-2023";984.57;642;"User_642";"Bangalore";"Gold";144;"Restaurant_144";"Chinese"
1868;"18-01-2023";1407.63;2780;"User_2780";"Bangalore";"Regular";186;"Restaurant_186";"Indian"
1869;"31-10-2023";240.12;2295;"User_2295";"Bangalore";"Regular";476;"Restaurant_476";"Mexican"
1870;"07-08-2023";1110.95;2069;"User_2069";"Pune";"Gold";301;"Restaurant_301";"Italian"
1871;"22-12-2023";932.1;1036;"User_1036";"Bangalore";"Regular";94;"Restaurant_94";"Chinese"
1872;"01-07-2023";353.69;2730;"User_2730";"Bangalore";"Regular";478;"Restaurant_478";"Chinese"
1873;"14-05-2023";1131.11;2310;"User_2310";"Hyderabad";"Gold";380;"Restaurant_380";"Italian"
1874;"11-10-2023";680.54;1140;"User_1140";"Hyderabad";"Regular";432;"Restaurant_432";"Mexican"
1875;"17-05-2023";1481.2;444;"User_444";"Pune";"Gold";59;"Restaurant_59";"Chinese"
1876;"08-09-2023";342.2;678;"User_678";"Bangalore";"Regular";211;"Restaurant_211";"Chinese"
1877;"03-08-2023";1394.01;2024;"User_2024";"Chennai";"Regular";236;"Restaurant_236";"Italian"
1878;"05-12-2023";1488.81;2621;"User_2621";"Hyderabad";"Regular";317;"Restaurant_317";"Mexican"
1879;"17-08-2023";901.1;1842;"User_1842";"Hyderabad";"Regular";371;"Restaurant_371";"Chinese"
1880;"12-05-2023";195.7;841;"User_841";"Pune";"Gold";477;"Restaurant_477";"Indian"
1881;"08-01-2023";1469.86;1110;"User_1110";"Pune";"Gold";315;"Restaurant_315";"Mexican"
1882;"25-04-2023";237.46;2863;"User_2863";"Bangalore";"Regular";404;"Restaurant_404";"Indian"
1883;"06-06-2023";1231.41;903;"User_903";"Bangalore";"Gold";100;"Restaurant_100";"Indian"
1884;"18-05-2023";1484.31;2815;"User_2815";"Chennai";"Regular";69;"Restaurant_69";"Chinese"
1885;"08-07-2023";170.57;2770;"User_2770";"Hyderabad";"Regular";154;"Restaurant_154";"Chinese"
1886;"05-04-2023";1368.68;63;"User_63";"Pune";"Regular";397;"Restaurant_397";"Indian"
1887;"23-11-2023";279.69;632;"User_632";"Chennai";"Gold";20;"Restaurant_20";"Indian"
1888;"18-11-2023";1370.69;2259;"User_2259";"Bangalore";"Gold";193;"Restaurant_193";"Chinese"
1889;"02-08-2023";1447.74;1478;"User_1478";"Pune";"Gold";72;"Restaurant_72";"Mexican"
1890;"19-04-2023";1024.81;2693;"User_2693";"Pune";"Regular";137;"Restaurant_137";"Indian"
1891;"10-03-2023";1447.47;49;"User_49";"Chennai";"Regular";491;"Restaurant_491";"Chinese"
1892;"06-06-2023";141.17;2;"User_2";"Pune";"Gold";245;"Restaurant_245";"Mexican"
1893;"22-09-2023";1028.62;2701;"User_2701";"Chennai";"Gold";115;"Restaurant_115";"Chinese"
1894;"31-10-2023";906.42;1456;"User_1456";"Chennai";"Regular";326;"Restaurant_326";"Italian"
1895;"13-04-2023";389.08;1086;"User_1086";"Bangalore";"Gold";290;"Restaurant_290";"Chinese"
1896;"18-08-2023";461.89;1887;"User_1887";"Bangalore";"Regular";484;"Restaurant_484";"Mexican"
1897;"01-11-2023";790.55;139;"User_139";"Pune";"Gold";271;"Restaurant_271";"Chinese"
1898;"07-01-2023";874.79;2765;"User_2765";"Chennai";"Gold";245;"Restaurant_245";"Mexican"
1899;"20-07-2023";903.12;845;"User_845";"Bangalore";"Gold";147;"Restaurant_147";"Italian"
1900;"31-07-2023";1220.07;1222;"User_1222";"Chennai";"Regular";241;"Restaurant_241";"Chinese"
1901;"21-04-2023";1420.31;683;"User_683";"Hyderabad";"Regular";188;"Restaurant_188";"Chinese"
1902;"19-07-2023";789.81;1069;"User_1069";"Chennai";"Regular";310;"Restaurant_310";"Indian"
1903;"24-06-2023";1016.52;1376;"User_1376";"Hyderabad";"Gold";386;"Restaurant_386";"Italian"
1904;"20-09-2023";224.51;452;"User_452";"Bangalore";"Gold";306;"Restaurant_306";"Chinese"
1905;"12-07-2023";1015.97;2698;"User_2698";"Hyderabad";"Regular";113;"Restaurant_113";"Chinese"
1906;"04-06-2023";390.13;1358;"User_1358";"Chennai";"Regular";183;"Restaurant_183";"Chinese"
1907;"08-06-2023";663.05;174;"User_174";"Pune";"Gold";476;"Restaurant_476";"Mexican"
1908;"29-12-2023";135.01;812;"User_812";"Bangalore";"Regular";66;"Restaurant_66";"Italian"
1909;"13-06-2023";102.82;5;"User_5";"Pune";"Gold";149;"Restaurant_149";"Mexican"
1910;"19-05-2023";1058.86;2638;"User_2638";"Bangalore";"Gold";451;"Restaurant_451";"Chinese"
1911;"24-01-2023";1050.37;799;"User_799";"Chennai";"Regular";354;"Restaurant_354";"Indian"
1912;"25-08-2023";657.49;2362;"User_2362";"Chennai";"Regular";2;"Restaurant_2";"Indian"
1913;"19-12-2023";1334.93;2462;"User_2462";"Chennai";"Gold";483;"Restaurant_483";"Chinese"
1914;"02-12-2023";415.79;1522;"User_1522";"Chennai";"Gold";17;"Restaurant_17";"Indian"
1915;"16-07-2023";1116.17;1578;"User_1578";"Pune";"Gold";230;"Restaurant_230";"Chinese"
1916;"29-09-2023";226.7;1732;"User_1732";"Pune";"Regular";242;"Restaurant_242";"Mexican"
1917;"25-09-2023";839.82;648;"User_648";"Chennai";"Gold";63;"Restaurant_63";"Italian"
1918;"06-02-2023";1166.9;1588;"User_1588";"Hyderabad";"Gold";314;"Restaurant_314";"Indian"
1919;"20-02-2023";912.88;2377;"User_2377";"Bangalore";"Regular";468;"Restaurant_468";"Chinese"
1920;"23-04-2023";360.97;2555;"User_2555";"Bangalore";"Regular";125;"Restaurant_125";"Chinese"
1921;"22-11-2023";1178.53;1839;"User_1839";"Hyderabad";"Regular";261;"Restaurant_261";"Italian"
1922;"20-06-2023";758.64;804;"User_804";"Bangalore";"Gold";53;"Restaurant_53";"Indian"
1923;"29-01-2023";264.98;2605;"User_2605";"Hyderabad";"Gold";330;"Restaurant_330";"Italian"
1924;"12-10-2023";585.82;2754;"User_2754";"Bangalore";"Regular";481;"Restaurant_481";"Indian"
1925;"06-04-2023";1093.81;2963;"User_2963";"Pune";"Regular";195;"Restaurant_195";"Indian"
1926;"30-06-2023";647.64;2902;"User_2902";"Hyderabad";"Regular";94;"Restaurant_94";"Chinese"
1927;"19-12-2023";1407.37;2016;"User_2016";"Pune";"Regular";7;"Restaurant_7";"Italian"
1928;"05-05-2023";300.81;1618;"User_1618";"Bangalore";"Gold";491;"Restaurant_491";"Chinese"
1929;"25-09-2023";1050.68;79;"User_79";"Hyderabad";"Regular";98;"Restaurant_98";"Indian"
1930;"15-04-2023";643.55;2325;"User_2325";"Pune";"Gold";213;"Restaurant_213";"Indian"
1931;"09-01-2023";497.2;2859;"User_2859";"Hyderabad";"Regular";208;"Restaurant_208";"Mexican"
1932;"12-08-2023";415.39;2354;"User_2354";"Chennai";"Regular";200;"Restaurant_200";"Chinese"
1933;"11-01-2023";796.24;683;"User_683";"Hyderabad";"Regular";498;"Restaurant_498";"Chinese"
1934;"18-02-2023";606.82;2586;"User_2586";"Hyderabad";"Regular";444;"Restaurant_444";"Chinese"
1935;"06-07-2023";477.03;2922;"User_2922";"Chennai";"Gold";267;"Restaurant_267";"Chinese"
1936;"05-01-2023";815.44;1824;"User_1824";"Bangalore";"Regular";368;"Restaurant_368";"Indian"
1937;"20-07-2023";738.25;2810;"User_2810";"Bangalore";"Regular";237;"Restaurant_237";"Italian"
1938;"23-07-2023";209.34;1933;"User_1933";"Hyderabad";"Regular";33;"Restaurant_33";"Italian"
1939;"25-06-2023";686.75;287;"User_287";"Bangalore";"Regular";1;"Restaurant_1";"Chinese"
1940;"08-09-2023";800.01;863;"User_863";"Bangalore";"Gold";239;"Restaurant_239";"Indian"
1941;"30-09-2023";1412.07;1889;"User_1889";"Pune";"Regular";19;"Restaurant_19";"Indian"
1942;"03-02-2023";695.06;962;"User_962";"Pune";"Gold";368;"Restaurant_368";"Indian"
1943;"07-01-2023";551.95;2631;"User_2631";"Bangalore";"Regular";318;"Restaurant_318";"Indian"
1944;"05-06-2023";643.89;2999;"User_2999";"Pune";"Regular";223;"Restaurant_223";"Italian"
1945;"06-07-2023";1379.4;1938;"User_1938";"Bangalore";"Regular";344;"Restaurant_344";"Indian"
1946;"03-10-2023";1389.72;950;"User_950";"Chennai";"Regular";407;"Restaurant_407";"Mexican"
1947;"09-09-2023";1190.42;383;"User_383";"Hyderabad";"Regular";157;"Restaurant_157";"Italian"
1948;"10-11-2023";833.13;44;"User_44";"Chennai";"Gold";265;"Restaurant_265";"Chinese"
1949;"10-09-2023";844.45;626;"User_626";"Hyderabad";"Gold";2;"Restaurant_2";"Indian"
1950;"08-05-2023";1138.54;1470;"User_1470";"Pune";"Regular";203;"Restaurant_203";"Chinese"
1951;"16-07-2023";242.59;2003;"User_2003";"Chennai";"Regular";98;"Restaurant_98";"Indian"
1952;"24-11-2023";581.2;1547;"User_1547";"Bangalore";"Regular";73;"Restaurant_73";"Mexican"
1953;"08-03-2023";633.27;1946;"User_1946";"Pune";"Regular";182;"Restaurant_182";"Mexican"
1954;"01-10-2023";193.27;2265;"User_2265";"Pune";"Gold";457;"Restaurant_457";"Indian"
1955;"31-08-2023";988.35;890;"User_890";"Chennai";"Gold";114;"Restaurant_114";"Indian"
1956;"18-12-2023";1052.69;1894;"User_1894";"Bangalore";"Gold";264;"Restaurant_264";"Indian"
1957;"30-04-2023";1212.22;385;"User_385";"Bangalore";"Gold";331;"Restaurant_331";"Mexican"
1958;"05-03-2023";227.08;2873;"User_2873";"Pune";"Gold";369;"Restaurant_369";"Italian"
1959;"29-06-2023";641.79;1382;"User_1382";"Bangalore";"Regular";20;"Restaurant_20";"Indian"
1960;"11-01-2023";596.27;1982;"User_1982";"Chennai";"Gold";236;"Restaurant_236";"Italian"
1961;"24-03-2023";189.36;296;"User_296";"Chennai";"Regular";393;"Restaurant_393";"Italian"
1962;"30-11-2023";338.8;2141;"User_2141";"Bangalore";"Gold";280;"Restaurant_280";"Chinese"
1963;"22-04-2023";1233.85;2870;"User_2870";"Bangalore";"Regular";411;"Restaurant_411";"Indian"
1964;"05-06-2023";431.4;2134;"User_2134";"Hyderabad";"Regular";231;"Restaurant_231";"Indian"
1965;"04-08-2023";576.32;399;"User_399";"Bangalore";"Regular";422;"Restaurant_422";"Mexican"
1966;"29-08-2023";1277.09;218;"User_218";"Hyderabad";"Regular";131;"Restaurant_131";"Italian"
1967;"31-10-2023";999.81;2945;"User_2945";"Pune";"Regular";456;"Restaurant_456";"Chinese"
1968;"28-02-2023";1415.74;1508;"User_1508";"Pune";"Gold";251;"Restaurant_251";"Chinese"
1969;"16-03-2023";473.7;23;"User_23";"Chennai";"Regular";49;"Restaurant_49";"Italian"
1970;"10-04-2023";328.65;2771;"User_2771";"Chennai";"Regular";362;"Restaurant_362";"Indian"
1971;"07-10-2023";292.66;2020;"User_2020";"Bangalore";"Regular";218;"Restaurant_218";"Indian"
1972;"09-10-2023";855.46;2077;"User_2077";"Bangalore";"Regular";229;"Restaurant_229";"Italian"
1973;"14-12-2023";691.41;1943;"User_1943";"Bangalore";"Regular";51;"Restaurant_51";"Italian"
1974;"29-07-2023";1340.25;1120;"User_1120";"Hyderabad";"Gold";488;"Restaurant_488";"Chinese"
1975;"14-07-2023";451.63;1095;"User_1095";"Pune";"Regular";7;"Restaurant_7";"Italian"
1976;"11-10-2023";1385.79;982;"User_982";"Hyderabad";"Regular";118;"Restaurant_118";"Mexican"
1977;"20-05-2023";311.65;2733;"User_2733";"Hyderabad";"Gold";199;"Restaurant_199";"Italian"
1978;"27-01-2023";338.55;168;"User_168";"Hyderabad";"Gold";420;"Restaurant_420";"Italian"
1979;"05-08-2023";297.2;1306;"User_1306";"Chennai";"Gold";370;"Restaurant_370";"Chinese"
1980;"11-05-2023";1167.07;2053;"User_2053";"Hyderabad";"Regular";346;"Restaurant_346";"Indian"
1981;"09-03-2023";763.7;963;"User_963";"Chennai";"Gold";163;"Restaurant_163";"Italian"
1982;"01-10-2023";1385.44;949;"User_949";"Chennai";"Regular";140;"Restaurant_140";"Italian"
1983;"23-07-2023";825.74;1180;"User_1180";"Hyderabad";"Regular";287;"Restaurant_287";"Chinese"
1984;"01-09-2023";1068.27;1189;"User_1189";"Pune";"Regular";239;"Restaurant_239";"Indian"
1985;"28-03-2023";611.02;1780;"User_1780";"Pune";"Regular";438;"Restaurant_438";"Italian"
1986;"14-09-2023";1033.47;1467;"User_1467";"Pune";"Regular";483;"Restaurant_483";"Chinese"
1987;"23-05-2023";1289.36;2370;"User_2370";"Bangalore";"Regular";476;"Restaurant_476";"Mexican"
1988;"10-10-2023";925.67;2219;"User_2219";"Pune";"Regular";276;"Restaurant_276";"Italian"
1989;"08-09-2023";958.56;2053;"User_2053";"Hyderabad";"Regular";114;"Restaurant_114";"Indian"
1990;"23-03-2023";806.93;748;"User_748";"Pune";"Regular";155;"Restaurant_155";"Mexican"
1991;"07-09-2023";1350.7;179;"User_179";"Bangalore";"Regular";234;"Restaurant_234";"Chinese"
1992;"23-12-2023";1033.82;1779;"User_1779";"Chennai";"Regular";409;"Restaurant_409";"Mexican"
1993;"01-03-2023";143.42;1933;"User_1933";"Hyderabad";"Regular";485;"Restaurant_485";"Mexican"
1994;"19-09-2023";125.75;452;"User_452";"Bangalore";"Gold";242;"Restaurant_242";"Mexican"
1995;"06-06-2023";915.45;843;"User_843";"Pune";"Gold";358;"Restaurant_358";"Indian"
1996;"23-12-2023";372.93;1377;"User_1377";"Pune";"Regular";6;"Restaurant_6";"Chinese"
1997;"08-10-2023";720.81;2576;"User_2576";"Pune";"Gold";63;"Restaurant_63";"Italian"
1998;"25-08-2023";1344.18;1614;"User_1614";"Chennai";"Regular";132;"Restaurant_132";"Indian"
1999;"21-10-2023";861.65;1685;"User_1685";"Chennai";"Regular";445;"Restaurant_445";"Indian"
2000;"19-11-2023";1265.48;1397;"User_1397";"Bangalore";"Gold";285;"Restaurant_285";"Mexican"
2001;"18-02-2023";362.91;377;"User_377";"Bangalore";"Gold";187;"Restaurant_187";"Chinese"
2002;"12-01-2023";138.49;2619;"User_2619";"Bangalore";"Regular";295;"Restaurant_295";"Chinese"
2003;"13-12-2023";449.71;1966;"User_1966";"Hyderabad";"Regular";223;"Restaurant_223";"Italian"
2004;"13-04-2023";339.14;1268;"User_1268";"Hyderabad";"Gold";183;"Restaurant_183";"Chinese"
2005;"09-09-2023";1161.36;2723;"User_2723";"Chennai";"Regular";426;"Restaurant_426";"Chinese"
2006;"07-07-2023";1064.09;1195;"User_1195";"Chennai";"Gold";142;"Restaurant_142";"Indian"
2007;"18-06-2023";347.31;962;"User_962";"Pune";"Gold";159;"Restaurant_159";"Mexican"
2008;"02-11-2023";1171.9;1368;"User_1368";"Pune";"Gold";130;"Restaurant_130";"Indian"
2009;"13-09-2023";684.08;2851;"User_2851";"Chennai";"Gold";450;"Restaurant_450";"Mexican"
2010;"20-04-2023";599.41;41;"User_41";"Bangalore";"Regular";264;"Restaurant_264";"Indian"
2011;"13-09-2023";877.3;2491;"User_2491";"Bangalore";"Gold";166;"Restaurant_166";"Chinese"
2012;"12-03-2023";943.21;2587;"User_2587";"Bangalore";"Gold";439;"Restaurant_439";"Mexican"
2013;"11-12-2023";1129.19;569;"User_569";"Hyderabad";"Gold";275;"Restaurant_275";"Italian"
2014;"12-07-2023";1014.93;573;"User_573";"Bangalore";"Gold";260;"Restaurant_260";"Indian"
2015;"14-07-2023";915.0;1995;"User_1995";"Chennai";"Gold";154;"Restaurant_154";"Chinese"
2016;"03-01-2023";112.31;2017;"User_2017";"Chennai";"Gold";75;"Restaurant_75";"Chinese"
2017;"01-09-2023";338.58;1294;"User_1294";"Chennai";"Regular";94;"Restaurant_94";"Chinese"
2018;"06-08-2023";1003.06;348;"User_348";"Pune";"Gold";115;"Restaurant_115";"Chinese"
2019;"13-07-2023";1239.36;1301;"User_1301";"Hyderabad";"Regular";440;"Restaurant_440";"Mexican"
2020;"07-08-2023";606.7;2369;"User_2369";"Chennai";"Gold";69;"Restaurant_69";"Chinese"
2021;"19-06-2023";1346.57;569;"User_569";"Hyderabad";"Gold";339;"Restaurant_339";"Indian"
2022;"28-12-2023";1203.44;2506;"User_2506";"Bangalore";"Gold";110;"Restaurant_110";"Mexican"
2023;"08-06-2023";1005.11;1562;"User_1562";"Chennai";"Regular";70;"Restaurant_70";"Chinese"
2024;"05-02-2023";1181.81;2555;"User_2555";"Bangalore";"Regular";285;"Restaurant_285";"Mexican"
2025;"23-09-2023";312.74;439;"User_439";"Pune";"Gold";83;"Restaurant_83";"Chinese"
2026;"03-05-2023";1278.03;1065;"User_1065";"Chennai";"Regular";146;"Restaurant_146";"Indian"
2027;"27-10-2023";1086.28;824;"User_824";"Hyderabad";"Regular";233;"Restaurant_233";"Italian"
2028;"28-06-2023";805.57;726;"User_726";"Bangalore";"Gold";439;"Restaurant_439";"Mexican"
2029;"09-01-2023";1423.18;2654;"User_2654";"Chennai";"Regular";374;"Restaurant_374";"Mexican"
2030;"15-03-2023";1401.77;777;"User_777";"Chennai";"Gold";268;"Restaurant_268";"Indian"
2031;"26-05-2023";431.85;2449;"User_2449";"Pune";"Gold";130;"Restaurant_130";"Indian"
2032;"22-09-2023";486.12;69;"User_69";"Pune";"Regular";479;"Restaurant_479";"Indian"
2033;"10-01-2023";398.02;1889;"User_1889";"Pune";"Regular";315;"Restaurant_315";"Mexican"
2034;"09-02-2023";440.33;426;"User_426";"Pune";"Regular";215;"Restaurant_215";"Mexican"
2035;"01-05-2023";569.77;350;"User_350";"Chennai";"Regular";409;"Restaurant_409";"Mexican"
2036;"12-12-2023";1306.09;2401;"User_2401";"Bangalore";"Gold";5;"Restaurant_5";"Chinese"
2037;"27-06-2023";204.56;136;"User_136";"Pune";"Gold";94;"Restaurant_94";"Chinese"
2038;"22-02-2023";162.47;2089;"User_2089";"Hyderabad";"Gold";269;"Restaurant_269";"Indian"
2039;"07-05-2023";765.49;525;"User_525";"Bangalore";"Gold";340;"Restaurant_340";"Chinese"
2040;"24-04-2023";1353.86;2899;"User_2899";"Bangalore";"Regular";93;"Restaurant_93";"Chinese"
2041;"17-06-2023";1294.16;1928;"User_1928";"Chennai";"Gold";97;"Restaurant_97";"Mexican"
2042;"11-03-2023";443.07;1948;"User_1948";"Pune";"Regular";402;"Restaurant_402";"Mexican"
2043;"27-08-2023";1182.56;2022;"User_2022";"Bangalore";"Regular";378;"Restaurant_378";"Italian"
2044;"03-01-2023";1362.94;1531;"User_1531";"Bangalore";"Gold";456;"Restaurant_456";"Chinese"
2045;"01-07-2023";564.22;954;"User_954";"Chennai";"Gold";407;"Restaurant_407";"Mexican"
2046;"23-06-2023";1421.52;1725;"User_1725";"Bangalore";"Gold";41;"Restaurant_41";"Mexican"
2047;"18-12-2023";732.97;1185;"User_1185";"Bangalore";"Gold";293;"Restaurant_293";"Italian"
2048;"13-08-2023";685.5;2772;"User_2772";"Bangalore";"Gold";156;"Restaurant_156";"Italian"
2049;"05-05-2023";627.06;2404;"User_2404";"Hyderabad";"Gold";386;"Restaurant_386";"Italian"
2050;"28-01-2023";348.85;2195;"User_2195";"Bangalore";"Regular";32;"Restaurant_32";"Italian"
2051;"23-06-2023";959.46;2971;"User_2971";"Hyderabad";"Regular";287;"Restaurant_287";"Chinese"
2052;"25-09-2023";456.55;1214;"User_1214";"Pune";"Gold";147;"Restaurant_147";"Italian"
2053;"05-02-2023";1055.77;1805;"User_1805";"Bangalore";"Regular";238;"Restaurant_238";"Chinese"
2054;"08-05-2023";561.86;82;"User_82";"Hyderabad";"Regular";117;"Restaurant_117";"Indian"
2055;"29-04-2023";1131.96;1486;"User_1486";"Hyderabad";"Regular";135;"Restaurant_135";"Indian"
2056;"17-08-2023";260.67;2133;"User_2133";"Pune";"Regular";397;"Restaurant_397";"Indian"
2057;"13-06-2023";378.19;1222;"User_1222";"Chennai";"Regular";444;"Restaurant_444";"Chinese"
2058;"06-07-2023";1300.93;2659;"User_2659";"Hyderabad";"Gold";165;"Restaurant_165";"Mexican"
2059;"23-08-2023";666.33;2519;"User_2519";"Chennai";"Gold";15;"Restaurant_15";"Chinese"
2060;"25-02-2023";1047.12;1487;"User_1487";"Bangalore";"Gold";289;"Restaurant_289";"Italian"
2061;"23-05-2023";1264.39;1762;"User_1762";"Bangalore";"Regular";467;"Restaurant_467";"Italian"
2062;"05-09-2023";1223.64;2676;"User_2676";"Hyderabad";"Gold";43;"Restaurant_43";"Chinese"
2063;"09-05-2023";658.75;2779;"User_2779";"Chennai";"Gold";252;"Restaurant_252";"Indian"
2064;"18-11-2023";228.1;1764;"User_1764";"Pune";"Gold";361;"Restaurant_361";"Indian"
2065;"23-03-2023";520.63;2559;"User_2559";"Bangalore";"Regular";232;"Restaurant_232";"Mexican"
2066;"05-10-2023";1200.63;1487;"User_1487";"Bangalore";"Gold";89;"Restaurant_89";"Indian"
2067;"06-04-2023";448.36;2412;"User_2412";"Chennai";"Gold";305;"Restaurant_305";"Indian"
2068;"20-01-2023";1371.2;1724;"User_1724";"Bangalore";"Regular";368;"Restaurant_368";"Indian"
2069;"30-04-2023";1064.58;1458;"User_1458";"Bangalore";"Regular";47;"Restaurant_47";"Indian"
2070;"08-05-2023";226.33;1401;"User_1401";"Hyderabad";"Gold";96;"Restaurant_96";"Mexican"
2071;"18-04-2023";971.51;2988;"User_2988";"Pune";"Gold";272;"Restaurant_272";"Indian"
2072;"29-08-2023";1003.01;1522;"User_1522";"Chennai";"Gold";399;"Restaurant_399";"Chinese"
2073;"03-02-2023";166.8;2102;"User_2102";"Bangalore";"Gold";132;"Restaurant_132";"Indian"
2074;"27-08-2023";554.41;330;"User_330";"Chennai";"Regular";392;"Restaurant_392";"Italian"
2075;"26-05-2023";1447.42;1253;"User_1253";"Bangalore";"Regular";202;"Restaurant_202";"Indian"
2076;"24-03-2023";414.67;2397;"User_2397";"Chennai";"Regular";61;"Restaurant_61";"Italian"
2077;"17-03-2023";720.48;1340;"User_1340";"Bangalore";"Gold";328;"Restaurant_328";"Mexican"
2078;"01-03-2023";1445.62;1066;"User_1066";"Bangalore";"Regular";225;"Restaurant_225";"Italian"
2079;"29-04-2023";401.95;2564;"User_2564";"Pune";"Gold";431;"Restaurant_431";"Mexican"
2080;"08-05-2023";718.4;181;"User_181";"Hyderabad";"Regular";47;"Restaurant_47";"Indian"
2081;"27-02-2023";836.59;1587;"User_1587";"Chennai";"Regular";442;"Restaurant_442";"Italian"
2082;"29-12-2023";931.66;2554;"User_2554";"Hyderabad";"Gold";157;"Restaurant_157";"Italian"
2083;"27-07-2023";305.15;2317;"User_2317";"Chennai";"Gold";218;"Restaurant_218";"Indian"
2084;"08-05-2023";156.16;584;"User_584";"Bangalore";"Gold";394;"Restaurant_394";"Mexican"
2085;"17-10-2023";1078.97;2491;"User_2491";"Bangalore";"Gold";115;"Restaurant_115";"Chinese"
2086;"02-05-2023";753.89;141;"User_141";"Pune";"Gold";342;"Restaurant_342";"Mexican"
2087;"26-06-2023";320.77;285;"User_285";"Hyderabad";"Regular";212;"Restaurant_212";"Indian"
2088;"24-08-2023";374.22;2250;"User_2250";"Pune";"Gold";172;"Restaurant_172";"Italian"
2089;"01-02-2023";1361.6;2600;"User_2600";"Pune";"Gold";497;"Restaurant_497";"Mexican"
2090;"07-04-2023";207.49;1248;"User_1248";"Hyderabad";"Gold";282;"Restaurant_282";"Indian"
2091;"14-09-2023";1325.7;1850;"User_1850";"Chennai";"Gold";384;"Restaurant_384";"Mexican"
2092;"09-08-2023";847.03;1315;"User_1315";"Hyderabad";"Gold";42;"Restaurant_42";"Chinese"
2093;"25-11-2023";515.61;2107;"User_2107";"Hyderabad";"Gold";340;"Restaurant_340";"Chinese"
2094;"16-07-2023";988.83;1096;"User_1096";"Hyderabad";"Regular";144;"Restaurant_144";"Chinese"
2095;"05-07-2023";1288.6;2793;"User_2793";"Bangalore";"Gold";437;"Restaurant_437";"Indian"
2096;"30-11-2023";277.75;2041;"User_2041";"Pune";"Regular";314;"Restaurant_314";"Indian"
2097;"09-10-2023";388.57;438;"User_438";"Pune";"Regular";360;"Restaurant_360";"Indian"
2098;"14-02-2023";1370.08;404;"User_404";"Hyderabad";"Gold";160;"Restaurant_160";"Chinese"
2099;"24-03-2023";295.3;58;"User_58";"Bangalore";"Regular";219;"Restaurant_219";"Mexican"
2100;"16-01-2023";642.29;733;"User_733";"Chennai";"Gold";394;"Restaurant_394";"Mexican"
2101;"24-03-2023";145.35;1464;"User_1464";"Bangalore";"Regular";13;"Restaurant_13";"Indian"
2102;"18-03-2023";1436.13;1376;"User_1376";"Hyderabad";"Gold";90;"Restaurant_90";"Italian"
2103;"17-11-2023";1393.87;152;"User_152";"Chennai";"Regular";309;"Restaurant_309";"Indian"
2104;"18-09-2023";1455.48;2536;"User_2536";"Bangalore";"Gold";476;"Restaurant_476";"Mexican"
2105;"25-12-2023";1420.8;2418;"User_2418";"Bangalore";"Regular";472;"Restaurant_472";"Chinese"
2106;"10-12-2023";1169.33;141;"User_141";"Pune";"Gold";340;"Restaurant_340";"Chinese"
2107;"11-11-2023";526.52;1897;"User_1897";"Chennai";"Gold";206;"Restaurant_206";"Mexican"
2108;"30-12-2023";976.27;1026;"User_1026";"Chennai";"Gold";159;"Restaurant_159";"Mexican"
2109;"16-04-2023";555.78;1822;"User_1822";"Bangalore";"Gold";95;"Restaurant_95";"Indian"
2110;"07-04-2023";1219.86;2511;"User_2511";"Chennai";"Gold";194;"Restaurant_194";"Chinese"
2111;"23-12-2023";549.73;1195;"User_1195";"Chennai";"Gold";196;"Restaurant_196";"Italian"
2112;"24-05-2023";614.52;2980;"User_2980";"Pune";"Gold";26;"Restaurant_26";"Chinese"
2113;"19-10-2023";1114.37;2509;"User_2509";"Pune";"Gold";399;"Restaurant_399";"Chinese"
2114;"08-07-2023";366.03;1486;"User_1486";"Hyderabad";"Regular";47;"Restaurant_47";"Indian"
2115;"04-02-2023";1084.06;2148;"User_2148";"Pune";"Regular";324;"Restaurant_324";"Mexican"
2116;"29-06-2023";143.95;2595;"User_2595";"Bangalore";"Regular";296;"Restaurant_296";"Italian"
2117;"17-07-2023";1491.9;2587;"User_2587";"Bangalore";"Gold";46;"Restaurant_46";"Chinese"
2118;"28-12-2023";1199.49;2376;"User_2376";"Hyderabad";"Regular";183;"Restaurant_183";"Chinese"
2119;"15-07-2023";316.57;1591;"User_1591";"Hyderabad";"Gold";369;"Restaurant_369";"Italian"
2120;"23-05-2023";1489.84;1156;"User_1156";"Pune";"Gold";12;"Restaurant_12";"Mexican"
2121;"15-04-2023";1282.69;1976;"User_1976";"Hyderabad";"Regular";237;"Restaurant_237";"Italian"
2122;"29-10-2023";1031.65;651;"User_651";"Hyderabad";"Regular";203;"Restaurant_203";"Chinese"
2123;"02-12-2023";778.01;866;"User_866";"Bangalore";"Gold";364;"Restaurant_364";"Mexican"
2124;"29-10-2023";1421.42;2052;"User_2052";"Pune";"Regular";128;"Restaurant_128";"Indian"
2125;"27-02-2023";259.23;1767;"User_1767";"Bangalore";"Regular";71;"Restaurant_71";"Indian"
2126;"04-09-2023";417.8;2125;"User_2125";"Pune";"Gold";432;"Restaurant_432";"Mexican"
2127;"22-07-2023";1278.11;2369;"User_2369";"Chennai";"Gold";25;"Restaurant_25";"Chinese"
2128;"13-04-2023";361.31;601;"User_601";"Hyderabad";"Regular";31;"Restaurant_31";"Mexican"
2129;"18-12-2023";1367.12;1988;"User_1988";"Chennai";"Regular";277;"Restaurant_277";"Mexican"
2130;"29-03-2023";1287.95;1898;"User_1898";"Bangalore";"Regular";440;"Restaurant_440";"Mexican"
2131;"29-08-2023";361.14;843;"User_843";"Pune";"Gold";308;"Restaurant_308";"Italian"
2132;"08-05-2023";353.62;1052;"User_1052";"Pune";"Regular";103;"Restaurant_103";"Mexican"
2133;"12-03-2023";597.39;2492;"User_2492";"Bangalore";"Regular";113;"Restaurant_113";"Chinese"
2134;"12-01-2023";945.16;727;"User_727";"Pune";"Regular";139;"Restaurant_139";"Mexican"
2135;"02-09-2023";811.08;297;"User_297";"Bangalore";"Regular";455;"Restaurant_455";"Chinese"
2136;"10-03-2023";198.75;1499;"User_1499";"Pune";"Gold";337;"Restaurant_337";"Mexican"
2137;"27-05-2023";1223.88;2418;"User_2418";"Bangalore";"Regular";37;"Restaurant_37";"Mexican"
2138;"02-07-2023";1467.14;2225;"User_2225";"Bangalore";"Regular";334;"Restaurant_334";"Indian"
2139;"30-07-2023";252.94;193;"User_193";"Hyderabad";"Gold";159;"Restaurant_159";"Mexican"
2140;"21-08-2023";228.14;2973;"User_2973";"Hyderabad";"Gold";173;"Restaurant_173";"Chinese"
2141;"19-03-2023";778.27;942;"User_942";"Bangalore";"Regular";142;"Restaurant_142";"Indian"
2142;"21-03-2023";974.11;348;"User_348";"Pune";"Gold";161;"Restaurant_161";"Mexican"
2143;"30-06-2023";1236.14;988;"User_988";"Chennai";"Gold";408;"Restaurant_408";"Mexican"
2144;"19-02-2023";335.39;1008;"User_1008";"Pune";"Regular";26;"Restaurant_26";"Chinese"
2145;"19-10-2023";125.38;995;"User_995";"Hyderabad";"Regular";413;"Restaurant_413";"Italian"
2146;"24-01-2023";1421.23;306;"User_306";"Pune";"Regular";400;"Restaurant_400";"Mexican"
2147;"18-08-2023";1294.18;1457;"User_1457";"Chennai";"Regular";428;"Restaurant_428";"Mexican"
2148;"03-09-2023";1263.01;2667;"User_2667";"Pune";"Gold";372;"Restaurant_372";"Italian"
2149;"09-09-2023";914.21;2435;"User_2435";"Hyderabad";"Regular";53;"Restaurant_53";"Indian"
2150;"16-04-2023";792.03;1670;"User_1670";"Pune";"Regular";319;"Restaurant_319";"Indian"
2151;"07-08-2023";735.22;2938;"User_2938";"Bangalore";"Regular";261;"Restaurant_261";"Italian"
2152;"25-06-2023";220.67;1000;"User_1000";"Pune";"Gold";329;"Restaurant_329";"Chinese"
2153;"17-06-2023";608.04;581;"User_581";"Chennai";"Gold";154;"Restaurant_154";"Chinese"
2154;"27-07-2023";1251.27;664;"User_664";"Pune";"Regular";188;"Restaurant_188";"Chinese"
2155;"06-01-2023";722.33;2409;"User_2409";"Chennai";"Regular";5;"Restaurant_5";"Chinese"
2156;"11-08-2023";655.9;2393;"User_2393";"Hyderabad";"Regular";474;"Restaurant_474";"Mexican"
2157;"30-10-2023";706.93;1119;"User_1119";"Bangalore";"Gold";268;"Restaurant_268";"Indian"
2158;"09-01-2023";878.61;148;"User_148";"Pune";"Regular";327;"Restaurant_327";"Indian"
2159;"16-07-2023";128.12;398;"User_398";"Pune";"Gold";71;"Restaurant_71";"Indian"
2160;"30-05-2023";1183.24;773;"User_773";"Pune";"Gold";381;"Restaurant_381";"Italian"
2161;"25-05-2023";138.49;148;"User_148";"Pune";"Regular";6;"Restaurant_6";"Chinese"
2162;"25-12-2023";295.46;766;"User_766";"Chennai";"Gold";187;"Restaurant_187";"Chinese"
2163;"07-04-2023";883.37;1656;"User_1656";"Hyderabad";"Regular";173;"Restaurant_173";"Chinese"
2164;"27-05-2023";774.15;640;"User_640";"Hyderabad";"Regular";395;"Restaurant_395";"Mexican"
2165;"17-04-2023";846.97;44;"User_44";"Chennai";"Gold";259;"Restaurant_259";"Mexican"
2166;"02-12-2023";266.49;327;"User_327";"Hyderabad";"Regular";15;"Restaurant_15";"Chinese"
2167;"18-05-2023";804.05;2707;"User_2707";"Bangalore";"Gold";383;"Restaurant_383";"Indian"
2168;"14-12-2023";213.72;2461;"User_2461";"Bangalore";"Gold";181;"Restaurant_181";"Indian"
2169;"06-11-2023";169.41;1937;"User_1937";"Bangalore";"Regular";220;"Restaurant_220";"Mexican"
2170;"02-04-2023";130.68;2797;"User_2797";"Hyderabad";"Gold";142;"Restaurant_142";"Indian"
2171;"19-07-2023";1205.73;2665;"User_2665";"Chennai";"Gold";153;"Restaurant_153";"Italian"
2172;"21-03-2023";429.53;1201;"User_1201";"Bangalore";"Gold";319;"Restaurant_319";"Indian"
2173;"10-05-2023";1231.44;2377;"User_2377";"Bangalore";"Regular";335;"Restaurant_335";"Italian"
2174;"05-12-2023";1342.67;2320;"User_2320";"Hyderabad";"Gold";215;"Restaurant_215";"Mexican"
2175;"12-12-2023";1207.09;2954;"User_2954";"Chennai";"Gold";105;"Restaurant_105";"Mexican"
2176;"07-11-2023";1147.76;1418;"User_1418";"Chennai";"Gold";214;"Restaurant_214";"Chinese"
2177;"05-09-2023";1358.63;2814;"User_2814";"Bangalore";"Regular";456;"Restaurant_456";"Chinese"
2178;"09-05-2023";413.08;874;"User_874";"Pune";"Gold";264;"Restaurant_264";"Indian"
2179;"23-06-2023";895.48;2961;"User_2961";"Bangalore";"Gold";225;"Restaurant_225";"Italian"
2180;"26-10-2023";1430.86;1251;"User_1251";"Pune";"Gold";2;"Restaurant_2";"Indian"
2181;"23-07-2023";949.94;411;"User_411";"Pune";"Gold";14;"Restaurant_14";"Indian"
2182;"17-12-2023";1429.29;2125;"User_2125";"Pune";"Gold";264;"Restaurant_264";"Indian"
2183;"23-07-2023";1494.58;1224;"User_1224";"Hyderabad";"Gold";413;"Restaurant_413";"Italian"
2184;"28-01-2023";1273.01;1901;"User_1901";"Chennai";"Regular";177;"Restaurant_177";"Indian"
2185;"17-05-2023";1230.85;2307;"User_2307";"Pune";"Gold";380;"Restaurant_380";"Italian"
2186;"22-06-2023";1263.7;1624;"User_1624";"Pune";"Gold";182;"Restaurant_182";"Mexican"
2187;"02-09-2023";431.37;464;"User_464";"Chennai";"Regular";180;"Restaurant_180";"Chinese"
2188;"03-05-2023";604.77;2741;"User_2741";"Pune";"Regular";252;"Restaurant_252";"Indian"
2189;"21-05-2023";1450.72;2617;"User_2617";"Chennai";"Regular";262;"Restaurant_262";"Chinese"
2190;"20-06-2023";549.0;1247;"User_1247";"Pune";"Gold";483;"Restaurant_483";"Chinese"
2191;"29-01-2023";632.03;2299;"User_2299";"Bangalore";"Regular";499;"Restaurant_499";"Mexican"
2192;"26-09-2023";323.92;2345;"User_2345";"Hyderabad";"Regular";329;"Restaurant_329";"Chinese"
2193;"04-06-2023";741.56;921;"User_921";"Bangalore";"Regular";278;"Restaurant_278";"Indian"
2194;"01-07-2023";1155.52;2498;"User_2498";"Bangalore";"Regular";418;"Restaurant_418";"Chinese"
2195;"14-05-2023";674.17;746;"User_746";"Bangalore";"Regular";153;"Restaurant_153";"Italian"
2196;"20-11-2023";921.41;1900;"User_1900";"Bangalore";"Gold";244;"Restaurant_244";"Italian"
2197;"26-09-2023";803.76;389;"User_389";"Bangalore";"Regular";132;"Restaurant_132";"Indian"
2198;"09-05-2023";861.12;2758;"User_2758";"Hyderabad";"Gold";163;"Restaurant_163";"Italian"
2199;"25-05-2023";419.32;2033;"User_2033";"Chennai";"Gold";29;"Restaurant_29";"Italian"
2200;"25-08-2023";1475.46;845;"User_845";"Bangalore";"Gold";448;"Restaurant_448";"Mexican"
2201;"30-12-2023";1142.93;1288;"User_1288";"Chennai";"Regular";482;"Restaurant_482";"Chinese"
2202;"24-02-2023";1186.4;2515;"User_2515";"Pune";"Regular";356;"Restaurant_356";"Indian"
2203;"29-06-2023";253.62;2879;"User_2879";"Pune";"Gold";299;"Restaurant_299";"Mexican"
2204;"01-12-2023";1082.82;930;"User_930";"Bangalore";"Regular";57;"Restaurant_57";"Mexican"
2205;"21-04-2023";1053.57;2448;"User_2448";"Hyderabad";"Regular";382;"Restaurant_382";"Mexican"
2206;"08-10-2023";912.52;2057;"User_2057";"Chennai";"Gold";219;"Restaurant_219";"Mexican"
2207;"07-04-2023";617.15;2052;"User_2052";"Pune";"Regular";141;"Restaurant_141";"Mexican"
2208;"08-06-2023";720.23;357;"User_357";"Hyderabad";"Gold";174;"Restaurant_174";"Mexican"
2209;"31-05-2023";613.7;132;"User_132";"Hyderabad";"Gold";215;"Restaurant_215";"Mexican"
2210;"08-10-2023";172.81;2447;"User_2447";"Chennai";"Regular";119;"Restaurant_119";"Chinese"
2211;"09-09-2023";683.03;560;"User_560";"Bangalore";"Gold";313;"Restaurant_313";"Indian"
2212;"09-03-2023";316.51;1627;"User_1627";"Pune";"Regular";307;"Restaurant_307";"Mexican"
2213;"07-09-2023";1313.75;1618;"User_1618";"Bangalore";"Gold";366;"Restaurant_366";"Indian"
2214;"14-12-2023";589.02;193;"User_193";"Hyderabad";"Gold";115;"Restaurant_115";"Chinese"
2215;"07-07-2023";868.47;2432;"User_2432";"Pune";"Regular";395;"Restaurant_395";"Mexican"
2216;"31-03-2023";929.37;2158;"User_2158";"Pune";"Gold";117;"Restaurant_117";"Indian"
2217;"02-05-2023";1058.17;2824;"User_2824";"Bangalore";"Regular";495;"Restaurant_495";"Italian"
2218;"10-11-2023";577.68;614;"User_614";"Hyderabad";"Regular";160;"Restaurant_160";"Chinese"
2219;"14-10-2023";534.58;2766;"User_2766";"Bangalore";"Gold";482;"Restaurant_482";"Chinese"
2220;"26-04-2023";1483.93;2578;"User_2578";"Hyderabad";"Regular";379;"Restaurant_379";"Mexican"
2221;"03-05-2023";1281.3;2787;"User_2787";"Pune";"Regular";354;"Restaurant_354";"Indian"
2222;"11-02-2023";722.55;1546;"User_1546";"Hyderabad";"Regular";270;"Restaurant_270";"Mexican"
2223;"04-02-2023";304.95;2915;"User_2915";"Chennai";"Gold";198;"Restaurant_198";"Mexican"
2224;"09-06-2023";756.49;873;"User_873";"Pune";"Gold";434;"Restaurant_434";"Italian"
2225;"17-10-2023";502.01;404;"User_404";"Hyderabad";"Gold";131;"Restaurant_131";"Italian"
2226;"12-11-2023";1117.82;2321;"User_2321";"Bangalore";"Gold";221;"Restaurant_221";"Chinese"
2227;"02-11-2023";202.34;1852;"User_1852";"Hyderabad";"Regular";458;"Restaurant_458";"Italian"
2228;"31-01-2023";413.75;2917;"User_2917";"Bangalore";"Gold";500;"Restaurant_500";"Chinese"
2229;"04-04-2023";924.52;978;"User_978";"Pune";"Regular";462;"Restaurant_462";"Italian"
2230;"13-12-2023";458.94;943;"User_943";"Chennai";"Regular";450;"Restaurant_450";"Mexican"
2231;"09-01-2023";274.01;2036;"User_2036";"Bangalore";"Regular";217;"Restaurant_217";"Indian"
2232;"04-08-2023";1270.74;1098;"User_1098";"Bangalore";"Regular";314;"Restaurant_314";"Indian"
2233;"01-02-2023";307.22;1333;"User_1333";"Bangalore";"Gold";244;"Restaurant_244";"Italian"
2234;"05-10-2023";715.39;2103;"User_2103";"Hyderabad";"Gold";362;"Restaurant_362";"Indian"
2235;"09-03-2023";1300.02;1970;"User_1970";"Bangalore";"Regular";276;"Restaurant_276";"Italian"
2236;"01-05-2023";548.28;1203;"User_1203";"Hyderabad";"Regular";412;"Restaurant_412";"Mexican"
2237;"15-04-2023";681.48;1696;"User_1696";"Bangalore";"Regular";240;"Restaurant_240";"Indian"
2238;"13-04-2023";784.67;689;"User_689";"Hyderabad";"Gold";411;"Restaurant_411";"Indian"
2239;"16-11-2023";148.47;893;"User_893";"Pune";"Gold";333;"Restaurant_333";"Chinese"
2240;"10-04-2023";310.85;1090;"User_1090";"Pune";"Regular";443;"Restaurant_443";"Mexican"
2241;"05-03-2023";595.62;1482;"User_1482";"Bangalore";"Regular";25;"Restaurant_25";"Chinese"
2242;"28-03-2023";642.86;1449;"User_1449";"Pune";"Gold";220;"Restaurant_220";"Mexican"
2243;"15-10-2023";985.72;2037;"User_2037";"Chennai";"Gold";435;"Restaurant_435";"Italian"
2244;"04-10-2023";1192.13;1653;"User_1653";"Bangalore";"Gold";56;"Restaurant_56";"Italian"
2245;"23-08-2023";1111.88;1631;"User_1631";"Bangalore";"Regular";488;"Restaurant_488";"Chinese"
2246;"01-11-2023";1185.75;2095;"User_2095";"Hyderabad";"Regular";86;"Restaurant_86";"Indian"
2247;"07-07-2023";440.52;347;"User_347";"Pune";"Gold";336;"Restaurant_336";"Mexican"
2248;"14-10-2023";1426.38;2096;"User_2096";"Pune";"Regular";47;"Restaurant_47";"Indian"
2249;"09-09-2023";257.6;2433;"User_2433";"Hyderabad";"Regular";359;"Restaurant_359";"Mexican"
2250;"13-12-2023";334.73;278;"User_278";"Pune";"Gold";226;"Restaurant_226";"Indian"
2251;"15-10-2023";818.95;2459;"User_2459";"Pune";"Gold";224;"Restaurant_224";"Chinese"
2252;"06-11-2023";890.82;607;"User_607";"Hyderabad";"Regular";496;"Restaurant_496";"Indian"
2253;"15-09-2023";1311.97;1521;"User_1521";"Hyderabad";"Regular";1;"Restaurant_1";"Chinese"
2254;"09-10-2023";1151.98;173;"User_173";"Bangalore";"Regular";468;"Restaurant_468";"Chinese"
2255;"24-10-2023";1261.17;2674;"User_2674";"Hyderabad";"Gold";92;"Restaurant_92";"Mexican"
2256;"23-07-2023";310.44;1784;"User_1784";"Pune";"Regular";241;"Restaurant_241";"Chinese"
2257;"08-12-2023";1183.81;2189;"User_2189";"Bangalore";"Regular";386;"Restaurant_386";"Italian"
2258;"01-04-2023";273.96;761;"User_761";"Pune";"Regular";28;"Restaurant_28";"Chinese"
2259;"03-05-2023";107.17;105;"User_105";"Hyderabad";"Gold";301;"Restaurant_301";"Italian"
2260;"30-05-2023";333.72;2998;"User_2998";"Bangalore";"Regular";409;"Restaurant_409";"Mexican"
2261;"07-03-2023";933.92;2780;"User_2780";"Bangalore";"Regular";487;"Restaurant_487";"Chinese"
2262;"18-11-2023";1199.64;271;"User_271";"Pune";"Regular";284;"Restaurant_284";"Indian"
2263;"13-11-2023";554.12;2674;"User_2674";"Hyderabad";"Gold";232;"Restaurant_232";"Mexican"
2264;"07-07-2023";106.62;1520;"User_1520";"Chennai";"Regular";341;"Restaurant_341";"Chinese"
2265;"21-07-2023";512.78;886;"User_886";"Bangalore";"Regular";170;"Restaurant_170";"Mexican"
2266;"13-05-2023";374.51;2843;"User_2843";"Hyderabad";"Gold";465;"Restaurant_465";"Italian"
2267;"10-05-2023";528.2;65;"User_65";"Pune";"Regular";140;"Restaurant_140";"Italian"
2268;"28-05-2023";1337.54;2300;"User_2300";"Hyderabad";"Gold";236;"Restaurant_236";"Italian"
2269;"02-01-2023";254.08;2454;"User_2454";"Chennai";"Regular";341;"Restaurant_341";"Chinese"
2270;"01-01-2023";248.26;2270;"User_2270";"Hyderabad";"Gold";95;"Restaurant_95";"Indian"
2271;"13-01-2023";1268.01;1950;"User_1950";"Bangalore";"Gold";16;"Restaurant_16";"Indian"
2272;"23-07-2023";562.56;676;"User_676";"Hyderabad";"Gold";477;"Restaurant_477";"Indian"
2273;"21-05-2023";317.26;754;"User_754";"Pune";"Regular";214;"Restaurant_214";"Chinese"
2274;"28-08-2023";1297.53;1382;"User_1382";"Bangalore";"Regular";153;"Restaurant_153";"Italian"
2275;"23-04-2023";1157.09;1348;"User_1348";"Hyderabad";"Regular";387;"Restaurant_387";"Mexican"
2276;"09-10-2023";1350.24;1711;"User_1711";"Chennai";"Regular";137;"Restaurant_137";"Indian"
2277;"28-02-2023";327.35;2814;"User_2814";"Bangalore";"Regular";27;"Restaurant_27";"Italian"
2278;"03-08-2023";763.51;134;"User_134";"Hyderabad";"Regular";313;"Restaurant_313";"Indian"
2279;"04-09-2023";1364.62;1134;"User_1134";"Bangalore";"Gold";287;"Restaurant_287";"Chinese"
2280;"04-08-2023";165.52;116;"User_116";"Hyderabad";"Gold";37;"Restaurant_37";"Mexican"
2281;"20-07-2023";644.38;284;"User_284";"Chennai";"Regular";377;"Restaurant_377";"Mexican"
2282;"19-05-2023";378.16;1731;"User_1731";"Hyderabad";"Regular";198;"Restaurant_198";"Mexican"
2283;"10-09-2023";438.32;1307;"User_1307";"Bangalore";"Gold";54;"Restaurant_54";"Italian"
2284;"26-05-2023";375.79;1513;"User_1513";"Pune";"Gold";69;"Restaurant_69";"Chinese"
2285;"14-04-2023";1312.02;1278;"User_1278";"Hyderabad";"Gold";159;"Restaurant_159";"Mexican"
2286;"29-12-2023";1453.95;93;"User_93";"Bangalore";"Regular";322;"Restaurant_322";"Italian"
2287;"22-04-2023";491.49;143;"User_143";"Bangalore";"Gold";195;"Restaurant_195";"Indian"
2288;"22-10-2023";1223.28;2500;"User_2500";"Chennai";"Gold";120;"Restaurant_120";"Italian"
2289;"13-02-2023";1345.77;849;"User_849";"Pune";"Regular";384;"Restaurant_384";"Mexican"
2290;"16-12-2023";909.89;357;"User_357";"Hyderabad";"Gold";104;"Restaurant_104";"Chinese"
2291;"03-11-2023";748.39;1365;"User_1365";"Chennai";"Regular";10;"Restaurant_10";"Chinese"
2292;"15-02-2023";161.1;2884;"User_2884";"Bangalore";"Gold";460;"Restaurant_460";"Chinese"
2293;"10-10-2023";195.48;242;"User_242";"Chennai";"Regular";78;"Restaurant_78";"Indian"
2294;"24-01-2023";433.21;543;"User_543";"Pune";"Regular";121;"Restaurant_121";"Indian"
2295;"15-02-2023";1024.64;1060;"User_1060";"Chennai";"Gold";30;"Restaurant_30";"Mexican"
2296;"08-01-2023";838.67;770;"User_770";"Bangalore";"Regular";342;"Restaurant_342";"Mexican"
2297;"24-12-2023";354.66;239;"User_239";"Pune";"Gold";481;"Restaurant_481";"Indian"
2298;"03-05-2023";1232.78;2464;"User_2464";"Pune";"Gold";103;"Restaurant_103";"Mexican"
2299;"17-08-2023";918.83;1775;"User_1775";"Chennai";"Regular";246;"Restaurant_246";"Mexican"
2300;"05-01-2023";726.88;1764;"User_1764";"Pune";"Gold";304;"Restaurant_304";"Italian"
2301;"23-01-2023";1058.98;923;"User_923";"Chennai";"Gold";384;"Restaurant_384";"Mexican"
2302;"23-01-2023";368.3;653;"User_653";"Chennai";"Regular";415;"Restaurant_415";"Indian"
2303;"23-02-2023";1222.32;947;"User_947";"Pune";"Regular";219;"Restaurant_219";"Mexican"
2304;"29-01-2023";1292.04;627;"User_627";"Pune";"Regular";56;"Restaurant_56";"Italian"
2305;"05-08-2023";939.45;1103;"User_1103";"Hyderabad";"Regular";121;"Restaurant_121";"Indian"
2306;"30-07-2023";323.6;1887;"User_1887";"Bangalore";"Regular";261;"Restaurant_261";"Italian"
2307;"13-02-2023";985.09;284;"User_284";"Chennai";"Regular";38;"Restaurant_38";"Italian"
2308;"12-01-2023";640.87;1428;"User_1428";"Bangalore";"Gold";291;"Restaurant_291";"Mexican"
2309;"03-07-2023";634.31;2214;"User_2214";"Hyderabad";"Regular";86;"Restaurant_86";"Indian"
2310;"11-10-2023";502.72;1091;"User_1091";"Pune";"Gold";68;"Restaurant_68";"Italian"
2311;"03-12-2023";1441.73;2534;"User_2534";"Bangalore";"Regular";463;"Restaurant_463";"Chinese"
2312;"15-10-2023";380.04;1094;"User_1094";"Bangalore";"Regular";11;"Restaurant_11";"Chinese"
2313;"27-03-2023";908.97;1297;"User_1297";"Hyderabad";"Regular";72;"Restaurant_72";"Mexican"
2314;"13-09-2023";1155.33;822;"User_822";"Bangalore";"Gold";44;"Restaurant_44";"Indian"
2315;"07-07-2023";566.8;134;"User_134";"Hyderabad";"Regular";446;"Restaurant_446";"Indian"
2316;"14-04-2023";1296.35;2046;"User_2046";"Bangalore";"Gold";76;"Restaurant_76";"Italian"
2317;"03-02-2023";1314.75;721;"User_721";"Chennai";"Gold";158;"Restaurant_158";"Indian"
2318;"11-08-2023";395.04;352;"User_352";"Chennai";"Gold";446;"Restaurant_446";"Indian"
2319;"01-09-2023";1321.38;721;"User_721";"Chennai";"Gold";21;"Restaurant_21";"Indian"
2320;"27-09-2023";214.71;1823;"User_1823";"Hyderabad";"Regular";392;"Restaurant_392";"Italian"
2321;"27-03-2023";1052.53;16;"User_16";"Chennai";"Gold";415;"Restaurant_415";"Indian"
2322;"01-01-2023";866.93;182;"User_182";"Bangalore";"Regular";376;"Restaurant_376";"Indian"
2323;"13-08-2023";862.34;2286;"User_2286";"Chennai";"Regular";171;"Restaurant_171";"Mexican"
2324;"15-08-2023";652.17;1925;"User_1925";"Chennai";"Gold";166;"Restaurant_166";"Chinese"
2325;"10-05-2023";271.29;1463;"User_1463";"Chennai";"Gold";270;"Restaurant_270";"Mexican"
2326;"08-10-2023";1086.99;1179;"User_1179";"Bangalore";"Regular";143;"Restaurant_143";"Chinese"
2327;"08-09-2023";1041.22;1681;"User_1681";"Chennai";"Regular";42;"Restaurant_42";"Chinese"
2328;"14-10-2023";1032.08;1751;"User_1751";"Pune";"Regular";325;"Restaurant_325";"Italian"
2329;"08-01-2023";964.17;1143;"User_1143";"Pune";"Regular";96;"Restaurant_96";"Mexican"
2330;"13-06-2023";1289.49;2934;"User_2934";"Hyderabad";"Gold";410;"Restaurant_410";"Italian"
2331;"31-05-2023";1152.77;175;"User_175";"Hyderabad";"Gold";254;"Restaurant_254";"Indian"
2332;"07-01-2023";977.73;675;"User_675";"Bangalore";"Gold";337;"Restaurant_337";"Mexican"
2333;"22-07-2023";1414.53;2311;"User_2311";"Hyderabad";"Regular";311;"Restaurant_311";"Italian"
2334;"03-03-2023";564.72;2155;"User_2155";"Bangalore";"Gold";104;"Restaurant_104";"Chinese"
2335;"08-04-2023";1382.84;2611;"User_2611";"Hyderabad";"Gold";462;"Restaurant_462";"Italian"
2336;"31-03-2023";1267.07;575;"User_575";"Bangalore";"Gold";140;"Restaurant_140";"Italian"
2337;"12-10-2023";273.37;311;"User_311";"Bangalore";"Gold";293;"Restaurant_293";"Italian"
2338;"05-03-2023";210.51;1230;"User_1230";"Chennai";"Gold";463;"Restaurant_463";"Chinese"
2339;"22-07-2023";605.54;1892;"User_1892";"Hyderabad";"Regular";117;"Restaurant_117";"Indian"
2340;"17-06-2023";1319.65;2709;"User_2709";"Bangalore";"Gold";224;"Restaurant_224";"Chinese"
2341;"15-11-2023";1137.01;1841;"User_1841";"Chennai";"Regular";195;"Restaurant_195";"Indian"
2342;"05-01-2023";457.34;757;"User_757";"Pune";"Gold";128;"Restaurant_128";"Indian"
2343;"12-12-2023";103.86;1878;"User_1878";"Bangalore";"Regular";80;"Restaurant_80";"Italian"
2344;"03-02-2023";419.85;2337;"User_2337";"Bangalore";"Gold";437;"Restaurant_437";"Indian"
2345;"28-05-2023";757.6;556;"User_556";"Chennai";"Regular";127;"Restaurant_127";"Chinese"
2346;"09-10-2023";445.2;2546;"User_2546";"Chennai";"Gold";340;"Restaurant_340";"Chinese"
2347;"02-11-2023";319.3;2185;"User_2185";"Bangalore";"Regular";10;"Restaurant_10";"Chinese"
2348;"26-10-2023";1417.43;2607;"User_2607";"Hyderabad";"Gold";207;"Restaurant_207";"Italian"
2349;"09-02-2023";1406.43;1493;"User_1493";"Chennai";"Regular";138;"Restaurant_138";"Indian"
2350;"06-07-2023";907.15;1845;"User_1845";"Hyderabad";"Regular";350;"Restaurant_350";"Mexican"
2351;"16-08-2023";432.38;1081;"User_1081";"Hyderabad";"Gold";105;"Restaurant_105";"Mexican"
2352;"16-09-2023";1328.32;1733;"User_1733";"Pune";"Regular";186;"Restaurant_186";"Indian"
2353;"29-07-2023";1022.05;2493;"User_2493";"Pune";"Gold";470;"Restaurant_470";"Italian"
2354;"02-01-2023";597.16;1559;"User_1559";"Bangalore";"Gold";274;"Restaurant_274";"Mexican"
2355;"17-12-2023";453.84;797;"User_797";"Bangalore";"Regular";49;"Restaurant_49";"Italian"
2356;"11-06-2023";423.64;360;"User_360";"Pune";"Regular";452;"Restaurant_452";"Chinese"
2357;"27-03-2023";604.51;94;"User_94";"Chennai";"Regular";412;"Restaurant_412";"Mexican"
2358;"13-06-2023";635.98;2146;"User_2146";"Chennai";"Gold";96;"Restaurant_96";"Mexican"
2359;"31-05-2023";403.82;2318;"User_2318";"Pune";"Gold";79;"Restaurant_79";"Mexican"
2360;"21-05-2023";653.77;1739;"User_1739";"Pune";"Regular";92;"Restaurant_92";"Mexican"
2361;"31-03-2023";569.0;2756;"User_2756";"Pune";"Gold";54;"Restaurant_54";"Italian"
2362;"05-09-2023";761.19;583;"User_583";"Pune";"Gold";455;"Restaurant_455";"Chinese"
2363;"10-12-2023";597.52;2415;"User_2415";"Pune";"Regular";223;"Restaurant_223";"Italian"
2364;"13-02-2023";875.03;404;"User_404";"Hyderabad";"Gold";31;"Restaurant_31";"Mexican"
2365;"30-12-2023";893.26;451;"User_451";"Hyderabad";"Regular";194;"Restaurant_194";"Chinese"
2366;"16-06-2023";866.27;2986;"User_2986";"Hyderabad";"Regular";18;"Restaurant_18";"Italian"
2367;"22-06-2023";652.79;226;"User_226";"Chennai";"Regular";73;"Restaurant_73";"Mexican"
2368;"22-07-2023";277.69;2501;"User_2501";"Chennai";"Gold";153;"Restaurant_153";"Italian"
2369;"16-10-2023";941.62;1528;"User_1528";"Chennai";"Regular";273;"Restaurant_273";"Indian"
2370;"03-07-2023";798.57;2982;"User_2982";"Chennai";"Gold";499;"Restaurant_499";"Mexican"
2371;"18-12-2023";1141.96;1849;"User_1849";"Bangalore";"Gold";183;"Restaurant_183";"Chinese"
2372;"11-07-2023";168.24;1688;"User_1688";"Bangalore";"Gold";245;"Restaurant_245";"Mexican"
2373;"26-10-2023";1319.38;858;"User_858";"Hyderabad";"Gold";136;"Restaurant_136";"Indian"
2374;"01-11-2023";1011.28;505;"User_505";"Hyderabad";"Gold";357;"Restaurant_357";"Italian"
2375;"26-04-2023";1179.35;865;"User_865";"Bangalore";"Regular";495;"Restaurant_495";"Italian"
2376;"09-12-2023";1039.11;2012;"User_2012";"Bangalore";"Regular";180;"Restaurant_180";"Chinese"
2377;"22-02-2023";319.4;2640;"User_2640";"Bangalore";"Gold";97;"Restaurant_97";"Mexican"
2378;"20-08-2023";895.49;97;"User_97";"Bangalore";"Gold";50;"Restaurant_50";"Mexican"
2379;"08-02-2023";596.73;349;"User_349";"Bangalore";"Regular";164;"Restaurant_164";"Italian"
2380;"07-06-2023";771.55;2578;"User_2578";"Hyderabad";"Regular";335;"Restaurant_335";"Italian"
2381;"27-11-2023";1309.29;1010;"User_1010";"Hyderabad";"Regular";106;"Restaurant_106";"Indian"
2382;"26-11-2023";1160.77;1084;"User_1084";"Bangalore";"Gold";473;"Restaurant_473";"Italian"
2383;"10-11-2023";885.43;2955;"User_2955";"Bangalore";"Gold";117;"Restaurant_117";"Indian"
2384;"06-07-2023";512.92;243;"User_243";"Bangalore";"Regular";334;"Restaurant_334";"Indian"
2385;"20-01-2023";1063.17;2024;"User_2024";"Chennai";"Regular";301;"Restaurant_301";"Italian"
2386;"30-10-2023";444.01;794;"User_794";"Bangalore";"Regular";281;"Restaurant_281";"Italian"
2387;"20-12-2023";815.0;2660;"User_2660";"Bangalore";"Gold";442;"Restaurant_442";"Italian"
2388;"07-02-2023";1134.7;2507;"User_2507";"Hyderabad";"Regular";331;"Restaurant_331";"Mexican"
2389;"15-06-2023";1481.83;2185;"User_2185";"Bangalore";"Regular";23;"Restaurant_23";"Chinese"
2390;"30-10-2023";583.08;656;"User_656";"Pune";"Gold";314;"Restaurant_314";"Indian"
2391;"09-09-2023";1239.68;973;"User_973";"Hyderabad";"Regular";20;"Restaurant_20";"Indian"
2392;"24-09-2023";1147.26;2091;"User_2091";"Chennai";"Gold";433;"Restaurant_433";"Italian"
2393;"21-11-2023";815.78;2004;"User_2004";"Hyderabad";"Regular";279;"Restaurant_279";"Italian"
2394;"13-02-2023";521.15;1051;"User_1051";"Pune";"Regular";196;"Restaurant_196";"Italian"
2395;"24-05-2023";837.59;841;"User_841";"Pune";"Gold";148;"Restaurant_148";"Italian"
2396;"01-10-2023";392.18;1312;"User_1312";"Hyderabad";"Regular";192;"Restaurant_192";"Italian"
2397;"02-05-2023";583.88;1634;"User_1634";"Pune";"Gold";234;"Restaurant_234";"Chinese"
2398;"01-04-2023";1129.27;385;"User_385";"Bangalore";"Gold";344;"Restaurant_344";"Indian"
2399;"20-03-2023";322.76;1906;"User_1906";"Bangalore";"Gold";475;"Restaurant_475";"Italian"
2400;"07-04-2023";1125.53;423;"User_423";"Chennai";"Gold";380;"Restaurant_380";"Italian"
2401;"02-12-2023";262.92;2383;"User_2383";"Chennai";"Gold";166;"Restaurant_166";"Chinese"
2402;"19-04-2023";304.18;1040;"User_1040";"Chennai";"Regular";214;"Restaurant_214";"Chinese"
2403;"28-05-2023";1493.38;1405;"User_1405";"Pune";"Regular";324;"Restaurant_324";"Mexican"
2404;"14-05-2023";871.82;2187;"User_2187";"Pune";"Gold";316;"Restaurant_316";"Chinese"
2405;"13-05-2023";1358.27;1605;"User_1605";"Bangalore";"Regular";283;"Restaurant_283";"Chinese"
2406;"15-05-2023";932.23;2949;"User_2949";"Bangalore";"Gold";198;"Restaurant_198";"Mexican"
2407;"31-08-2023";332.59;100;"User_100";"Chennai";"Regular";494;"Restaurant_494";"Mexican"
2408;"14-03-2023";804.67;366;"User_366";"Bangalore";"Gold";189;"Restaurant_189";"Indian"
2409;"17-02-2023";163.2;1966;"User_1966";"Hyderabad";"Regular";153;"Restaurant_153";"Italian"
2410;"16-08-2023";1422.51;1016;"User_1016";"Hyderabad";"Gold";107;"Restaurant_107";"Mexican"
2411;"25-06-2023";501.59;2779;"User_2779";"Chennai";"Gold";340;"Restaurant_340";"Chinese"
2412;"07-08-2023";1436.35;91;"User_91";"Chennai";"Regular";166;"Restaurant_166";"Chinese"
2413;"16-02-2023";314.28;374;"User_374";"Hyderabad";"Regular";356;"Restaurant_356";"Indian"
2414;"11-03-2023";761.65;261;"User_261";"Bangalore";"Regular";408;"Restaurant_408";"Mexican"
2415;"27-10-2023";1201.91;163;"User_163";"Chennai";"Gold";239;"Restaurant_239";"Indian"
2416;"26-12-2023";226.53;957;"User_957";"Bangalore";"Gold";376;"Restaurant_376";"Indian"
2417;"03-02-2023";1442.2;835;"User_835";"Pune";"Regular";41;"Restaurant_41";"Mexican"
2418;"21-11-2023";302.14;1432;"User_1432";"Bangalore";"Regular";384;"Restaurant_384";"Mexican"
2419;"07-11-2023";1099.14;280;"User_280";"Bangalore";"Gold";138;"Restaurant_138";"Indian"
2420;"12-02-2023";554.26;1723;"User_1723";"Chennai";"Gold";250;"Restaurant_250";"Mexican"
2421;"15-10-2023";709.9;73;"User_73";"Chennai";"Regular";3;"Restaurant_3";"Mexican"
2422;"20-04-2023";1459.91;1348;"User_1348";"Hyderabad";"Regular";326;"Restaurant_326";"Italian"
2423;"04-12-2023";1421.62;2165;"User_2165";"Chennai";"Gold";463;"Restaurant_463";"Chinese"
2424;"15-10-2023";535.35;2832;"User_2832";"Hyderabad";"Gold";66;"Restaurant_66";"Italian"
2425;"17-11-2023";1399.46;1603;"User_1603";"Chennai";"Gold";16;"Restaurant_16";"Indian"
2426;"01-01-2024";1334.13;2576;"User_2576";"Pune";"Gold";283;"Restaurant_283";"Chinese"
2427;"30-08-2023";629.97;2944;"User_2944";"Hyderabad";"Gold";294;"Restaurant_294";"Italian"
2428;"16-11-2023";101.83;1642;"User_1642";"Bangalore";"Gold";148;"Restaurant_148";"Italian"
2429;"14-08-2023";1459.87;2088;"User_2088";"Hyderabad";"Regular";422;"Restaurant_422";"Mexican"
2430;"14-04-2023";859.61;1955;"User_1955";"Chennai";"Gold";28;"Restaurant_28";"Chinese"
2431;"26-05-2023";1414.03;2806;"User_2806";"Bangalore";"Gold";134;"Restaurant_134";"Mexican"
2432;"25-02-2023";1228.34;1725;"User_1725";"Bangalore";"Gold";61;"Restaurant_61";"Italian"
2433;"26-05-2023";1071.83;721;"User_721";"Chennai";"Gold";302;"Restaurant_302";"Mexican"
2434;"02-04-2023";1427.51;1515;"User_1515";"Bangalore";"Regular";58;"Restaurant_58";"Indian"
2435;"07-06-2023";209.65;2826;"User_2826";"Chennai";"Gold";140;"Restaurant_140";"Italian"
2436;"29-11-2023";1325.29;883;"User_883";"Pune";"Gold";133;"Restaurant_133";"Italian"
2437;"12-02-2023";1139.01;2584;"User_2584";"Pune";"Gold";18;"Restaurant_18";"Italian"
2438;"13-10-2023";354.68;174;"User_174";"Pune";"Gold";279;"Restaurant_279";"Italian"
2439;"30-04-2023";793.55;2801;"User_2801";"Pune";"Regular";332;"Restaurant_332";"Chinese"
2440;"01-01-2024";1153.91;2987;"User_2987";"Pune";"Gold";314;"Restaurant_314";"Indian"
2441;"19-08-2023";224.37;84;"User_84";"Hyderabad";"Regular";423;"Restaurant_423";"Indian"
2442;"22-10-2023";155.18;2083;"User_2083";"Hyderabad";"Regular";438;"Restaurant_438";"Italian"
2443;"17-07-2023";1203.63;1811;"User_1811";"Bangalore";"Regular";175;"Restaurant_175";"Chinese"
2444;"12-08-2023";130.79;875;"User_875";"Hyderabad";"Regular";498;"Restaurant_498";"Chinese"
2445;"22-08-2023";274.27;682;"User_682";"Hyderabad";"Regular";314;"Restaurant_314";"Indian"
2446;"16-02-2023";1362.12;211;"User_211";"Bangalore";"Regular";396;"Restaurant_396";"Mexican"
2447;"12-02-2023";1472.6;1881;"User_1881";"Hyderabad";"Gold";25;"Restaurant_25";"Chinese"
2448;"17-09-2023";943.86;448;"User_448";"Chennai";"Regular";161;"Restaurant_161";"Mexican"
2449;"01-12-2023";723.86;2966;"User_2966";"Pune";"Regular";380;"Restaurant_380";"Italian"
2450;"27-02-2023";818.11;2837;"User_2837";"Hyderabad";"Gold";325;"Restaurant_325";"Italian"
2451;"27-01-2023";146.03;929;"User_929";"Chennai";"Gold";114;"Restaurant_114";"Indian"
2452;"11-10-2023";343.52;2029;"User_2029";"Pune";"Gold";491;"Restaurant_491";"Chinese"
2453;"16-12-2023";1111.32;1642;"User_1642";"Bangalore";"Gold";69;"Restaurant_69";"Chinese"
2454;"25-12-2023";1155.95;1736;"User_1736";"Pune";"Regular";459;"Restaurant_459";"Italian"
2455;"23-03-2023";921.93;61;"User_61";"Pune";"Gold";77;"Restaurant_77";"Mexican"
2456;"08-03-2023";1343.95;2674;"User_2674";"Hyderabad";"Gold";259;"Restaurant_259";"Mexican"
2457;"19-07-2023";1476.7;1492;"User_1492";"Bangalore";"Regular";384;"Restaurant_384";"Mexican"
2458;"23-08-2023";1451.11;553;"User_553";"Pune";"Gold";236;"Restaurant_236";"Italian"
2459;"17-05-2023";1019.88;1011;"User_1011";"Pune";"Regular";142;"Restaurant_142";"Indian"
2460;"25-06-2023";243.04;871;"User_871";"Chennai";"Gold";141;"Restaurant_141";"Mexican"
2461;"05-03-2023";808.72;2595;"User_2595";"Bangalore";"Regular";115;"Restaurant_115";"Chinese"
2462;"18-11-2023";734.13;1428;"User_1428";"Bangalore";"Gold";252;"Restaurant_252";"Indian"
2463;"03-05-2023";1426.28;62;"User_62";"Bangalore";"Gold";212;"Restaurant_212";"Indian"
2464;"19-01-2023";577.69;905;"User_905";"Bangalore";"Regular";406;"Restaurant_406";"Chinese"
2465;"13-12-2023";518.31;157;"User_157";"Bangalore";"Gold";304;"Restaurant_304";"Italian"
2466;"22-05-2023";417.83;28;"User_28";"Pune";"Regular";237;"Restaurant_237";"Italian"
2467;"16-06-2023";971.53;1471;"User_1471";"Pune";"Gold";234;"Restaurant_234";"Chinese"
2468;"08-03-2023";311.28;110;"User_110";"Hyderabad";"Gold";372;"Restaurant_372";"Italian"
2469;"27-10-2023";1175.2;1773;"User_1773";"Pune";"Regular";148;"Restaurant_148";"Italian"
2470;"11-11-2023";546.91;1189;"User_1189";"Pune";"Regular";175;"Restaurant_175";"Chinese"
2471;"29-01-2023";617.45;2452;"User_2452";"Pune";"Gold";205;"Restaurant_205";"Italian"
2472;"22-01-2023";1454.01;2095;"User_2095";"Hyderabad";"Regular";44;"Restaurant_44";"Indian"
2473;"22-01-2023";434.72;1552;"User_1552";"Hyderabad";"Gold";366;"Restaurant_366";"Indian"
2474;"21-08-2023";1485.26;2971;"User_2971";"Hyderabad";"Regular";343;"Restaurant_343";"Mexican"
2475;"01-11-2023";721.2;1126;"User_1126";"Bangalore";"Gold";116;"Restaurant_116";"Chinese"
2476;"28-02-2023";935.63;2841;"User_2841";"Hyderabad";"Gold";384;"Restaurant_384";"Mexican"
2477;"05-01-2023";1256.38;2090;"User_2090";"Hyderabad";"Regular";237;"Restaurant_237";"Italian"
2478;"08-08-2023";659.55;475;"User_475";"Bangalore";"Gold";426;"Restaurant_426";"Chinese"
2479;"08-02-2023";1098.44;1890;"User_1890";"Chennai";"Gold";315;"Restaurant_315";"Mexican"
2480;"23-12-2023";1255.13;918;"User_918";"Bangalore";"Gold";189;"Restaurant_189";"Indian"
2481;"24-07-2023";484.98;2958;"User_2958";"Pune";"Gold";152;"Restaurant_152";"Indian"
2482;"18-10-2023";194.81;2713;"User_2713";"Bangalore";"Gold";164;"Restaurant_164";"Italian"
2483;"31-08-2023";293.01;2586;"User_2586";"Hyderabad";"Regular";195;"Restaurant_195";"Indian"
2484;"05-02-2023";1080.12;1747;"User_1747";"Hyderabad";"Gold";95;"Restaurant_95";"Indian"
2485;"16-03-2023";789.63;2651;"User_2651";"Pune";"Gold";375;"Restaurant_375";"Chinese"
2486;"17-02-2023";119.38;269;"User_269";"Bangalore";"Gold";340;"Restaurant_340";"Chinese"
2487;"06-06-2023";501.25;2682;"User_2682";"Chennai";"Gold";235;"Restaurant_235";"Italian"
2488;"29-11-2023";1428.85;2748;"User_2748";"Hyderabad";"Regular";77;"Restaurant_77";"Mexican"
2489;"20-02-2023";122.88;2241;"User_2241";"Chennai";"Regular";183;"Restaurant_183";"Chinese"
2490;"24-12-2023";1255.71;2186;"User_2186";"Chennai";"Gold";100;"Restaurant_100";"Indian"
2491;"29-10-2023";1469.4;177;"User_177";"Chennai";"Regular";41;"Restaurant_41";"Mexican"
2492;"09-02-2023";198.03;2209;"User_2209";"Chennai";"Regular";255;"Restaurant_255";"Mexican"
2493;"02-04-2023";342.56;681;"User_681";"Chennai";"Gold";186;"Restaurant_186";"Indian"
2494;"14-07-2023";345.25;1607;"User_1607";"Bangalore";"Regular";151;"Restaurant_151";"Chinese"
2495;"15-03-2023";854.86;1227;"User_1227";"Hyderabad";"Gold";357;"Restaurant_357";"Italian"
2496;"23-11-2023";463.42;1116;"User_1116";"Chennai";"Gold";19;"Restaurant_19";"Indian"
2497;"24-10-2023";233.82;1329;"User_1329";"Bangalore";"Regular";90;"Restaurant_90";"Italian"
2498;"16-03-2023";311.98;307;"User_307";"Bangalore";"Regular";87;"Restaurant_87";"Mexican"
2499;"08-07-2023";985.02;424;"User_424";"Bangalore";"Gold";198;"Restaurant_198";"Mexican"
2500;"27-09-2023";194.39;2025;"User_2025";"Chennai";"Regular";309;"Restaurant_309";"Indian"
2501;"17-09-2023";571.31;8;"User_8";"Hyderabad";"Regular";359;"Restaurant_359";"Mexican"
2502;"27-05-2023";996.92;2633;"User_2633";"Hyderabad";"Gold";32;"Restaurant_32";"Italian"
2503;"17-03-2023";1405.61;2046;"User_2046";"Bangalore";"Gold";359;"Restaurant_359";"Mexican"
2504;"23-06-2023";229.35;2734;"User_2734";"Bangalore";"Regular";50;"Restaurant_50";"Mexican"
2505;"19-06-2023";259.87;1863;"User_1863";"Chennai";"Gold";305;"Restaurant_305";"Indian"
2506;"16-01-2023";1453.81;2401;"User_2401";"Bangalore";"Gold";56;"Restaurant_56";"Italian"
2507;"11-06-2023";280.85;1550;"User_1550";"Pune";"Regular";291;"Restaurant_291";"Mexican"
2508;"11-09-2023";374.93;23;"User_23";"Chennai";"Regular";58;"Restaurant_58";"Indian"
2509;"24-04-2023";1004.63;603;"User_603";"Bangalore";"Gold";115;"Restaurant_115";"Chinese"
2510;"14-04-2023";165.8;778;"User_778";"Hyderabad";"Gold";257;"Restaurant_257";"Italian"
2511;"17-03-2023";1230.53;517;"User_517";"Chennai";"Regular";237;"Restaurant_237";"Italian"
2512;"29-04-2023";261.59;2559;"User_2559";"Bangalore";"Regular";72;"Restaurant_72";"Mexican"
2513;"01-10-2023";905.48;2283;"User_2283";"Hyderabad";"Gold";164;"Restaurant_164";"Italian"
2514;"23-10-2023";147.04;2094;"User_2094";"Hyderabad";"Gold";273;"Restaurant_273";"Indian"
2515;"12-12-2023";1367.2;216;"User_216";"Pune";"Regular";459;"Restaurant_459";"Italian"
2516;"03-03-2023";602.63;2313;"User_2313";"Chennai";"Regular";300;"Restaurant_300";"Italian"
2517;"05-01-2023";1171.19;591;"User_591";"Hyderabad";"Regular";258;"Restaurant_258";"Indian"
2518;"28-09-2023";637.64;1372;"User_1372";"Chennai";"Gold";212;"Restaurant_212";"Indian"
2519;"19-11-2023";1420.88;157;"User_157";"Bangalore";"Gold";304;"Restaurant_304";"Italian"
2520;"11-09-2023";1037.48;2093;"User_2093";"Hyderabad";"Regular";217;"Restaurant_217";"Indian"
2521;"03-03-2023";787.62;2438;"User_2438";"Pune";"Gold";384;"Restaurant_384";"Mexican"
2522;"10-01-2023";702.65;2412;"User_2412";"Chennai";"Gold";349;"Restaurant_349";"Indian"
2523;"18-01-2023";441.03;543;"User_543";"Pune";"Regular";22;"Restaurant_22";"Chinese"
2524;"31-10-2023";763.61;2446;"User_2446";"Bangalore";"Gold";137;"Restaurant_137";"Indian"
2525;"02-05-2023";676.48;2210;"User_2210";"Bangalore";"Regular";428;"Restaurant_428";"Mexican"
2526;"16-12-2023";181.42;2154;"User_2154";"Bangalore";"Gold";26;"Restaurant_26";"Chinese"
2527;"23-07-2023";1471.67;2935;"User_2935";"Hyderabad";"Gold";198;"Restaurant_198";"Mexican"
2528;"01-01-2023";1262.11;2846;"User_2846";"Bangalore";"Gold";381;"Restaurant_381";"Italian"
2529;"31-03-2023";640.2;1727;"User_1727";"Bangalore";"Regular";340;"Restaurant_340";"Chinese"
2530;"09-04-2023";776.67;1918;"User_1918";"Bangalore";"Regular";71;"Restaurant_71";"Indian"
2531;"30-11-2023";991.92;1198;"User_1198";"Chennai";"Gold";51;"Restaurant_51";"Italian"
2532;"10-02-2023";1451.49;1795;"User_1795";"Chennai";"Regular";122;"Restaurant_122";"Indian"
2533;"20-05-2023";239.18;1002;"User_1002";"Pune";"Regular";250;"Restaurant_250";"Mexican"
2534;"17-04-2023";1445.67;128;"User_128";"Hyderabad";"Regular";99;"Restaurant_99";"Italian"
2535;"16-01-2023";626.41;2721;"User_2721";"Hyderabad";"Gold";423;"Restaurant_423";"Indian"
2536;"17-06-2023";146.32;793;"User_793";"Pune";"Regular";395;"Restaurant_395";"Mexican"
2537;"30-12-2023";487.05;830;"User_830";"Hyderabad";"Gold";69;"Restaurant_69";"Chinese"
2538;"05-07-2023";772.89;84;"User_84";"Hyderabad";"Regular";26;"Restaurant_26";"Chinese"
2539;"10-04-2023";365.46;2972;"User_2972";"Bangalore";"Regular";168;"Restaurant_168";"Indian"
2540;"29-11-2023";305.59;1479;"User_1479";"Pune";"Regular";283;"Restaurant_283";"Chinese"
2541;"26-11-2023";748.52;2012;"User_2012";"Bangalore";"Regular";282;"Restaurant_282";"Indian"
2542;"04-04-2023";992.99;29;"User_29";"Hyderabad";"Gold";297;"Restaurant_297";"Italian"
2543;"20-01-2023";619.81;1904;"User_1904";"Chennai";"Gold";245;"Restaurant_245";"Mexican"
2544;"19-04-2023";1014.82;2017;"User_2017";"Chennai";"Gold";165;"Restaurant_165";"Mexican"
2545;"10-11-2023";969.94;2048;"User_2048";"Chennai";"Gold";350;"Restaurant_350";"Mexican"
2546;"20-08-2023";128.37;2018;"User_2018";"Bangalore";"Gold";1;"Restaurant_1";"Chinese"
2547;"13-10-2023";931.68;892;"User_892";"Bangalore";"Gold";377;"Restaurant_377";"Mexican"
2548;"14-06-2023";354.62;2926;"User_2926";"Hyderabad";"Regular";260;"Restaurant_260";"Indian"
2549;"24-02-2023";1407.07;717;"User_717";"Chennai";"Gold";387;"Restaurant_387";"Mexican"
2550;"14-01-2023";1059.55;562;"User_562";"Bangalore";"Gold";210;"Restaurant_210";"Indian"
2551;"21-12-2023";755.45;491;"User_491";"Bangalore";"Gold";282;"Restaurant_282";"Indian"
2552;"16-11-2023";1012.68;731;"User_731";"Bangalore";"Regular";312;"Restaurant_312";"Chinese"
2553;"29-07-2023";1348.89;1500;"User_1500";"Hyderabad";"Regular";480;"Restaurant_480";"Chinese"
2554;"06-07-2023";439.1;473;"User_473";"Pune";"Regular";388;"Restaurant_388";"Indian"
2555;"28-08-2023";1263.59;1517;"User_1517";"Hyderabad";"Gold";29;"Restaurant_29";"Italian"
2556;"12-06-2023";1061.71;2408;"User_2408";"Chennai";"Regular";225;"Restaurant_225";"Italian"
2557;"23-08-2023";150.37;2116;"User_2116";"Chennai";"Gold";45;"Restaurant_45";"Mexican"
2558;"24-07-2023";1291.4;1234;"User_1234";"Chennai";"Gold";333;"Restaurant_333";"Chinese"
2559;"22-07-2023";1355.07;86;"User_86";"Chennai";"Regular";274;"Restaurant_274";"Mexican"
2560;"07-07-2023";107.88;1059;"User_1059";"Hyderabad";"Regular";265;"Restaurant_265";"Chinese"
2561;"12-03-2023";1080.16;414;"User_414";"Chennai";"Gold";413;"Restaurant_413";"Italian"
2562;"12-12-2023";1361.22;1685;"User_1685";"Chennai";"Regular";231;"Restaurant_231";"Indian"
2563;"25-12-2023";245.35;805;"User_805";"Pune";"Gold";63;"Restaurant_63";"Italian"
2564;"09-09-2023";1130.32;2183;"User_2183";"Hyderabad";"Gold";123;"Restaurant_123";"Chinese"
2565;"16-01-2023";227.74;78;"User_78";"Pune";"Gold";395;"Restaurant_395";"Mexican"
2566;"01-01-2024";641.59;225;"User_225";"Chennai";"Regular";436;"Restaurant_436";"Mexican"
2567;"23-08-2023";936.61;1128;"User_1128";"Pune";"Gold";335;"Restaurant_335";"Italian"
2568;"22-11-2023";449.43;2713;"User_2713";"Bangalore";"Gold";200;"Restaurant_200";"Chinese"
2569;"23-01-2023";748.02;2370;"User_2370";"Bangalore";"Regular";215;"Restaurant_215";"Mexican"
2570;"15-08-2023";1141.94;2401;"User_2401";"Bangalore";"Gold";112;"Restaurant_112";"Chinese"
2571;"24-12-2023";351.76;250;"User_250";"Pune";"Regular";384;"Restaurant_384";"Mexican"
2572;"12-08-2023";1059.6;2339;"User_2339";"Pune";"Regular";237;"Restaurant_237";"Italian"
2573;"22-12-2023";1254.55;2515;"User_2515";"Pune";"Regular";2;"Restaurant_2";"Indian"
2574;"13-07-2023";448.26;2565;"User_2565";"Pune";"Regular";327;"Restaurant_327";"Indian"
2575;"01-11-2023";890.37;2757;"User_2757";"Chennai";"Gold";316;"Restaurant_316";"Chinese"
2576;"31-01-2023";796.6;2783;"User_2783";"Bangalore";"Regular";270;"Restaurant_270";"Mexican"
2577;"07-05-2023";553.84;1386;"User_1386";"Hyderabad";"Gold";50;"Restaurant_50";"Mexican"
2578;"13-12-2023";966.18;2447;"User_2447";"Chennai";"Regular";34;"Restaurant_34";"Chinese"
2579;"14-01-2023";820.22;2195;"User_2195";"Bangalore";"Regular";390;"Restaurant_390";"Mexican"
2580;"27-02-2023";562.23;1494;"User_1494";"Hyderabad";"Gold";409;"Restaurant_409";"Mexican"
2581;"29-07-2023";1102.19;2516;"User_2516";"Chennai";"Gold";463;"Restaurant_463";"Chinese"
2582;"21-05-2023";1277.96;343;"User_343";"Chennai";"Gold";274;"Restaurant_274";"Mexican"
2583;"15-05-2023";988.29;2711;"User_2711";"Bangalore";"Gold";167;"Restaurant_167";"Italian"
2584;"18-01-2023";1371.66;2122;"User_2122";"Pune";"Regular";399;"Restaurant_399";"Chinese"
2585;"22-11-2023";183.19;864;"User_864";"Hyderabad";"Gold";29;"Restaurant_29";"Italian"
2586;"01-06-2023";288.82;1571;"User_1571";"Pune";"Gold";280;"Restaurant_280";"Chinese"
2587;"29-11-2023";414.81;1325;"User_1325";"Bangalore";"Gold";256;"Restaurant_256";"Italian"
2588;"21-01-2023";387.81;2807;"User_2807";"Pune";"Gold";190;"Restaurant_190";"Chinese"
2589;"04-06-2023";1273.89;2014;"User_2014";"Hyderabad";"Gold";236;"Restaurant_236";"Italian"
2590;"03-05-2023";1441.47;1192;"User_1192";"Bangalore";"Regular";245;"Restaurant_245";"Mexican"
2591;"13-12-2023";1014.76;1916;"User_1916";"Bangalore";"Regular";10;"Restaurant_10";"Chinese"
2592;"08-01-2023";601.84;256;"User_256";"Bangalore";"Regular";189;"Restaurant_189";"Indian"
2593;"07-09-2023";819.81;515;"User_515";"Chennai";"Regular";225;"Restaurant_225";"Italian"
2594;"12-11-2023";1239.65;1998;"User_1998";"Pune";"Regular";99;"Restaurant_99";"Italian"
2595;"16-08-2023";705.22;1239;"User_1239";"Bangalore";"Regular";427;"Restaurant_427";"Indian"
2596;"01-01-2023";1124.01;1726;"User_1726";"Pune";"Gold";256;"Restaurant_256";"Italian"
2597;"09-09-2023";142.75;1519;"User_1519";"Chennai";"Gold";32;"Restaurant_32";"Italian"
2598;"07-03-2023";533.05;1310;"User_1310";"Bangalore";"Gold";183;"Restaurant_183";"Chinese"
2599;"21-10-2023";1008.58;1358;"User_1358";"Chennai";"Regular";222;"Restaurant_222";"Italian"
2600;"17-09-2023";1417.29;2585;"User_2585";"Pune";"Gold";212;"Restaurant_212";"Indian"
2601;"27-01-2023";182.66;2089;"User_2089";"Hyderabad";"Gold";12;"Restaurant_12";"Mexican"
2602;"28-06-2023";605.87;250;"User_250";"Pune";"Regular";493;"Restaurant_493";"Mexican"
2603;"10-09-2023";315.25;182;"User_182";"Bangalore";"Regular";79;"Restaurant_79";"Mexican"
2604;"20-04-2023";645.39;1550;"User_1550";"Pune";"Regular";400;"Restaurant_400";"Mexican"
2605;"26-02-2023";147.72;391;"User_391";"Pune";"Gold";16;"Restaurant_16";"Indian"
2606;"07-08-2023";637.27;1947;"User_1947";"Bangalore";"Regular";231;"Restaurant_231";"Indian"
2607;"11-04-2023";1374.51;1783;"User_1783";"Hyderabad";"Regular";313;"Restaurant_313";"Indian"
2608;"30-03-2023";1056.25;2299;"User_2299";"Bangalore";"Regular";499;"Restaurant_499";"Mexican"
2609;"29-12-2023";890.67;2022;"User_2022";"Bangalore";"Regular";310;"Restaurant_310";"Indian"
2610;"14-12-2023";1020.94;2656;"User_2656";"Bangalore";"Gold";405;"Restaurant_405";"Indian"
2611;"17-07-2023";349.56;998;"User_998";"Bangalore";"Regular";319;"Restaurant_319";"Indian"
2612;"30-05-2023";634.69;1002;"User_1002";"Pune";"Regular";342;"Restaurant_342";"Mexican"
2613;"20-10-2023";1026.04;1578;"User_1578";"Pune";"Gold";161;"Restaurant_161";"Mexican"
2614;"17-09-2023";1230.49;1953;"User_1953";"Chennai";"Gold";247;"Restaurant_247";"Mexican"
2615;"14-09-2023";1226.03;1720;"User_1720";"Hyderabad";"Regular";477;"Restaurant_477";"Indian"
2616;"24-03-2023";1359.28;1974;"User_1974";"Pune";"Gold";324;"Restaurant_324";"Mexican"
2617;"08-10-2023";1095.0;2330;"User_2330";"Hyderabad";"Regular";195;"Restaurant_195";"Indian"
2618;"29-05-2023";1494.69;103;"User_103";"Hyderabad";"Regular";139;"Restaurant_139";"Mexican"
2619;"03-08-2023";1027.75;2765;"User_2765";"Chennai";"Gold";126;"Restaurant_126";"Italian"
2620;"02-04-2023";855.69;2248;"User_2248";"Hyderabad";"Regular";419;"Restaurant_419";"Chinese"
2621;"07-12-2023";420.79;2619;"User_2619";"Bangalore";"Regular";362;"Restaurant_362";"Indian"
2622;"28-02-2023";1384.89;989;"User_989";"Chennai";"Gold";342;"Restaurant_342";"Mexican"
2623;"25-09-2023";1189.02;2985;"User_2985";"Hyderabad";"Regular";35;"Restaurant_35";"Chinese"
2624;"22-02-2023";297.89;2460;"User_2460";"Pune";"Gold";398;"Restaurant_398";"Indian"
2625;"23-08-2023";634.39;2101;"User_2101";"Pune";"Gold";27;"Restaurant_27";"Italian"
2626;"14-09-2023";954.97;2476;"User_2476";"Pune";"Regular";223;"Restaurant_223";"Italian"
2627;"22-06-2023";418.67;845;"User_845";"Bangalore";"Gold";172;"Restaurant_172";"Italian"
2628;"12-06-2023";222.7;2720;"User_2720";"Chennai";"Gold";253;"Restaurant_253";"Italian"
2629;"01-06-2023";567.25;2643;"User_2643";"Chennai";"Regular";346;"Restaurant_346";"Indian"
2630;"14-06-2023";1286.93;2931;"User_2931";"Chennai";"Regular";479;"Restaurant_479";"Indian"
2631;"12-06-2023";190.15;963;"User_963";"Chennai";"Gold";40;"Restaurant_40";"Indian"
2632;"19-01-2023";375.48;2068;"User_2068";"Bangalore";"Regular";218;"Restaurant_218";"Indian"
2633;"26-08-2023";1161.9;1992;"User_1992";"Pune";"Gold";60;"Restaurant_60";"Mexican"
2634;"11-08-2023";242.3;126;"User_126";"Hyderabad";"Gold";253;"Restaurant_253";"Italian"
2635;"02-08-2023";1028.0;1263;"User_1263";"Bangalore";"Gold";54;"Restaurant_54";"Italian"
2636;"29-01-2023";1488.14;2533;"User_2533";"Pune";"Regular";403;"Restaurant_403";"Indian"
2637;"27-11-2023";207.0;1213;"User_1213";"Pune";"Regular";407;"Restaurant_407";"Mexican"
2638;"02-12-2023";1230.27;1422;"User_1422";"Bangalore";"Gold";418;"Restaurant_418";"Chinese"
2639;"03-05-2023";1083.26;636;"User_636";"Chennai";"Regular";279;"Restaurant_279";"Italian"
2640;"20-03-2023";341.04;663;"User_663";"Hyderabad";"Regular";492;"Restaurant_492";"Italian"
2641;"24-12-2023";226.43;812;"User_812";"Bangalore";"Regular";321;"Restaurant_321";"Chinese"
2642;"08-06-2023";305.29;1881;"User_1881";"Hyderabad";"Gold";97;"Restaurant_97";"Mexican"
2643;"29-07-2023";328.66;1170;"User_1170";"Chennai";"Regular";260;"Restaurant_260";"Indian"
2644;"09-12-2023";642.98;2638;"User_2638";"Bangalore";"Gold";437;"Restaurant_437";"Indian"
2645;"01-05-2023";378.85;2012;"User_2012";"Bangalore";"Regular";257;"Restaurant_257";"Italian"
2646;"16-07-2023";889.22;2728;"User_2728";"Pune";"Regular";481;"Restaurant_481";"Indian"
2647;"19-07-2023";1004.9;936;"User_936";"Pune";"Gold";393;"Restaurant_393";"Italian"
2648;"28-07-2023";978.52;1519;"User_1519";"Chennai";"Gold";196;"Restaurant_196";"Italian"
2649;"08-09-2023";973.88;2099;"User_2099";"Pune";"Gold";315;"Restaurant_315";"Mexican"
2650;"06-05-2023";1435.04;1675;"User_1675";"Hyderabad";"Regular";193;"Restaurant_193";"Chinese"
2651;"24-04-2023";493.15;607;"User_607";"Hyderabad";"Regular";157;"Restaurant_157";"Italian"
2652;"18-11-2023";476.47;721;"User_721";"Chennai";"Gold";358;"Restaurant_358";"Indian"
2653;"04-03-2023";972.51;197;"User_197";"Hyderabad";"Gold";199;"Restaurant_199";"Italian"
2654;"20-01-2023";903.77;2615;"User_2615";"Bangalore";"Regular";32;"Restaurant_32";"Italian"
2655;"13-07-2023";1488.91;1426;"User_1426";"Bangalore";"Regular";59;"Restaurant_59";"Chinese"
2656;"30-01-2023";1498.52;2316;"User_2316";"Hyderabad";"Regular";431;"Restaurant_431";"Mexican"
2657;"28-07-2023";1032.6;2729;"User_2729";"Hyderabad";"Gold";475;"Restaurant_475";"Italian"
2658;"23-06-2023";1370.33;2853;"User_2853";"Chennai";"Regular";339;"Restaurant_339";"Indian"
2659;"22-12-2023";295.16;2587;"User_2587";"Bangalore";"Gold";151;"Restaurant_151";"Chinese"
2660;"06-05-2023";910.03;1144;"User_1144";"Chennai";"Gold";371;"Restaurant_371";"Chinese"
2661;"24-02-2023";485.53;752;"User_752";"Hyderabad";"Gold";375;"Restaurant_375";"Chinese"
2662;"14-08-2023";692.73;2654;"User_2654";"Chennai";"Regular";199;"Restaurant_199";"Italian"
2663;"04-11-2023";1454.73;957;"User_957";"Bangalore";"Gold";138;"Restaurant_138";"Indian"
2664;"01-04-2023";1424.07;2142;"User_2142";"Chennai";"Gold";201;"Restaurant_201";"Mexican"
2665;"27-04-2023";487.59;407;"User_407";"Pune";"Gold";226;"Restaurant_226";"Indian"
2666;"10-01-2023";1328.78;1549;"User_1549";"Pune";"Regular";125;"Restaurant_125";"Chinese"
2667;"19-08-2023";357.12;483;"User_483";"Pune";"Gold";157;"Restaurant_157";"Italian"
2668;"17-08-2023";1474.95;2921;"User_2921";"Hyderabad";"Regular";382;"Restaurant_382";"Mexican"
2669;"24-07-2023";530.28;456;"User_456";"Pune";"Regular";173;"Restaurant_173";"Chinese"
2670;"16-10-2023";1197.83;60;"User_60";"Chennai";"Gold";29;"Restaurant_29";"Italian"
2671;"06-06-2023";1256.29;1363;"User_1363";"Bangalore";"Gold";221;"Restaurant_221";"Chinese"
2672;"05-02-2023";1291.7;266;"User_266";"Bangalore";"Regular";124;"Restaurant_124";"Mexican"
2673;"13-02-2023";437.36;2616;"User_2616";"Chennai";"Gold";287;"Restaurant_287";"Chinese"
2674;"17-12-2023";387.4;1521;"User_1521";"Hyderabad";"Regular";301;"Restaurant_301";"Italian"
2675;"27-10-2023";276.1;1005;"User_1005";"Chennai";"Gold";140;"Restaurant_140";"Italian"
2676;"11-09-2023";140.3;1232;"User_1232";"Pune";"Gold";152;"Restaurant_152";"Indian"
2677;"17-03-2023";112.27;593;"User_593";"Hyderabad";"Gold";182;"Restaurant_182";"Mexican"
2678;"10-01-2023";898.65;886;"User_886";"Bangalore";"Regular";47;"Restaurant_47";"Indian"
2679;"23-03-2023";225.17;1319;"User_1319";"Hyderabad";"Gold";373;"Restaurant_373";"Indian"
2680;"03-04-2023";464.75;353;"User_353";"Chennai";"Regular";447;"Restaurant_447";"Chinese"
2681;"23-08-2023";742.02;1217;"User_1217";"Chennai";"Gold";344;"Restaurant_344";"Indian"
2682;"09-03-2023";446.85;78;"User_78";"Pune";"Gold";390;"Restaurant_390";"Mexican"
2683;"11-08-2023";1183.92;2666;"User_2666";"Chennai";"Gold";452;"Restaurant_452";"Chinese"
2684;"09-01-2023";1117.83;371;"User_371";"Bangalore";"Regular";73;"Restaurant_73";"Mexican"
2685;"30-12-2023";932.01;1366;"User_1366";"Bangalore";"Gold";211;"Restaurant_211";"Chinese"
2686;"05-05-2023";1404.01;755;"User_755";"Chennai";"Regular";133;"Restaurant_133";"Italian"
2687;"21-02-2023";916.44;2322;"User_2322";"Pune";"Gold";364;"Restaurant_364";"Mexican"
2688;"13-12-2023";530.91;2596;"User_2596";"Pune";"Regular";490;"Restaurant_490";"Italian"
2689;"23-08-2023";840.01;2985;"User_2985";"Hyderabad";"Regular";387;"Restaurant_387";"Mexican"
2690;"30-08-2023";633.15;864;"User_864";"Hyderabad";"Gold";123;"Restaurant_123";"Chinese"
2691;"05-05-2023";1036.46;2875;"User_2875";"Hyderabad";"Gold";450;"Restaurant_450";"Mexican"
2692;"27-11-2023";1080.61;2166;"User_2166";"Chennai";"Gold";168;"Restaurant_168";"Indian"
2693;"13-01-2023";865.04;2501;"User_2501";"Chennai";"Gold";128;"Restaurant_128";"Indian"
2694;"18-08-2023";1374.57;527;"User_527";"Bangalore";"Gold";28;"Restaurant_28";"Chinese"
2695;"08-08-2023";1273.78;1535;"User_1535";"Chennai";"Regular";30;"Restaurant_30";"Mexican"
2696;"25-01-2023";910.11;1293;"User_1293";"Hyderabad";"Gold";375;"Restaurant_375";"Chinese"
2697;"04-12-2023";508.49;2766;"User_2766";"Bangalore";"Gold";246;"Restaurant_246";"Mexican"
2698;"28-10-2023";965.78;2507;"User_2507";"Hyderabad";"Regular";251;"Restaurant_251";"Chinese"
2699;"28-09-2023";125.29;1900;"User_1900";"Bangalore";"Gold";441;"Restaurant_441";"Indian"
2700;"11-05-2023";167.05;1081;"User_1081";"Hyderabad";"Gold";327;"Restaurant_327";"Indian"
2701;"26-01-2023";170.89;1556;"User_1556";"Bangalore";"Regular";468;"Restaurant_468";"Chinese"
2702;"11-02-2023";372.93;1062;"User_1062";"Chennai";"Regular";12;"Restaurant_12";"Mexican"
2703;"11-04-2023";293.54;1961;"User_1961";"Pune";"Regular";254;"Restaurant_254";"Indian"
2704;"25-06-2023";1141.34;2979;"User_2979";"Chennai";"Gold";200;"Restaurant_200";"Chinese"
2705;"12-01-2023";350.17;162;"User_162";"Bangalore";"Gold";97;"Restaurant_97";"Mexican"
2706;"23-02-2023";967.56;1414;"User_1414";"Bangalore";"Regular";276;"Restaurant_276";"Italian"
2707;"06-10-2023";1047.44;575;"User_575";"Bangalore";"Gold";499;"Restaurant_499";"Mexican"
2708;"03-03-2023";1196.63;2378;"User_2378";"Chennai";"Gold";215;"Restaurant_215";"Mexican"
2709;"31-10-2023";1020.17;1411;"User_1411";"Chennai";"Regular";429;"Restaurant_429";"Chinese"
2710;"16-06-2023";889.88;652;"User_652";"Bangalore";"Regular";127;"Restaurant_127";"Chinese"
2711;"21-07-2023";1384.29;785;"User_785";"Chennai";"Gold";141;"Restaurant_141";"Mexican"
2712;"19-09-2023";619.41;496;"User_496";"Chennai";"Regular";373;"Restaurant_373";"Indian"
2713;"11-08-2023";1429.43;1695;"User_1695";"Bangalore";"Gold";47;"Restaurant_47";"Indian"
2714;"13-01-2023";394.84;1031;"User_1031";"Hyderabad";"Regular";131;"Restaurant_131";"Italian"
2715;"17-05-2023";523.2;1907;"User_1907";"Pune";"Gold";412;"Restaurant_412";"Mexican"
2716;"07-11-2023";1191.57;1330;"User_1330";"Chennai";"Gold";254;"Restaurant_254";"Indian"
2717;"24-11-2023";1201.83;272;"User_272";"Pune";"Regular";157;"Restaurant_157";"Italian"
2718;"08-07-2023";633.12;1585;"User_1585";"Bangalore";"Regular";344;"Restaurant_344";"Indian"
2719;"04-04-2023";777.3;2167;"User_2167";"Hyderabad";"Gold";173;"Restaurant_173";"Chinese"
2720;"15-10-2023";314.77;1508;"User_1508";"Pune";"Gold";334;"Restaurant_334";"Indian"
2721;"20-05-2023";253.85;2565;"User_2565";"Pune";"Regular";112;"Restaurant_112";"Chinese"
2722;"22-12-2023";1450.13;1630;"User_1630";"Chennai";"Regular";19;"Restaurant_19";"Indian"
2723;"06-08-2023";605.71;1283;"User_1283";"Hyderabad";"Regular";406;"Restaurant_406";"Chinese"
2724;"17-11-2023";885.59;166;"User_166";"Hyderabad";"Regular";364;"Restaurant_364";"Mexican"
2725;"11-01-2023";466.71;190;"User_190";"Bangalore";"Gold";115;"Restaurant_115";"Chinese"
2726;"17-01-2023";1446.99;824;"User_824";"Hyderabad";"Regular";367;"Restaurant_367";"Indian"
2727;"12-11-2023";994.97;2321;"User_2321";"Bangalore";"Gold";335;"Restaurant_335";"Italian"
2728;"12-09-2023";119.08;2368;"User_2368";"Pune";"Gold";352;"Restaurant_352";"Italian"
2729;"27-04-2023";699.1;125;"User_125";"Bangalore";"Regular";219;"Restaurant_219";"Mexican"
2730;"31-05-2023";264.71;600;"User_600";"Chennai";"Gold";180;"Restaurant_180";"Chinese"
2731;"28-08-2023";882.37;1496;"User_1496";"Chennai";"Regular";36;"Restaurant_36";"Italian"
2732;"14-11-2023";428.48;2350;"User_2350";"Hyderabad";"Gold";346;"Restaurant_346";"Indian"
2733;"31-12-2023";1169.44;2774;"User_2774";"Bangalore";"Gold";166;"Restaurant_166";"Chinese"
2734;"30-08-2023";950.82;153;"User_153";"Pune";"Gold";304;"Restaurant_304";"Italian"
2735;"02-07-2023";672.18;2524;"User_2524";"Hyderabad";"Regular";499;"Restaurant_499";"Mexican"
2736;"19-08-2023";294.69;2193;"User_2193";"Pune";"Gold";17;"Restaurant_17";"Indian"
2737;"23-08-2023";660.3;1541;"User_1541";"Chennai";"Regular";351;"Restaurant_351";"Mexican"
2738;"26-10-2023";1285.14;1499;"User_1499";"Pune";"Gold";287;"Restaurant_287";"Chinese"
2739;"14-08-2023";340.68;1418;"User_1418";"Chennai";"Gold";107;"Restaurant_107";"Mexican"
2740;"07-02-2023";1046.07;1515;"User_1515";"Bangalore";"Regular";251;"Restaurant_251";"Chinese"
2741;"27-11-2023";941.84;1091;"User_1091";"Pune";"Gold";318;"Restaurant_318";"Indian"
2742;"16-06-2023";116.27;2378;"User_2378";"Chennai";"Gold";390;"Restaurant_390";"Mexican"
2743;"23-12-2023";1468.47;2726;"User_2726";"Bangalore";"Regular";74;"Restaurant_74";"Chinese"
2744;"19-01-2023";1280.25;2758;"User_2758";"Hyderabad";"Gold";50;"Restaurant_50";"Mexican"
2745;"29-07-2023";353.34;606;"User_606";"Hyderabad";"Gold";226;"Restaurant_226";"Indian"
2746;"29-04-2023";1254.75;1128;"User_1128";"Pune";"Gold";160;"Restaurant_160";"Chinese"
2747;"20-11-2023";1430.71;512;"User_512";"Hyderabad";"Regular";179;"Restaurant_179";"Italian"
2748;"03-01-2023";558.33;1061;"User_1061";"Bangalore";"Gold";296;"Restaurant_296";"Italian"
2749;"14-02-2023";873.46;2675;"User_2675";"Hyderabad";"Gold";498;"Restaurant_498";"Chinese"
2750;"11-08-2023";901.78;122;"User_122";"Pune";"Gold";14;"Restaurant_14";"Indian"
2751;"13-08-2023";345.3;319;"User_319";"Bangalore";"Gold";17;"Restaurant_17";"Indian"
2752;"02-04-2023";297.35;274;"User_274";"Pune";"Gold";473;"Restaurant_473";"Italian"
2753;"25-09-2023";895.14;200;"User_200";"Hyderabad";"Regular";190;"Restaurant_190";"Chinese"
2754;"18-07-2023";238.32;826;"User_826";"Hyderabad";"Gold";48;"Restaurant_48";"Mexican"
2755;"16-07-2023";582.5;2283;"User_2283";"Hyderabad";"Gold";348;"Restaurant_348";"Italian"
2756;"29-03-2023";1371.96;1545;"User_1545";"Hyderabad";"Regular";227;"Restaurant_227";"Italian"
2757;"27-11-2023";432.9;1571;"User_1571";"Pune";"Gold";462;"Restaurant_462";"Italian"
2758;"23-11-2023";1411.89;1639;"User_1639";"Hyderabad";"Regular";375;"Restaurant_375";"Chinese"
2759;"02-03-2023";1001.51;2794;"User_2794";"Pune";"Regular";296;"Restaurant_296";"Italian"
2760;"08-09-2023";413.39;2648;"User_2648";"Hyderabad";"Regular";338;"Restaurant_338";"Mexican"
2761;"18-06-2023";700.14;1065;"User_1065";"Chennai";"Regular";299;"Restaurant_299";"Mexican"
2762;"20-05-2023";1062.13;323;"User_323";"Bangalore";"Regular";247;"Restaurant_247";"Mexican"
2763;"01-08-2023";378.09;848;"User_848";"Pune";"Regular";134;"Restaurant_134";"Mexican"
2764;"05-08-2023";1036.72;2298;"User_2298";"Bangalore";"Regular";75;"Restaurant_75";"Chinese"
2765;"25-06-2023";1462.79;1472;"User_1472";"Pune";"Regular";115;"Restaurant_115";"Chinese"
2766;"16-05-2023";702.45;2532;"User_2532";"Hyderabad";"Gold";466;"Restaurant_466";"Italian"
2767;"31-10-2023";1279.77;1908;"User_1908";"Bangalore";"Gold";4;"Restaurant_4";"Chinese"
2768;"08-08-2023";1403.16;2746;"User_2746";"Bangalore";"Regular";307;"Restaurant_307";"Mexican"
2769;"08-10-2023";849.65;2626;"User_2626";"Bangalore";"Gold";401;"Restaurant_401";"Indian"
2770;"27-08-2023";214.44;1422;"User_1422";"Bangalore";"Gold";20;"Restaurant_20";"Indian"
2771;"23-12-2023";487.17;243;"User_243";"Bangalore";"Regular";424;"Restaurant_424";"Indian"
2772;"22-08-2023";1028.24;2234;"User_2234";"Bangalore";"Gold";216;"Restaurant_216";"Italian"
2773;"21-07-2023";365.93;514;"User_514";"Bangalore";"Gold";165;"Restaurant_165";"Mexican"
2774;"24-06-2023";901.98;1194;"User_1194";"Chennai";"Regular";5;"Restaurant_5";"Chinese"
2775;"20-11-2023";1174.07;2533;"User_2533";"Pune";"Regular";321;"Restaurant_321";"Chinese"
2776;"30-03-2023";420.78;2121;"User_2121";"Pune";"Regular";21;"Restaurant_21";"Indian"
2777;"19-05-2023";594.81;2204;"User_2204";"Chennai";"Gold";462;"Restaurant_462";"Italian"
2778;"20-08-2023";902.72;1627;"User_1627";"Pune";"Regular";479;"Restaurant_479";"Indian"
2779;"15-02-2023";241.65;2032;"User_2032";"Chennai";"Gold";150;"Restaurant_150";"Indian"
2780;"05-02-2023";1103.85;2261;"User_2261";"Bangalore";"Gold";122;"Restaurant_122";"Indian"
2781;"11-04-2023";950.14;333;"User_333";"Pune";"Gold";316;"Restaurant_316";"Chinese"
2782;"11-02-2023";996.37;2087;"User_2087";"Bangalore";"Regular";471;"Restaurant_471";"Indian"
2783;"23-11-2023";973.5;1387;"User_1387";"Pune";"Gold";18;"Restaurant_18";"Italian"
2784;"20-01-2023";962.79;1991;"User_1991";"Pune";"Regular";225;"Restaurant_225";"Italian"
2785;"19-09-2023";653.72;2259;"User_2259";"Bangalore";"Gold";497;"Restaurant_497";"Mexican"
2786;"27-05-2023";995.0;1689;"User_1689";"Bangalore";"Regular";141;"Restaurant_141";"Mexican"
2787;"29-11-2023";910.25;1787;"User_1787";"Bangalore";"Regular";266;"Restaurant_266";"Italian"
2788;"07-08-2023";773.23;1652;"User_1652";"Chennai";"Regular";460;"Restaurant_460";"Chinese"
2789;"01-08-2023";1039.77;1915;"User_1915";"Chennai";"Gold";120;"Restaurant_120";"Italian"
2790;"29-10-2023";825.56;2983;"User_2983";"Bangalore";"Regular";327;"Restaurant_327";"Indian"
2791;"22-09-2023";1248.41;2326;"User_2326";"Hyderabad";"Gold";118;"Restaurant_118";"Mexican"
2792;"21-10-2023";1103.66;1784;"User_1784";"Pune";"Regular";13;"Restaurant_13";"Indian"
2793;"11-02-2023";1096.45;1225;"User_1225";"Bangalore";"Regular";278;"Restaurant_278";"Indian"
2794;"29-06-2023";1145.21;572;"User_572";"Chennai";"Gold";255;"Restaurant_255";"Mexican"
2795;"19-08-2023";933.18;2892;"User_2892";"Hyderabad";"Gold";466;"Restaurant_466";"Italian"
2796;"24-03-2023";216.23;1430;"User_1430";"Hyderabad";"Regular";42;"Restaurant_42";"Chinese"
2797;"06-07-2023";1460.7;1586;"User_1586";"Hyderabad";"Regular";255;"Restaurant_255";"Mexican"
2798;"27-12-2023";398.69;2148;"User_2148";"Pune";"Regular";25;"Restaurant_25";"Chinese"
2799;"27-01-2023";883.25;1497;"User_1497";"Bangalore";"Regular";237;"Restaurant_237";"Italian"
2800;"08-07-2023";1432.72;415;"User_415";"Pune";"Gold";408;"Restaurant_408";"Mexican"
2801;"29-03-2023";388.41;490;"User_490";"Bangalore";"Gold";175;"Restaurant_175";"Chinese"
2802;"06-09-2023";740.6;1895;"User_1895";"Chennai";"Regular";415;"Restaurant_415";"Indian"
2803;"03-12-2023";1477.57;1456;"User_1456";"Chennai";"Regular";63;"Restaurant_63";"Italian"
2804;"14-02-2023";699.35;1483;"User_1483";"Chennai";"Gold";401;"Restaurant_401";"Indian"
2805;"26-10-2023";280.88;2037;"User_2037";"Chennai";"Gold";460;"Restaurant_460";"Chinese"
2806;"12-07-2023";540.42;568;"User_568";"Bangalore";"Regular";52;"Restaurant_52";"Mexican"
2807;"30-09-2023";534.17;1692;"User_1692";"Hyderabad";"Regular";468;"Restaurant_468";"Chinese"
2808;"06-03-2023";627.5;2922;"User_2922";"Chennai";"Gold";199;"Restaurant_199";"Italian"
2809;"17-01-2023";1494.83;1815;"User_1815";"Pune";"Gold";336;"Restaurant_336";"Mexican"
2810;"01-02-2023";1065.76;1404;"User_1404";"Bangalore";"Gold";302;"Restaurant_302";"Mexican"
2811;"31-07-2023";1233.95;649;"User_649";"Pune";"Gold";290;"Restaurant_290";"Chinese"
2812;"20-12-2023";672.61;2153;"User_2153";"Bangalore";"Gold";363;"Restaurant_363";"Italian"
2813;"13-11-2023";1193.02;391;"User_391";"Pune";"Gold";303;"Restaurant_303";"Mexican"
2814;"19-04-2023";769.04;420;"User_420";"Pune";"Regular";490;"Restaurant_490";"Italian"
2815;"05-03-2023";826.47;1302;"User_1302";"Bangalore";"Regular";471;"Restaurant_471";"Indian"
2816;"05-06-2023";971.22;2851;"User_2851";"Chennai";"Gold";476;"Restaurant_476";"Mexican"
2817;"29-05-2023";1022.94;235;"User_235";"Hyderabad";"Gold";179;"Restaurant_179";"Italian"
2818;"10-09-2023";1101.03;1574;"User_1574";"Hyderabad";"Gold";193;"Restaurant_193";"Chinese"
2819;"28-02-2023";199.19;1768;"User_1768";"Chennai";"Regular";456;"Restaurant_456";"Chinese"
2820;"25-02-2023";1202.81;2918;"User_2918";"Hyderabad";"Regular";287;"Restaurant_287";"Chinese"
2821;"27-02-2023";382.28;2343;"User_2343";"Bangalore";"Regular";280;"Restaurant_280";"Chinese"
2822;"28-12-2023";706.36;2652;"User_2652";"Pune";"Regular";117;"Restaurant_117";"Indian"
2823;"13-07-2023";817.45;371;"User_371";"Bangalore";"Regular";429;"Restaurant_429";"Chinese"
2824;"01-04-2023";327.93;1153;"User_1153";"Hyderabad";"Gold";61;"Restaurant_61";"Italian"
2825;"24-02-2023";241.3;2213;"User_2213";"Chennai";"Gold";87;"Restaurant_87";"Mexican"
2826;"01-05-2023";1433.36;513;"User_513";"Bangalore";"Regular";41;"Restaurant_41";"Mexican"
2827;"31-10-2023";647.17;2581;"User_2581";"Pune";"Gold";105;"Restaurant_105";"Mexican"
2828;"19-03-2023";780.59;502;"User_502";"Pune";"Regular";328;"Restaurant_328";"Mexican"
2829;"15-12-2023";1086.32;2023;"User_2023";"Bangalore";"Regular";58;"Restaurant_58";"Indian"
2830;"16-04-2023";1404.1;222;"User_222";"Chennai";"Gold";289;"Restaurant_289";"Italian"
2831;"13-03-2023";1310.36;536;"User_536";"Hyderabad";"Regular";31;"Restaurant_31";"Mexican"
2832;"20-01-2023";920.72;757;"User_757";"Pune";"Gold";243;"Restaurant_243";"Chinese"
2833;"14-06-2023";1135.45;928;"User_928";"Bangalore";"Regular";57;"Restaurant_57";"Mexican"
2834;"23-08-2023";1263.87;250;"User_250";"Pune";"Regular";140;"Restaurant_140";"Italian"
2835;"11-11-2023";774.43;1168;"User_1168";"Hyderabad";"Regular";227;"Restaurant_227";"Italian"
2836;"25-12-2023";1259.44;1618;"User_1618";"Bangalore";"Gold";270;"Restaurant_270";"Mexican"
2837;"16-02-2023";215.98;2834;"User_2834";"Chennai";"Regular";438;"Restaurant_438";"Italian"
2838;"24-10-2023";203.82;2462;"User_2462";"Chennai";"Gold";9;"Restaurant_9";"Italian"
2839;"22-12-2023";1165.09;2193;"User_2193";"Pune";"Gold";456;"Restaurant_456";"Chinese"
2840;"15-11-2023";891.29;1789;"User_1789";"Pune";"Gold";272;"Restaurant_272";"Indian"
2841;"04-12-2023";1375.78;422;"User_422";"Chennai";"Regular";420;"Restaurant_420";"Italian"
2842;"24-12-2023";731.85;2478;"User_2478";"Chennai";"Gold";297;"Restaurant_297";"Italian"
2843;"30-11-2023";1416.7;1555;"User_1555";"Pune";"Gold";390;"Restaurant_390";"Mexican"
2844;"15-08-2023";304.37;2613;"User_2613";"Bangalore";"Regular";74;"Restaurant_74";"Chinese"
2845;"01-08-2023";570.67;1336;"User_1336";"Bangalore";"Regular";21;"Restaurant_21";"Indian"
2846;"10-05-2023";382.16;980;"User_980";"Chennai";"Gold";283;"Restaurant_283";"Chinese"
2847;"16-12-2023";705.96;1480;"User_1480";"Pune";"Gold";98;"Restaurant_98";"Indian"
2848;"15-09-2023";749.56;1345;"User_1345";"Pune";"Regular";338;"Restaurant_338";"Mexican"
2849;"25-12-2023";238.33;92;"User_92";"Bangalore";"Regular";273;"Restaurant_273";"Indian"
2850;"19-03-2023";868.45;284;"User_284";"Chennai";"Regular";183;"Restaurant_183";"Chinese"
2851;"07-12-2023";276.58;1448;"User_1448";"Chennai";"Regular";18;"Restaurant_18";"Italian"
2852;"28-07-2023";362.66;2782;"User_2782";"Pune";"Gold";320;"Restaurant_320";"Italian"
2853;"26-08-2023";295.49;172;"User_172";"Chennai";"Gold";139;"Restaurant_139";"Mexican"
2854;"15-12-2023";403.55;2398;"User_2398";"Bangalore";"Gold";213;"Restaurant_213";"Indian"
2855;"08-02-2023";597.31;1872;"User_1872";"Chennai";"Regular";465;"Restaurant_465";"Italian"
2856;"14-12-2023";661.59;180;"User_180";"Pune";"Gold";120;"Restaurant_120";"Italian"
2857;"21-04-2023";455.68;1443;"User_1443";"Bangalore";"Regular";481;"Restaurant_481";"Indian"
2858;"30-07-2023";202.75;2830;"User_2830";"Pune";"Gold";318;"Restaurant_318";"Indian"
2859;"18-11-2023";225.27;2512;"User_2512";"Bangalore";"Regular";73;"Restaurant_73";"Mexican"
2860;"23-06-2023";1194.38;650;"User_650";"Chennai";"Gold";323;"Restaurant_323";"Mexican"
2861;"17-09-2023";1376.41;1774;"User_1774";"Bangalore";"Regular";206;"Restaurant_206";"Mexican"
2862;"14-05-2023";1338.59;537;"User_537";"Bangalore";"Regular";159;"Restaurant_159";"Mexican"
2863;"30-05-2023";984.01;1347;"User_1347";"Chennai";"Gold";6;"Restaurant_6";"Chinese"
2864;"08-06-2023";301.78;63;"User_63";"Pune";"Regular";408;"Restaurant_408";"Mexican"
2865;"07-03-2023";402.63;210;"User_210";"Chennai";"Regular";12;"Restaurant_12";"Mexican"
2866;"28-03-2023";891.25;1850;"User_1850";"Chennai";"Gold";359;"Restaurant_359";"Mexican"
2867;"15-09-2023";1194.26;2207;"User_2207";"Chennai";"Gold";314;"Restaurant_314";"Indian"
2868;"15-04-2023";426.81;368;"User_368";"Pune";"Regular";75;"Restaurant_75";"Chinese"
2869;"12-01-2023";759.41;520;"User_520";"Chennai";"Regular";476;"Restaurant_476";"Mexican"
2870;"08-05-2023";1279.16;2894;"User_2894";"Pune";"Gold";46;"Restaurant_46";"Chinese"
2871;"29-10-2023";543.29;1594;"User_1594";"Bangalore";"Regular";334;"Restaurant_334";"Indian"
2872;"04-03-2023";428.44;2873;"User_2873";"Pune";"Gold";150;"Restaurant_150";"Indian"
2873;"11-10-2023";1312.52;511;"User_511";"Chennai";"Regular";376;"Restaurant_376";"Indian"
2874;"13-05-2023";1115.2;2582;"User_2582";"Hyderabad";"Gold";259;"Restaurant_259";"Mexican"
2875;"22-05-2023";594.49;1531;"User_1531";"Bangalore";"Gold";229;"Restaurant_229";"Italian"
2876;"19-11-2023";376.09;2895;"User_2895";"Chennai";"Gold";162;"Restaurant_162";"Italian"
2877;"25-03-2023";116.9;2141;"User_2141";"Bangalore";"Gold";358;"Restaurant_358";"Indian"
2878;"23-11-2023";1472.08;2142;"User_2142";"Chennai";"Gold";290;"Restaurant_290";"Chinese"
2879;"31-10-2023";1492.11;1016;"User_1016";"Hyderabad";"Gold";464;"Restaurant_464";"Italian"
2880;"19-12-2023";1470.38;1573;"User_1573";"Chennai";"Gold";321;"Restaurant_321";"Chinese"
2881;"17-06-2023";488.33;2029;"User_2029";"Pune";"Gold";282;"Restaurant_282";"Indian"
2882;"13-12-2023";1244.26;2365;"User_2365";"Hyderabad";"Regular";279;"Restaurant_279";"Italian"
2883;"03-10-2023";543.32;1875;"User_1875";"Chennai";"Gold";103;"Restaurant_103";"Mexican"
2884;"05-09-2023";1256.37;1566;"User_1566";"Pune";"Regular";254;"Restaurant_254";"Indian"
2885;"09-12-2023";651.91;2973;"User_2973";"Hyderabad";"Gold";139;"Restaurant_139";"Mexican"
2886;"01-11-2023";178.83;1759;"User_1759";"Chennai";"Regular";319;"Restaurant_319";"Indian"
2887;"09-06-2023";531.97;1541;"User_1541";"Chennai";"Regular";113;"Restaurant_113";"Chinese"
2888;"16-10-2023";1055.25;2787;"User_2787";"Pune";"Regular";212;"Restaurant_212";"Indian"
2889;"13-03-2023";186.4;2998;"User_2998";"Bangalore";"Regular";92;"Restaurant_92";"Mexican"
2890;"30-07-2023";1049.6;1783;"User_1783";"Hyderabad";"Regular";64;"Restaurant_64";"Chinese"
2891;"04-07-2023";1473.11;1627;"User_1627";"Pune";"Regular";19;"Restaurant_19";"Indian"
2892;"21-01-2023";281.23;1240;"User_1240";"Pune";"Gold";214;"Restaurant_214";"Chinese"
2893;"09-01-2023";838.33;907;"User_907";"Bangalore";"Regular";419;"Restaurant_419";"Chinese"
2894;"09-09-2023";157.1;1582;"User_1582";"Hyderabad";"Regular";265;"Restaurant_265";"Chinese"
2895;"13-03-2023";252.89;2156;"User_2156";"Bangalore";"Gold";395;"Restaurant_395";"Mexican"
2896;"04-07-2023";892.11;1284;"User_1284";"Chennai";"Regular";440;"Restaurant_440";"Mexican"
2897;"11-10-2023";212.07;1757;"User_1757";"Chennai";"Gold";239;"Restaurant_239";"Indian"
2898;"24-07-2023";1426.51;130;"User_130";"Hyderabad";"Gold";115;"Restaurant_115";"Chinese"
2899;"03-04-2023";1346.23;496;"User_496";"Chennai";"Regular";19;"Restaurant_19";"Indian"
2900;"09-08-2023";1302.69;2729;"User_2729";"Hyderabad";"Gold";3;"Restaurant_3";"Mexican"
2901;"12-12-2023";322.35;399;"User_399";"Bangalore";"Regular";236;"Restaurant_236";"Italian"
2902;"10-05-2023";1205.45;2289;"User_2289";"Pune";"Gold";261;"Restaurant_261";"Italian"
2903;"19-07-2023";1237.71;669;"User_669";"Chennai";"Gold";385;"Restaurant_385";"Chinese"
2904;"14-01-2023";1079.21;2925;"User_2925";"Bangalore";"Regular";27;"Restaurant_27";"Italian"
2905;"07-12-2023";1327.79;627;"User_627";"Pune";"Regular";6;"Restaurant_6";"Chinese"
2906;"12-04-2023";447.72;2139;"User_2139";"Bangalore";"Gold";407;"Restaurant_407";"Mexican"
2907;"10-11-2023";555.81;2170;"User_2170";"Bangalore";"Regular";296;"Restaurant_296";"Italian"
2908;"17-01-2023";937.24;2798;"User_2798";"Pune";"Regular";331;"Restaurant_331";"Mexican"
2909;"11-02-2023";419.1;1394;"User_1394";"Bangalore";"Gold";466;"Restaurant_466";"Italian"
2910;"04-05-2023";133.99;1825;"User_1825";"Hyderabad";"Regular";270;"Restaurant_270";"Mexican"
2911;"15-06-2023";1126.21;2770;"User_2770";"Hyderabad";"Regular";111;"Restaurant_111";"Mexican"
2912;"16-11-2023";253.91;357;"User_357";"Hyderabad";"Gold";223;"Restaurant_223";"Italian"
2913;"19-03-2023";404.83;175;"User_175";"Hyderabad";"Gold";356;"Restaurant_356";"Indian"
2914;"02-01-2023";852.33;1676;"User_1676";"Bangalore";"Gold";4;"Restaurant_4";"Chinese"
2915;"03-05-2023";1177.09;2816;"User_2816";"Chennai";"Regular";98;"Restaurant_98";"Indian"
2916;"19-06-2023";890.6;2015;"User_2015";"Chennai";"Gold";396;"Restaurant_396";"Mexican"
2917;"18-07-2023";415.66;2636;"User_2636";"Hyderabad";"Regular";214;"Restaurant_214";"Chinese"
2918;"15-07-2023";165.99;550;"User_550";"Chennai";"Gold";338;"Restaurant_338";"Mexican"
2919;"30-04-2023";380.37;1275;"User_1275";"Chennai";"Gold";496;"Restaurant_496";"Indian"
2920;"09-11-2023";642.22;436;"User_436";"Bangalore";"Gold";43;"Restaurant_43";"Chinese"
2921;"01-11-2023";859.94;2301;"User_2301";"Bangalore";"Gold";280;"Restaurant_280";"Chinese"
2922;"01-02-2023";290.6;2296;"User_2296";"Hyderabad";"Gold";176;"Restaurant_176";"Italian"
2923;"27-01-2023";117.16;2605;"User_2605";"Hyderabad";"Gold";147;"Restaurant_147";"Italian"
2924;"02-05-2023";828.65;1828;"User_1828";"Chennai";"Regular";177;"Restaurant_177";"Indian"
2925;"04-03-2023";1199.79;534;"User_534";"Bangalore";"Gold";480;"Restaurant_480";"Chinese"
2926;"06-09-2023";636.54;2197;"User_2197";"Bangalore";"Regular";239;"Restaurant_239";"Indian"
2927;"17-06-2023";709.96;145;"User_145";"Hyderabad";"Regular";211;"Restaurant_211";"Chinese"
2928;"19-01-2023";271.39;415;"User_415";"Pune";"Gold";89;"Restaurant_89";"Indian"
2929;"27-08-2023";1413.89;1990;"User_1990";"Chennai";"Regular";458;"Restaurant_458";"Italian"
2930;"15-02-2023";988.15;2407;"User_2407";"Chennai";"Regular";129;"Restaurant_129";"Indian"
2931;"24-04-2023";171.33;2988;"User_2988";"Pune";"Gold";278;"Restaurant_278";"Indian"
2932;"06-12-2023";342.33;2922;"User_2922";"Chennai";"Gold";215;"Restaurant_215";"Mexican"
2933;"01-05-2023";513.29;1072;"User_1072";"Bangalore";"Regular";465;"Restaurant_465";"Italian"
2934;"16-06-2023";416.1;1823;"User_1823";"Hyderabad";"Regular";26;"Restaurant_26";"Chinese"
2935;"21-02-2023";1082.83;955;"User_955";"Pune";"Regular";471;"Restaurant_471";"Indian"
2936;"23-06-2023";919.46;1817;"User_1817";"Bangalore";"Gold";245;"Restaurant_245";"Mexican"
2937;"12-06-2023";1458.26;2683;"User_2683";"Pune";"Gold";454;"Restaurant_454";"Italian"
2938;"02-06-2023";816.17;646;"User_646";"Pune";"Gold";346;"Restaurant_346";"Indian"
2939;"26-02-2023";1094.79;1977;"User_1977";"Pune";"Gold";398;"Restaurant_398";"Indian"
2940;"27-09-2023";460.1;2402;"User_2402";"Bangalore";"Gold";193;"Restaurant_193";"Chinese"
2941;"16-07-2023";871.05;2557;"User_2557";"Chennai";"Gold";210;"Restaurant_210";"Indian"
2942;"25-08-2023";761.45;827;"User_827";"Chennai";"Gold";270;"Restaurant_270";"Mexican"
2943;"21-06-2023";1231.05;228;"User_228";"Pune";"Regular";383;"Restaurant_383";"Indian"
2944;"13-05-2023";893.0;1764;"User_1764";"Pune";"Gold";258;"Restaurant_258";"Indian"
2945;"22-04-2023";687.98;293;"User_293";"Bangalore";"Gold";328;"Restaurant_328";"Mexican"
2946;"07-12-2023";922.77;2139;"User_2139";"Bangalore";"Gold";243;"Restaurant_243";"Chinese"
2947;"11-09-2023";989.65;137;"User_137";"Hyderabad";"Gold";269;"Restaurant_269";"Indian"
2948;"06-03-2023";395.17;1488;"User_1488";"Hyderabad";"Gold";289;"Restaurant_289";"Italian"
2949;"04-02-2023";653.92;1828;"User_1828";"Chennai";"Regular";394;"Restaurant_394";"Mexican"
2950;"11-11-2023";1248.55;2123;"User_2123";"Bangalore";"Regular";258;"Restaurant_258";"Indian"
2951;"26-04-2023";207.0;787;"User_787";"Pune";"Gold";282;"Restaurant_282";"Indian"
2952;"06-03-2023";313.55;226;"User_226";"Chennai";"Regular";472;"Restaurant_472";"Chinese"
2953;"19-08-2023";131.15;2455;"User_2455";"Hyderabad";"Gold";255;"Restaurant_255";"Mexican"
2954;"05-12-2023";1293.59;2029;"User_2029";"Pune";"Gold";489;"Restaurant_489";"Italian"
2955;"22-12-2023";519.34;2554;"User_2554";"Hyderabad";"Gold";483;"Restaurant_483";"Chinese"
2956;"29-08-2023";1172.81;2557;"User_2557";"Chennai";"Gold";287;"Restaurant_287";"Chinese"
2957;"29-05-2023";111.8;2281;"User_2281";"Bangalore";"Gold";311;"Restaurant_311";"Italian"
2958;"20-05-2023";1176.3;2138;"User_2138";"Chennai";"Regular";402;"Restaurant_402";"Mexican"
2959;"28-06-2023";419.79;2987;"User_2987";"Pune";"Gold";348;"Restaurant_348";"Italian"
2960;"21-03-2023";761.28;2448;"User_2448";"Hyderabad";"Regular";382;"Restaurant_382";"Mexican"
2961;"22-12-2023";571.87;80;"User_80";"Chennai";"Gold";287;"Restaurant_287";"Chinese"
2962;"22-11-2023";913.82;2024;"User_2024";"Chennai";"Regular";489;"Restaurant_489";"Italian"
2963;"10-04-2023";939.05;2858;"User_2858";"Hyderabad";"Regular";256;"Restaurant_256";"Italian"
2964;"07-04-2023";570.4;884;"User_884";"Pune";"Gold";296;"Restaurant_296";"Italian"
2965;"26-11-2023";1190.41;2926;"User_2926";"Hyderabad";"Regular";114;"Restaurant_114";"Indian"
2966;"14-02-2023";622.78;730;"User_730";"Bangalore";"Regular";422;"Restaurant_422";"Mexican"
2967;"13-05-2023";407.29;1500;"User_1500";"Hyderabad";"Regular";69;"Restaurant_69";"Chinese"
2968;"28-02-2023";1367.11;2470;"User_2470";"Hyderabad";"Regular";67;"Restaurant_67";"Mexican"
2969;"08-09-2023";1139.62;577;"User_577";"Chennai";"Gold";181;"Restaurant_181";"Indian"
2970;"17-05-2023";1203.75;1824;"User_1824";"Bangalore";"Regular";118;"Restaurant_118";"Mexican"
2971;"09-08-2023";148.62;335;"User_335";"Chennai";"Gold";149;"Restaurant_149";"Mexican"
2972;"04-04-2023";517.98;484;"User_484";"Hyderabad";"Regular";353;"Restaurant_353";"Indian"
2973;"05-05-2023";175.42;1156;"User_1156";"Pune";"Gold";101;"Restaurant_101";"Mexican"
2974;"03-12-2023";174.84;2110;"User_2110";"Chennai";"Regular";95;"Restaurant_95";"Indian"
2975;"16-09-2023";1345.92;2534;"User_2534";"Bangalore";"Regular";131;"Restaurant_131";"Italian"
2976;"08-11-2023";786.53;1673;"User_1673";"Chennai";"Regular";364;"Restaurant_364";"Mexican"
2977;"05-10-2023";548.98;2233;"User_2233";"Hyderabad";"Regular";75;"Restaurant_75";"Chinese"
2978;"08-02-2023";523.39;2477;"User_2477";"Bangalore";"Gold";201;"Restaurant_201";"Mexican"
2979;"08-03-2023";388.75;482;"User_482";"Hyderabad";"Regular";231;"Restaurant_231";"Indian"
2980;"27-10-2023";795.74;2169;"User_2169";"Bangalore";"Regular";152;"Restaurant_152";"Indian"
2981;"30-01-2023";1134.32;2485;"User_2485";"Chennai";"Gold";242;"Restaurant_242";"Mexican"
2982;"23-01-2023";1188.86;1429;"User_1429";"Chennai";"Gold";493;"Restaurant_493";"Mexican"
2983;"02-09-2023";958.82;1223;"User_1223";"Chennai";"Regular";108;"Restaurant_108";"Chinese"
2984;"16-10-2023";902.55;2412;"User_2412";"Chennai";"Gold";320;"Restaurant_320";"Italian"
2985;"30-04-2023";838.81;457;"User_457";"Chennai";"Regular";125;"Restaurant_125";"Chinese"
2986;"06-12-2023";1206.63;1598;"User_1598";"Bangalore";"Gold";215;"Restaurant_215";"Mexican"
2987;"30-03-2023";531.04;2797;"User_2797";"Hyderabad";"Gold";61;"Restaurant_61";"Italian"
2988;"18-05-2023";334.27;15;"User_15";"Bangalore";"Regular";397;"Restaurant_397";"Indian"
2989;"09-04-2023";915.07;1585;"User_1585";"Bangalore";"Regular";352;"Restaurant_352";"Italian"
2990;"05-10-2023";859.11;1539;"User_1539";"Hyderabad";"Regular";258;"Restaurant_258";"Indian"
2991;"05-05-2023";1024.72;315;"User_315";"Chennai";"Gold";436;"Restaurant_436";"Mexican"
2992;"11-08-2023";686.91;813;"User_813";"Bangalore";"Gold";317;"Restaurant_317";"Mexican"
2993;"18-10-2023";246.72;950;"User_950";"Chennai";"Regular";396;"Restaurant_396";"Mexican"
2994;"15-07-2023";590.22;168;"User_168";"Hyderabad";"Gold";9;"Restaurant_9";"Italian"
2995;"14-04-2023";1496.45;70;"User_70";"Bangalore";"Gold";352;"Restaurant_352";"Italian"
2996;"02-09-2023";1287.3;602;"User_602";"Pune";"Regular";217;"Restaurant_217";"Indian"
2997;"06-09-2023";1098.23;268;"User_268";"Hyderabad";"Gold";449;"Restaurant_449";"Indian"
2998;"03-11-2023";988.02;554;"User_554";"Chennai";"Gold";180;"Restaurant_180";"Chinese"
2999;"21-10-2023";348.91;2706;"User_2706";"Hyderabad";"Regular";289;"Restaurant_289";"Italian"
3000;"17-07-2023";767.46;1745;"User_1745";"Hyderabad";"Gold";416;"Restaurant_416";"Chinese"
3001;"19-09-2023";748.76;2992;"User_2992";"Bangalore";"Regular";418;"Restaurant_418";"Chinese"
3002;"29-01-2023";502.26;2539;"User_2539";"Hyderabad";"Regular";35;"Restaurant_35";"Chinese"
3003;"10-11-2023";638.34;2896;"User_2896";"Bangalore";"Gold";199;"Restaurant_199";"Italian"
3004;"17-12-2023";1090.17;2071;"User_2071";"Hyderabad";"Regular";174;"Restaurant_174";"Mexican"
3005;"19-11-2023";263.03;2856;"User_2856";"Hyderabad";"Regular";82;"Restaurant_82";"Chinese"
3006;"18-11-2023";1340.98;329;"User_329";"Hyderabad";"Regular";240;"Restaurant_240";"Indian"
3007;"09-01-2023";1143.21;442;"User_442";"Chennai";"Gold";393;"Restaurant_393";"Italian"
3008;"15-03-2023";1003.04;1759;"User_1759";"Chennai";"Regular";155;"Restaurant_155";"Mexican"
3009;"21-07-2023";149.5;610;"User_610";"Pune";"Gold";161;"Restaurant_161";"Mexican"
3010;"02-12-2023";568.39;2824;"User_2824";"Bangalore";"Regular";332;"Restaurant_332";"Chinese"
3011;"11-04-2023";519.77;92;"User_92";"Bangalore";"Regular";271;"Restaurant_271";"Chinese"
3012;"29-07-2023";1025.46;2392;"User_2392";"Bangalore";"Gold";420;"Restaurant_420";"Italian"
3013;"03-08-2023";474.51;418;"User_418";"Bangalore";"Regular";398;"Restaurant_398";"Indian"
3014;"05-02-2023";195.38;562;"User_562";"Bangalore";"Gold";33;"Restaurant_33";"Italian"
3015;"31-08-2023";242.12;643;"User_643";"Pune";"Gold";192;"Restaurant_192";"Italian"
3016;"17-01-2023";1075.21;1265;"User_1265";"Bangalore";"Regular";111;"Restaurant_111";"Mexican"
3017;"12-12-2023";513.64;601;"User_601";"Hyderabad";"Regular";12;"Restaurant_12";"Mexican"
3018;"02-04-2023";741.33;1271;"User_1271";"Pune";"Gold";398;"Restaurant_398";"Indian"
3019;"15-03-2023";1091.02;961;"User_961";"Bangalore";"Regular";140;"Restaurant_140";"Italian"
3020;"17-01-2023";1072.58;4;"User_4";"Bangalore";"Regular";236;"Restaurant_236";"Italian"
3021;"29-01-2023";697.75;1161;"User_1161";"Hyderabad";"Gold";29;"Restaurant_29";"Italian"
3022;"21-08-2023";457.84;382;"User_382";"Bangalore";"Regular";266;"Restaurant_266";"Italian"
3023;"30-09-2023";826.04;1985;"User_1985";"Chennai";"Gold";217;"Restaurant_217";"Indian"
3024;"10-06-2023";1323.46;1635;"User_1635";"Bangalore";"Gold";425;"Restaurant_425";"Chinese"
3025;"16-11-2023";359.84;2321;"User_2321";"Bangalore";"Gold";96;"Restaurant_96";"Mexican"
3026;"29-12-2023";1424.76;928;"User_928";"Bangalore";"Regular";152;"Restaurant_152";"Indian"
3027;"25-11-2023";163.42;2571;"User_2571";"Pune";"Gold";323;"Restaurant_323";"Mexican"
3028;"10-09-2023";194.53;532;"User_532";"Hyderabad";"Gold";319;"Restaurant_319";"Indian"
3029;"03-11-2023";1304.93;704;"User_704";"Chennai";"Regular";296;"Restaurant_296";"Italian"
3030;"07-11-2023";744.85;1920;"User_1920";"Chennai";"Gold";393;"Restaurant_393";"Italian"
3031;"02-04-2023";295.48;1337;"User_1337";"Bangalore";"Regular";373;"Restaurant_373";"Indian"
3032;"23-09-2023";852.03;282;"User_282";"Chennai";"Gold";96;"Restaurant_96";"Mexican"
3033;"10-11-2023";799.35;2694;"User_2694";"Bangalore";"Regular";481;"Restaurant_481";"Indian"
3034;"03-12-2023";601.7;2360;"User_2360";"Bangalore";"Regular";36;"Restaurant_36";"Italian"
3035;"18-12-2023";1096.09;1566;"User_1566";"Pune";"Regular";500;"Restaurant_500";"Chinese"
3036;"15-07-2023";281.1;2017;"User_2017";"Chennai";"Gold";178;"Restaurant_178";"Mexican"
3037;"12-08-2023";772.29;1067;"User_1067";"Bangalore";"Regular";301;"Restaurant_301";"Italian"
3038;"28-10-2023";613.67;279;"User_279";"Pune";"Gold";186;"Restaurant_186";"Indian"
3039;"07-04-2023";916.3;337;"User_337";"Pune";"Gold";375;"Restaurant_375";"Chinese"
3040;"18-12-2023";498.9;1388;"User_1388";"Bangalore";"Gold";142;"Restaurant_142";"Indian"
3041;"19-11-2023";883.37;852;"User_852";"Bangalore";"Gold";437;"Restaurant_437";"Indian"
3042;"29-04-2023";374.27;2709;"User_2709";"Bangalore";"Gold";132;"Restaurant_132";"Indian"
3043;"05-08-2023";1499.43;1009;"User_1009";"Pune";"Regular";338;"Restaurant_338";"Mexican"
3044;"15-07-2023";1390.24;2375;"User_2375";"Pune";"Gold";56;"Restaurant_56";"Italian"
3045;"13-02-2023";125.38;1568;"User_1568";"Hyderabad";"Gold";103;"Restaurant_103";"Mexican"
3046;"14-02-2023";533.99;553;"User_553";"Pune";"Gold";364;"Restaurant_364";"Mexican"
3047;"01-10-2023";433.65;394;"User_394";"Pune";"Gold";99;"Restaurant_99";"Italian"
3048;"16-06-2023";123.8;2118;"User_2118";"Chennai";"Regular";407;"Restaurant_407";"Mexican"
3049;"22-05-2023";983.78;1008;"User_1008";"Pune";"Regular";253;"Restaurant_253";"Italian"
3050;"18-12-2023";691.85;912;"User_912";"Bangalore";"Regular";272;"Restaurant_272";"Indian"
3051;"16-11-2023";640.84;493;"User_493";"Bangalore";"Gold";226;"Restaurant_226";"Indian"
3052;"27-04-2023";140.27;2726;"User_2726";"Bangalore";"Regular";74;"Restaurant_74";"Chinese"
3053;"05-02-2023";629.37;2678;"User_2678";"Hyderabad";"Regular";233;"Restaurant_233";"Italian"
3054;"11-05-2023";857.89;660;"User_660";"Chennai";"Gold";14;"Restaurant_14";"Indian"
3055;"28-10-2023";444.22;1941;"User_1941";"Chennai";"Gold";344;"Restaurant_344";"Indian"
3056;"07-07-2023";269.61;705;"User_705";"Bangalore";"Regular";364;"Restaurant_364";"Mexican"
3057;"11-07-2023";977.78;450;"User_450";"Bangalore";"Regular";113;"Restaurant_113";"Chinese"
3058;"28-07-2023";186.72;2441;"User_2441";"Bangalore";"Regular";361;"Restaurant_361";"Indian"
3059;"05-05-2023";1107.33;998;"User_998";"Bangalore";"Regular";411;"Restaurant_411";"Indian"
3060;"27-04-2023";211.59;1390;"User_1390";"Pune";"Regular";431;"Restaurant_431";"Mexican"
3061;"28-12-2023";288.89;1643;"User_1643";"Chennai";"Regular";287;"Restaurant_287";"Chinese"
3062;"24-06-2023";104.29;1910;"User_1910";"Chennai";"Regular";446;"Restaurant_446";"Indian"
3063;"30-09-2023";1004.46;1325;"User_1325";"Bangalore";"Gold";193;"Restaurant_193";"Chinese"
3064;"15-05-2023";1224.68;1380;"User_1380";"Hyderabad";"Regular";313;"Restaurant_313";"Indian"
3065;"18-06-2023";1477.94;1136;"User_1136";"Hyderabad";"Gold";277;"Restaurant_277";"Mexican"
3066;"11-10-2023";1017.29;2091;"User_2091";"Chennai";"Gold";465;"Restaurant_465";"Italian"
3067;"15-12-2023";1299.27;877;"User_877";"Pune";"Gold";120;"Restaurant_120";"Italian"
3068;"20-09-2023";284.24;359;"User_359";"Chennai";"Regular";292;"Restaurant_292";"Mexican"
3069;"01-11-2023";1022.79;2683;"User_2683";"Pune";"Gold";355;"Restaurant_355";"Indian"
3070;"30-10-2023";294.67;2688;"User_2688";"Bangalore";"Regular";396;"Restaurant_396";"Mexican"
3071;"09-05-2023";1289.19;2586;"User_2586";"Hyderabad";"Regular";104;"Restaurant_104";"Chinese"
3072;"08-12-2023";981.63;1540;"User_1540";"Bangalore";"Regular";383;"Restaurant_383";"Indian"
3073;"17-06-2023";245.61;2850;"User_2850";"Hyderabad";"Gold";320;"Restaurant_320";"Italian"
3074;"27-10-2023";318.67;300;"User_300";"Chennai";"Regular";179;"Restaurant_179";"Italian"
3075;"30-07-2023";441.18;859;"User_859";"Hyderabad";"Gold";493;"Restaurant_493";"Mexican"
3076;"05-05-2023";305.08;502;"User_502";"Pune";"Regular";78;"Restaurant_78";"Indian"
3077;"15-04-2023";1043.9;1876;"User_1876";"Chennai";"Gold";207;"Restaurant_207";"Italian"
3078;"06-12-2023";225.97;1755;"User_1755";"Hyderabad";"Regular";169;"Restaurant_169";"Italian"
3079;"23-03-2023";1425.7;2776;"User_2776";"Chennai";"Gold";410;"Restaurant_410";"Italian"
3080;"13-04-2023";1138.47;523;"User_523";"Chennai";"Regular";369;"Restaurant_369";"Italian"
3081;"24-07-2023";306.05;1674;"User_1674";"Pune";"Regular";438;"Restaurant_438";"Italian"
3082;"26-06-2023";674.61;28;"User_28";"Pune";"Regular";8;"Restaurant_8";"Indian"
3083;"15-12-2023";483.75;1232;"User_1232";"Pune";"Gold";458;"Restaurant_458";"Italian"
3084;"10-10-2023";437.7;2021;"User_2021";"Pune";"Gold";67;"Restaurant_67";"Mexican"
3085;"27-08-2023";1497.42;2429;"User_2429";"Bangalore";"Regular";179;"Restaurant_179";"Italian"
3086;"21-02-2023";1153.94;961;"User_961";"Bangalore";"Regular";59;"Restaurant_59";"Chinese"
3087;"10-07-2023";629.15;1431;"User_1431";"Bangalore";"Regular";384;"Restaurant_384";"Mexican"
3088;"26-05-2023";1365.24;222;"User_222";"Chennai";"Gold";472;"Restaurant_472";"Chinese"
3089;"11-04-2023";161.92;201;"User_201";"Chennai";"Gold";395;"Restaurant_395";"Mexican"
3090;"11-11-2023";1299.95;1673;"User_1673";"Chennai";"Regular";494;"Restaurant_494";"Mexican"
3091;"13-02-2023";834.53;881;"User_881";"Hyderabad";"Regular";18;"Restaurant_18";"Italian"
3092;"30-10-2023";319.89;1176;"User_1176";"Chennai";"Gold";187;"Restaurant_187";"Chinese"
3093;"06-12-2023";979.81;688;"User_688";"Hyderabad";"Gold";363;"Restaurant_363";"Italian"
3094;"13-09-2023";610.64;561;"User_561";"Bangalore";"Regular";133;"Restaurant_133";"Italian"
3095;"17-01-2023";1002.68;931;"User_931";"Pune";"Regular";15;"Restaurant_15";"Chinese"
3096;"09-10-2023";1307.62;662;"User_662";"Hyderabad";"Regular";187;"Restaurant_187";"Chinese"
3097;"23-07-2023";359.76;369;"User_369";"Bangalore";"Gold";185;"Restaurant_185";"Mexican"
3098;"28-12-2023";882.99;928;"User_928";"Bangalore";"Regular";231;"Restaurant_231";"Indian"
3099;"22-05-2023";836.44;2902;"User_2902";"Hyderabad";"Regular";438;"Restaurant_438";"Italian"
3100;"18-06-2023";267.42;1199;"User_1199";"Pune";"Gold";363;"Restaurant_363";"Italian"
3101;"28-08-2023";310.52;1370;"User_1370";"Hyderabad";"Regular";71;"Restaurant_71";"Indian"
3102;"29-09-2023";745.87;1924;"User_1924";"Pune";"Regular";134;"Restaurant_134";"Mexican"
3103;"12-04-2023";1451.09;461;"User_461";"Bangalore";"Gold";124;"Restaurant_124";"Mexican"
3104;"11-03-2023";1257.43;1032;"User_1032";"Bangalore";"Regular";312;"Restaurant_312";"Chinese"
3105;"09-04-2023";197.83;51;"User_51";"Hyderabad";"Regular";333;"Restaurant_333";"Chinese"
3106;"16-06-2023";121.69;73;"User_73";"Chennai";"Regular";50;"Restaurant_50";"Mexican"
3107;"18-02-2023";1272.78;1265;"User_1265";"Bangalore";"Regular";367;"Restaurant_367";"Indian"
3108;"20-03-2023";826.45;2210;"User_2210";"Bangalore";"Regular";155;"Restaurant_155";"Mexican"
3109;"05-09-2023";336.55;58;"User_58";"Bangalore";"Regular";273;"Restaurant_273";"Indian"
3110;"24-09-2023";1300.19;2681;"User_2681";"Chennai";"Gold";271;"Restaurant_271";"Chinese"
3111;"27-04-2023";1201.2;639;"User_639";"Hyderabad";"Gold";309;"Restaurant_309";"Indian"
3112;"25-05-2023";426.43;2002;"User_2002";"Pune";"Gold";173;"Restaurant_173";"Chinese"
3113;"19-04-2023";1076.33;452;"User_452";"Bangalore";"Gold";454;"Restaurant_454";"Italian"
3114;"27-12-2023";182.85;105;"User_105";"Hyderabad";"Gold";348;"Restaurant_348";"Italian"
3115;"07-06-2023";207.81;2347;"User_2347";"Hyderabad";"Regular";91;"Restaurant_91";"Italian"
3116;"09-02-2023";395.11;776;"User_776";"Bangalore";"Gold";314;"Restaurant_314";"Indian"
3117;"12-10-2023";1471.11;1715;"User_1715";"Pune";"Regular";215;"Restaurant_215";"Mexican"
3118;"28-04-2023";1341.79;2826;"User_2826";"Chennai";"Gold";169;"Restaurant_169";"Italian"
3119;"06-09-2023";1259.36;669;"User_669";"Chennai";"Gold";91;"Restaurant_91";"Italian"
3120;"04-03-2023";116.92;1165;"User_1165";"Chennai";"Regular";481;"Restaurant_481";"Indian"
3121;"01-06-2023";1010.44;1448;"User_1448";"Chennai";"Regular";352;"Restaurant_352";"Italian"
3122;"28-11-2023";1098.74;1594;"User_1594";"Bangalore";"Regular";373;"Restaurant_373";"Indian"
3123;"30-05-2023";1124.18;2130;"User_2130";"Pune";"Gold";284;"Restaurant_284";"Indian"
3124;"01-10-2023";1016.55;1555;"User_1555";"Pune";"Gold";198;"Restaurant_198";"Mexican"
3125;"31-08-2023";577.6;2529;"User_2529";"Bangalore";"Regular";199;"Restaurant_199";"Italian"
3126;"01-11-2023";349.85;2916;"User_2916";"Bangalore";"Regular";344;"Restaurant_344";"Indian"
3127;"12-11-2023";1056.86;1649;"User_1649";"Chennai";"Gold";171;"Restaurant_171";"Mexican"
3128;"23-09-2023";930.48;2628;"User_2628";"Hyderabad";"Regular";392;"Restaurant_392";"Italian"
3129;"02-02-2023";243.02;2876;"User_2876";"Hyderabad";"Gold";420;"Restaurant_420";"Italian"
3130;"08-01-2023";1456.89;2398;"User_2398";"Bangalore";"Gold";21;"Restaurant_21";"Indian"
3131;"03-02-2023";1249.49;280;"User_280";"Bangalore";"Gold";311;"Restaurant_311";"Italian"
3132;"23-08-2023";1081.49;1057;"User_1057";"Hyderabad";"Regular";21;"Restaurant_21";"Indian"
3133;"10-11-2023";1157.75;1042;"User_1042";"Pune";"Gold";251;"Restaurant_251";"Chinese"
3134;"30-08-2023";1143.94;2520;"User_2520";"Hyderabad";"Gold";480;"Restaurant_480";"Chinese"
3135;"19-07-2023";747.49;2041;"User_2041";"Pune";"Regular";492;"Restaurant_492";"Italian"
3136;"24-05-2023";1291.26;2810;"User_2810";"Bangalore";"Regular";143;"Restaurant_143";"Chinese"
3137;"16-07-2023";312.39;2921;"User_2921";"Hyderabad";"Regular";487;"Restaurant_487";"Chinese"
3138;"24-12-2023";573.17;1813;"User_1813";"Hyderabad";"Regular";11;"Restaurant_11";"Chinese"
3139;"19-06-2023";1385.63;2462;"User_2462";"Chennai";"Gold";266;"Restaurant_266";"Italian"
3140;"18-07-2023";1165.08;2515;"User_2515";"Pune";"Regular";461;"Restaurant_461";"Italian"
3141;"12-10-2023";519.43;2134;"User_2134";"Hyderabad";"Regular";93;"Restaurant_93";"Chinese"
3142;"18-09-2023";685.03;1147;"User_1147";"Hyderabad";"Regular";68;"Restaurant_68";"Italian"
3143;"11-05-2023";183.57;1511;"User_1511";"Chennai";"Regular";487;"Restaurant_487";"Chinese"
3144;"01-01-2024";589.22;1812;"User_1812";"Bangalore";"Gold";481;"Restaurant_481";"Indian"
3145;"21-03-2023";962.52;144;"User_144";"Pune";"Regular";477;"Restaurant_477";"Indian"
3146;"23-08-2023";192.53;2472;"User_2472";"Bangalore";"Gold";137;"Restaurant_137";"Indian"
3147;"11-01-2023";1256.79;2637;"User_2637";"Hyderabad";"Regular";176;"Restaurant_176";"Italian"
3148;"13-10-2023";1215.61;1486;"User_1486";"Hyderabad";"Regular";263;"Restaurant_263";"Indian"
3149;"04-12-2023";713.23;1491;"User_1491";"Bangalore";"Regular";297;"Restaurant_297";"Italian"
3150;"26-05-2023";301.25;1923;"User_1923";"Chennai";"Regular";474;"Restaurant_474";"Mexican"
3151;"29-11-2023";161.51;113;"User_113";"Chennai";"Gold";263;"Restaurant_263";"Indian"
3152;"13-10-2023";832.87;1075;"User_1075";"Bangalore";"Regular";262;"Restaurant_262";"Chinese"
3153;"20-03-2023";220.79;1420;"User_1420";"Pune";"Gold";332;"Restaurant_332";"Chinese"
3154;"04-09-2023";889.25;2347;"User_2347";"Hyderabad";"Regular";167;"Restaurant_167";"Italian"
3155;"18-10-2023";230.68;772;"User_772";"Bangalore";"Gold";270;"Restaurant_270";"Mexican"
3156;"13-12-2023";883.6;1200;"User_1200";"Hyderabad";"Regular";431;"Restaurant_431";"Mexican"
3157;"06-08-2023";445.22;1358;"User_1358";"Chennai";"Regular";243;"Restaurant_243";"Chinese"
3158;"22-03-2023";883.34;356;"User_356";"Pune";"Gold";430;"Restaurant_430";"Mexican"
3159;"20-04-2023";1209.19;2948;"User_2948";"Hyderabad";"Gold";103;"Restaurant_103";"Mexican"
3160;"19-11-2023";606.86;38;"User_38";"Chennai";"Gold";3;"Restaurant_3";"Mexican"
3161;"16-11-2023";1319.71;256;"User_256";"Bangalore";"Regular";309;"Restaurant_309";"Indian"
3162;"12-11-2023";527.01;2761;"User_2761";"Chennai";"Regular";237;"Restaurant_237";"Italian"
3163;"30-10-2023";470.5;957;"User_957";"Bangalore";"Gold";439;"Restaurant_439";"Mexican"
3164;"11-08-2023";938.89;1874;"User_1874";"Hyderabad";"Regular";440;"Restaurant_440";"Mexican"
3165;"12-07-2023";1176.26;2177;"User_2177";"Hyderabad";"Regular";105;"Restaurant_105";"Mexican"
3166;"28-06-2023";1445.7;943;"User_943";"Chennai";"Regular";261;"Restaurant_261";"Italian"
3167;"13-07-2023";1330.66;2575;"User_2575";"Hyderabad";"Regular";156;"Restaurant_156";"Italian"
3168;"04-07-2023";288.05;444;"User_444";"Pune";"Gold";447;"Restaurant_447";"Chinese"
3169;"07-03-2023";960.82;727;"User_727";"Pune";"Regular";194;"Restaurant_194";"Chinese"
3170;"19-04-2023";408.7;667;"User_667";"Bangalore";"Gold";475;"Restaurant_475";"Italian"
3171;"06-03-2023";315.42;1783;"User_1783";"Hyderabad";"Regular";319;"Restaurant_319";"Indian"
3172;"28-08-2023";219.48;1394;"User_1394";"Bangalore";"Gold";18;"Restaurant_18";"Italian"
3173;"11-10-2023";509.66;2619;"User_2619";"Bangalore";"Regular";331;"Restaurant_331";"Mexican"
3174;"11-10-2023";134.83;2970;"User_2970";"Chennai";"Regular";87;"Restaurant_87";"Mexican"
3175;"20-11-2023";1004.28;315;"User_315";"Chennai";"Gold";294;"Restaurant_294";"Italian"
3176;"13-12-2023";732.96;460;"User_460";"Chennai";"Regular";190;"Restaurant_190";"Chinese"
3177;"05-02-2023";1308.76;714;"User_714";"Hyderabad";"Gold";359;"Restaurant_359";"Mexican"
3178;"04-01-2023";201.41;2054;"User_2054";"Chennai";"Regular";382;"Restaurant_382";"Mexican"
3179;"19-06-2023";1134.99;1534;"User_1534";"Pune";"Gold";325;"Restaurant_325";"Italian"
3180;"22-06-2023";492.31;1652;"User_1652";"Chennai";"Regular";469;"Restaurant_469";"Italian"
3181;"18-10-2023";454.39;1403;"User_1403";"Hyderabad";"Gold";367;"Restaurant_367";"Indian"
3182;"15-01-2023";735.88;469;"User_469";"Chennai";"Regular";442;"Restaurant_442";"Italian"
3183;"14-09-2023";1380.66;493;"User_493";"Bangalore";"Gold";110;"Restaurant_110";"Mexican"
3184;"22-12-2023";929.87;31;"User_31";"Pune";"Gold";153;"Restaurant_153";"Italian"
3185;"20-09-2023";542.24;888;"User_888";"Hyderabad";"Gold";191;"Restaurant_191";"Indian"
3186;"01-02-2023";904.54;626;"User_626";"Hyderabad";"Gold";62;"Restaurant_62";"Indian"
3187;"24-04-2023";1121.45;2065;"User_2065";"Chennai";"Regular";127;"Restaurant_127";"Chinese"
3188;"03-02-2023";770.95;670;"User_670";"Pune";"Gold";346;"Restaurant_346";"Indian"
3189;"11-01-2023";905.83;1848;"User_1848";"Pune";"Regular";48;"Restaurant_48";"Mexican"
3190;"12-05-2023";540.2;666;"User_666";"Hyderabad";"Regular";182;"Restaurant_182";"Mexican"
3191;"10-07-2023";194.98;753;"User_753";"Hyderabad";"Gold";244;"Restaurant_244";"Italian"
3192;"31-01-2023";409.82;840;"User_840";"Bangalore";"Gold";256;"Restaurant_256";"Italian"
3193;"15-06-2023";1160.81;2652;"User_2652";"Pune";"Regular";493;"Restaurant_493";"Mexican"
3194;"31-01-2023";578.85;1203;"User_1203";"Hyderabad";"Regular";476;"Restaurant_476";"Mexican"
3195;"03-01-2023";434.79;211;"User_211";"Bangalore";"Regular";241;"Restaurant_241";"Chinese"
3196;"29-05-2023";955.8;222;"User_222";"Chennai";"Gold";355;"Restaurant_355";"Indian"
3197;"06-02-2023";957.38;2150;"User_2150";"Pune";"Gold";282;"Restaurant_282";"Indian"
3198;"26-03-2023";1259.65;673;"User_673";"Chennai";"Regular";204;"Restaurant_204";"Mexican"
3199;"27-02-2023";1258.33;1677;"User_1677";"Chennai";"Regular";335;"Restaurant_335";"Italian"
3200;"17-12-2023";1171.01;476;"User_476";"Pune";"Regular";57;"Restaurant_57";"Mexican"
3201;"27-03-2023";825.84;2349;"User_2349";"Pune";"Regular";217;"Restaurant_217";"Indian"
3202;"03-06-2023";793.94;1850;"User_1850";"Chennai";"Gold";122;"Restaurant_122";"Indian"
3203;"22-05-2023";1480.44;2475;"User_2475";"Pune";"Gold";231;"Restaurant_231";"Indian"
3204;"16-01-2023";1041.15;693;"User_693";"Bangalore";"Regular";396;"Restaurant_396";"Mexican"
3205;"17-02-2023";1428.86;2670;"User_2670";"Pune";"Gold";347;"Restaurant_347";"Chinese"
3206;"29-07-2023";1338.99;913;"User_913";"Hyderabad";"Gold";320;"Restaurant_320";"Italian"
3207;"24-08-2023";207.97;2886;"User_2886";"Bangalore";"Regular";409;"Restaurant_409";"Mexican"
3208;"06-03-2023";484.77;2375;"User_2375";"Pune";"Gold";34;"Restaurant_34";"Chinese"
3209;"16-09-2023";1215.09;1635;"User_1635";"Bangalore";"Gold";343;"Restaurant_343";"Mexican"
3210;"19-11-2023";1394.07;1593;"User_1593";"Chennai";"Regular";19;"Restaurant_19";"Indian"
3211;"28-02-2023";577.43;1191;"User_1191";"Hyderabad";"Regular";426;"Restaurant_426";"Chinese"
3212;"01-04-2023";289.82;2825;"User_2825";"Bangalore";"Regular";285;"Restaurant_285";"Mexican"
3213;"18-05-2023";1476.07;1089;"User_1089";"Hyderabad";"Regular";330;"Restaurant_330";"Italian"
3214;"02-07-2023";393.46;2890;"User_2890";"Bangalore";"Regular";266;"Restaurant_266";"Italian"
3215;"27-05-2023";564.14;1929;"User_1929";"Pune";"Gold";470;"Restaurant_470";"Italian"
3216;"16-01-2023";154.72;2880;"User_2880";"Pune";"Gold";39;"Restaurant_39";"Indian"
3217;"18-11-2023";113.74;907;"User_907";"Bangalore";"Regular";402;"Restaurant_402";"Mexican"
3218;"26-12-2023";233.12;2146;"User_2146";"Chennai";"Gold";228;"Restaurant_228";"Mexican"
3219;"27-05-2023";1224.82;1864;"User_1864";"Bangalore";"Regular";496;"Restaurant_496";"Indian"
3220;"17-06-2023";439.4;2324;"User_2324";"Bangalore";"Gold";307;"Restaurant_307";"Mexican"
3221;"25-09-2023";475.0;1750;"User_1750";"Pune";"Gold";293;"Restaurant_293";"Italian"
3222;"08-11-2023";462.44;2882;"User_2882";"Pune";"Gold";377;"Restaurant_377";"Mexican"
3223;"04-06-2023";370.57;1266;"User_1266";"Bangalore";"Regular";485;"Restaurant_485";"Mexican"
3224;"28-04-2023";1062.49;981;"User_981";"Bangalore";"Gold";205;"Restaurant_205";"Italian"
3225;"18-01-2023";1312.63;1888;"User_1888";"Hyderabad";"Gold";465;"Restaurant_465";"Italian"
3226;"30-07-2023";164.57;47;"User_47";"Chennai";"Regular";249;"Restaurant_249";"Italian"
3227;"18-09-2023";638.83;322;"User_322";"Pune";"Regular";389;"Restaurant_389";"Italian"
3228;"21-06-2023";946.63;671;"User_671";"Chennai";"Regular";274;"Restaurant_274";"Mexican"
3229;"21-07-2023";1275.28;2862;"User_2862";"Pune";"Regular";232;"Restaurant_232";"Mexican"
3230;"19-11-2023";831.69;289;"User_289";"Pune";"Regular";324;"Restaurant_324";"Mexican"
3231;"07-01-2023";982.45;1121;"User_1121";"Chennai";"Gold";345;"Restaurant_345";"Chinese"
3232;"24-11-2023";1093.9;1362;"User_1362";"Hyderabad";"Gold";393;"Restaurant_393";"Italian"
3233;"02-12-2023";277.57;1200;"User_1200";"Hyderabad";"Regular";207;"Restaurant_207";"Italian"
3234;"29-04-2023";1158.88;1156;"User_1156";"Pune";"Gold";450;"Restaurant_450";"Mexican"
3235;"28-07-2023";194.27;2289;"User_2289";"Pune";"Gold";393;"Restaurant_393";"Italian"
3236;"29-06-2023";958.06;1779;"User_1779";"Chennai";"Regular";214;"Restaurant_214";"Chinese"
3237;"15-05-2023";130.16;2768;"User_2768";"Chennai";"Regular";321;"Restaurant_321";"Chinese"
3238;"09-07-2023";935.97;1445;"User_1445";"Bangalore";"Regular";409;"Restaurant_409";"Mexican"
3239;"30-08-2023";401.05;2360;"User_2360";"Bangalore";"Regular";345;"Restaurant_345";"Chinese"
3240;"04-06-2023";530.65;2671;"User_2671";"Bangalore";"Gold";448;"Restaurant_448";"Mexican"
3241;"03-01-2023";251.78;375;"User_375";"Chennai";"Gold";387;"Restaurant_387";"Mexican"
3242;"17-03-2023";1181.21;1592;"User_1592";"Hyderabad";"Gold";248;"Restaurant_248";"Italian"
3243;"24-10-2023";1395.45;1651;"User_1651";"Chennai";"Gold";470;"Restaurant_470";"Italian"
3244;"08-03-2023";1189.93;2100;"User_2100";"Hyderabad";"Regular";294;"Restaurant_294";"Italian"
3245;"15-10-2023";1458.97;1920;"User_1920";"Chennai";"Gold";5;"Restaurant_5";"Chinese"
3246;"11-12-2023";1252.7;1936;"User_1936";"Bangalore";"Gold";321;"Restaurant_321";"Chinese"
3247;"23-02-2023";539.24;1771;"User_1771";"Hyderabad";"Regular";10;"Restaurant_10";"Chinese"
3248;"23-07-2023";811.65;1963;"User_1963";"Pune";"Gold";127;"Restaurant_127";"Chinese"
3249;"26-07-2023";120.33;2746;"User_2746";"Bangalore";"Regular";13;"Restaurant_13";"Indian"
3250;"10-03-2023";1241.88;2889;"User_2889";"Chennai";"Gold";440;"Restaurant_440";"Mexican"
3251;"05-12-2023";792.7;2742;"User_2742";"Hyderabad";"Gold";73;"Restaurant_73";"Mexican"
3252;"12-11-2023";345.26;1295;"User_1295";"Hyderabad";"Gold";20;"Restaurant_20";"Indian"
3253;"29-10-2023";969.86;831;"User_831";"Pune";"Regular";261;"Restaurant_261";"Italian"
3254;"24-05-2023";336.75;2390;"User_2390";"Hyderabad";"Gold";302;"Restaurant_302";"Mexican"
3255;"01-01-2023";1079.85;425;"User_425";"Pune";"Gold";201;"Restaurant_201";"Mexican"
3256;"19-10-2023";356.34;41;"User_41";"Bangalore";"Regular";405;"Restaurant_405";"Indian"
3257;"01-06-2023";365.06;2684;"User_2684";"Pune";"Regular";363;"Restaurant_363";"Italian"
3258;"24-04-2023";933.1;1962;"User_1962";"Pune";"Gold";30;"Restaurant_30";"Mexican"
3259;"20-12-2023";939.8;1003;"User_1003";"Bangalore";"Regular";135;"Restaurant_135";"Indian"
3260;"28-09-2023";101.38;2481;"User_2481";"Bangalore";"Gold";458;"Restaurant_458";"Italian"
3261;"03-07-2023";390.67;1800;"User_1800";"Bangalore";"Regular";475;"Restaurant_475";"Italian"
3262;"02-01-2023";1451.91;1866;"User_1866";"Bangalore";"Gold";428;"Restaurant_428";"Mexican"
3263;"14-04-2023";1483.95;2361;"User_2361";"Bangalore";"Gold";91;"Restaurant_91";"Italian"
3264;"05-06-2023";973.43;1887;"User_1887";"Bangalore";"Regular";415;"Restaurant_415";"Indian"
3265;"30-11-2023";1438.12;1097;"User_1097";"Chennai";"Gold";320;"Restaurant_320";"Italian"
3266;"25-08-2023";1328.76;1154;"User_1154";"Bangalore";"Regular";411;"Restaurant_411";"Indian"
3267;"01-07-2023";1215.96;1189;"User_1189";"Pune";"Regular";92;"Restaurant_92";"Mexican"
3268;"10-12-2023";797.19;1222;"User_1222";"Chennai";"Regular";99;"Restaurant_99";"Italian"
3269;"27-08-2023";704.44;2735;"User_2735";"Chennai";"Gold";68;"Restaurant_68";"Italian"
3270;"11-12-2023";1192.07;2795;"User_2795";"Pune";"Regular";431;"Restaurant_431";"Mexican"
3271;"13-04-2023";540.15;1132;"User_1132";"Pune";"Regular";341;"Restaurant_341";"Chinese"
3272;"22-08-2023";842.66;1651;"User_1651";"Chennai";"Gold";249;"Restaurant_249";"Italian"
3273;"22-10-2023";987.47;1181;"User_1181";"Pune";"Gold";301;"Restaurant_301";"Italian"
3274;"20-05-2023";1237.61;801;"User_801";"Bangalore";"Regular";277;"Restaurant_277";"Mexican"
3275;"11-03-2023";1355.51;2464;"User_2464";"Pune";"Gold";393;"Restaurant_393";"Italian"
3276;"09-05-2023";532.64;1908;"User_1908";"Bangalore";"Gold";265;"Restaurant_265";"Chinese"
3277;"22-01-2023";1412.52;1565;"User_1565";"Pune";"Regular";213;"Restaurant_213";"Indian"
3278;"18-01-2023";1304.15;408;"User_408";"Chennai";"Gold";448;"Restaurant_448";"Mexican"
3279;"19-06-2023";782.1;494;"User_494";"Hyderabad";"Regular";496;"Restaurant_496";"Indian"
3280;"01-11-2023";851.57;2337;"User_2337";"Bangalore";"Gold";451;"Restaurant_451";"Chinese"
3281;"27-11-2023";335.34;2455;"User_2455";"Hyderabad";"Gold";494;"Restaurant_494";"Mexican"
3282;"02-11-2023";126.59;696;"User_696";"Hyderabad";"Regular";250;"Restaurant_250";"Mexican"
3283;"06-07-2023";1237.14;1829;"User_1829";"Pune";"Gold";378;"Restaurant_378";"Italian"
3284;"11-04-2023";1112.41;389;"User_389";"Bangalore";"Regular";100;"Restaurant_100";"Indian"
3285;"01-11-2023";248.92;1750;"User_1750";"Pune";"Gold";471;"Restaurant_471";"Indian"
3286;"11-05-2023";1360.08;2998;"User_2998";"Bangalore";"Regular";399;"Restaurant_399";"Chinese"
3287;"01-09-2023";1410.43;2989;"User_2989";"Pune";"Gold";247;"Restaurant_247";"Mexican"
3288;"21-06-2023";971.66;1867;"User_1867";"Hyderabad";"Regular";307;"Restaurant_307";"Mexican"
3289;"22-07-2023";221.53;1932;"User_1932";"Bangalore";"Regular";297;"Restaurant_297";"Italian"
3290;"31-08-2023";616.08;2594;"User_2594";"Pune";"Regular";400;"Restaurant_400";"Mexican"
3291;"30-09-2023";1149.85;1596;"User_1596";"Pune";"Gold";369;"Restaurant_369";"Italian"
3292;"15-11-2023";989.05;1713;"User_1713";"Pune";"Gold";182;"Restaurant_182";"Mexican"
3293;"31-12-2023";170.39;2157;"User_2157";"Bangalore";"Gold";367;"Restaurant_367";"Indian"
3294;"15-01-2023";248.09;1501;"User_1501";"Hyderabad";"Regular";349;"Restaurant_349";"Indian"
3295;"04-04-2023";784.83;1747;"User_1747";"Hyderabad";"Gold";227;"Restaurant_227";"Italian"
3296;"19-10-2023";1040.92;1392;"User_1392";"Hyderabad";"Regular";273;"Restaurant_273";"Indian"
3297;"09-04-2023";214.01;1526;"User_1526";"Pune";"Regular";447;"Restaurant_447";"Chinese"
3298;"08-06-2023";726.44;1059;"User_1059";"Hyderabad";"Regular";245;"Restaurant_245";"Mexican"
3299;"04-10-2023";1141.01;1166;"User_1166";"Bangalore";"Regular";335;"Restaurant_335";"Italian"
3300;"23-07-2023";403.54;1196;"User_1196";"Pune";"Gold";69;"Restaurant_69";"Chinese"
3301;"21-08-2023";425.39;1837;"User_1837";"Pune";"Gold";443;"Restaurant_443";"Mexican"
3302;"03-07-2023";1489.06;474;"User_474";"Chennai";"Regular";25;"Restaurant_25";"Chinese"
3303;"11-05-2023";838.29;1059;"User_1059";"Hyderabad";"Regular";211;"Restaurant_211";"Chinese"
3304;"07-10-2023";447.62;2463;"User_2463";"Chennai";"Gold";173;"Restaurant_173";"Chinese"
3305;"06-05-2023";996.23;2917;"User_2917";"Bangalore";"Gold";425;"Restaurant_425";"Chinese"
3306;"27-08-2023";133.62;2541;"User_2541";"Pune";"Regular";12;"Restaurant_12";"Mexican"
3307;"09-06-2023";1355.73;1838;"User_1838";"Bangalore";"Regular";415;"Restaurant_415";"Indian"
3308;"27-05-2023";328.23;1826;"User_1826";"Hyderabad";"Regular";335;"Restaurant_335";"Italian"
3309;"13-01-2023";379.74;1439;"User_1439";"Pune";"Regular";152;"Restaurant_152";"Indian"
3310;"30-06-2023";1241.36;613;"User_613";"Chennai";"Regular";235;"Restaurant_235";"Italian"
3311;"01-01-2024";908.98;1386;"User_1386";"Hyderabad";"Gold";171;"Restaurant_171";"Mexican"
3312;"10-05-2023";1400.88;2474;"User_2474";"Chennai";"Gold";229;"Restaurant_229";"Italian"
3313;"22-09-2023";500.27;2829;"User_2829";"Bangalore";"Regular";4;"Restaurant_4";"Chinese"
3314;"23-10-2023";596.11;2745;"User_2745";"Pune";"Regular";62;"Restaurant_62";"Indian"
3315;"23-11-2023";664.96;866;"User_866";"Bangalore";"Gold";250;"Restaurant_250";"Mexican"
3316;"22-07-2023";503.04;211;"User_211";"Bangalore";"Regular";472;"Restaurant_472";"Chinese"
3317;"28-01-2023";372.54;1300;"User_1300";"Chennai";"Regular";394;"Restaurant_394";"Mexican"
3318;"31-01-2023";494.59;1384;"User_1384";"Bangalore";"Gold";179;"Restaurant_179";"Italian"
3319;"11-02-2023";681.16;2231;"User_2231";"Chennai";"Regular";128;"Restaurant_128";"Indian"
3320;"05-04-2023";229.77;2472;"User_2472";"Bangalore";"Gold";342;"Restaurant_342";"Mexican"
3321;"19-04-2023";791.78;2321;"User_2321";"Bangalore";"Gold";233;"Restaurant_233";"Italian"
3322;"12-12-2023";1408.48;2586;"User_2586";"Hyderabad";"Regular";381;"Restaurant_381";"Italian"
3323;"16-07-2023";1179.37;1075;"User_1075";"Bangalore";"Regular";498;"Restaurant_498";"Chinese"
3324;"27-09-2023";262.64;900;"User_900";"Hyderabad";"Regular";60;"Restaurant_60";"Mexican"
3325;"17-05-2023";869.74;2408;"User_2408";"Chennai";"Regular";37;"Restaurant_37";"Mexican"
3326;"13-06-2023";974.03;2331;"User_2331";"Pune";"Gold";254;"Restaurant_254";"Indian"
3327;"17-06-2023";832.12;2779;"User_2779";"Chennai";"Gold";190;"Restaurant_190";"Chinese"
3328;"25-07-2023";502.65;2973;"User_2973";"Hyderabad";"Gold";477;"Restaurant_477";"Indian"
3329;"03-03-2023";869.03;152;"User_152";"Chennai";"Regular";293;"Restaurant_293";"Italian"
3330;"24-05-2023";117.74;1444;"User_1444";"Bangalore";"Gold";221;"Restaurant_221";"Chinese"
3331;"18-10-2023";281.89;1352;"User_1352";"Pune";"Gold";229;"Restaurant_229";"Italian"
3332;"09-08-2023";961.33;1201;"User_1201";"Bangalore";"Gold";67;"Restaurant_67";"Mexican"
3333;"16-10-2023";952.75;24;"User_24";"Hyderabad";"Regular";398;"Restaurant_398";"Indian"
3334;"17-08-2023";1246.63;1692;"User_1692";"Hyderabad";"Regular";206;"Restaurant_206";"Mexican"
3335;"20-11-2023";966.34;1690;"User_1690";"Hyderabad";"Gold";204;"Restaurant_204";"Mexican"
3336;"24-06-2023";1283.75;48;"User_48";"Chennai";"Gold";22;"Restaurant_22";"Chinese"
3337;"04-01-2023";1074.54;1216;"User_1216";"Bangalore";"Regular";151;"Restaurant_151";"Chinese"
3338;"16-02-2023";545.29;437;"User_437";"Bangalore";"Gold";72;"Restaurant_72";"Mexican"
3339;"12-04-2023";1031.39;1982;"User_1982";"Chennai";"Gold";332;"Restaurant_332";"Chinese"
3340;"22-12-2023";253.67;1985;"User_1985";"Chennai";"Gold";440;"Restaurant_440";"Mexican"
3341;"12-10-2023";470.54;1275;"User_1275";"Chennai";"Gold";358;"Restaurant_358";"Indian"
3342;"15-07-2023";1249.33;2428;"User_2428";"Bangalore";"Gold";83;"Restaurant_83";"Chinese"
3343;"08-12-2023";911.18;373;"User_373";"Hyderabad";"Regular";199;"Restaurant_199";"Italian"
3344;"16-04-2023";758.03;2763;"User_2763";"Bangalore";"Regular";395;"Restaurant_395";"Mexican"
3345;"20-02-2023";327.51;758;"User_758";"Chennai";"Regular";119;"Restaurant_119";"Chinese"
3346;"24-07-2023";1209.6;1910;"User_1910";"Chennai";"Regular";352;"Restaurant_352";"Italian"
3347;"03-12-2023";1060.47;491;"User_491";"Bangalore";"Gold";431;"Restaurant_431";"Mexican"
3348;"18-01-2023";290.57;1503;"User_1503";"Pune";"Gold";75;"Restaurant_75";"Chinese"
3349;"15-10-2023";478.15;2447;"User_2447";"Chennai";"Regular";253;"Restaurant_253";"Italian"
3350;"07-10-2023";945.9;2475;"User_2475";"Pune";"Gold";212;"Restaurant_212";"Indian"
3351;"18-04-2023";482.2;944;"User_944";"Bangalore";"Regular";373;"Restaurant_373";"Indian"
3352;"13-02-2023";875.18;80;"User_80";"Chennai";"Gold";209;"Restaurant_209";"Indian"
3353;"12-08-2023";314.09;2488;"User_2488";"Hyderabad";"Regular";475;"Restaurant_475";"Italian"
3354;"13-11-2023";899.99;1932;"User_1932";"Bangalore";"Regular";391;"Restaurant_391";"Indian"
3355;"23-08-2023";136.81;1485;"User_1485";"Pune";"Regular";196;"Restaurant_196";"Italian"
3356;"05-03-2023";1043.06;179;"User_179";"Bangalore";"Regular";127;"Restaurant_127";"Chinese"
3357;"09-03-2023";1226.55;947;"User_947";"Pune";"Regular";306;"Restaurant_306";"Chinese"
3358;"16-11-2023";1350.59;160;"User_160";"Chennai";"Gold";151;"Restaurant_151";"Chinese"
3359;"14-03-2023";468.65;2282;"User_2282";"Bangalore";"Regular";42;"Restaurant_42";"Chinese"
3360;"19-08-2023";1014.95;263;"User_263";"Hyderabad";"Regular";268;"Restaurant_268";"Indian"
3361;"21-05-2023";213.48;136;"User_136";"Pune";"Gold";91;"Restaurant_91";"Italian"
3362;"11-05-2023";470.04;1430;"User_1430";"Hyderabad";"Regular";416;"Restaurant_416";"Chinese"
3363;"02-03-2023";363.56;142;"User_142";"Pune";"Regular";126;"Restaurant_126";"Italian"
3364;"02-11-2023";873.81;2992;"User_2992";"Bangalore";"Regular";221;"Restaurant_221";"Chinese"
3365;"24-02-2023";930.48;496;"User_496";"Chennai";"Regular";353;"Restaurant_353";"Indian"
3366;"17-09-2023";708.07;1115;"User_1115";"Chennai";"Regular";3;"Restaurant_3";"Mexican"
3367;"31-05-2023";132.69;851;"User_851";"Hyderabad";"Gold";192;"Restaurant_192";"Italian"
3368;"09-12-2023";385.2;890;"User_890";"Chennai";"Gold";76;"Restaurant_76";"Italian"
3369;"27-06-2023";997.15;2282;"User_2282";"Bangalore";"Regular";283;"Restaurant_283";"Chinese"
3370;"27-09-2023";203.55;2040;"User_2040";"Chennai";"Regular";333;"Restaurant_333";"Chinese"
3371;"25-03-2023";164.61;2501;"User_2501";"Chennai";"Gold";111;"Restaurant_111";"Mexican"
3372;"19-10-2023";1347.06;1490;"User_1490";"Hyderabad";"Regular";61;"Restaurant_61";"Italian"
3373;"25-03-2023";1306.5;2670;"User_2670";"Pune";"Gold";234;"Restaurant_234";"Chinese"
3374;"16-08-2023";1011.72;1931;"User_1931";"Bangalore";"Regular";178;"Restaurant_178";"Mexican"
3375;"11-01-2023";198.17;1611;"User_1611";"Pune";"Regular";187;"Restaurant_187";"Chinese"
3376;"11-01-2023";738.19;2206;"User_2206";"Chennai";"Gold";85;"Restaurant_85";"Mexican"
3377;"08-02-2023";450.28;2324;"User_2324";"Bangalore";"Gold";325;"Restaurant_325";"Italian"
3378;"10-11-2023";1059.95;347;"User_347";"Pune";"Gold";183;"Restaurant_183";"Chinese"
3379;"11-10-2023";426.57;1956;"User_1956";"Bangalore";"Regular";4;"Restaurant_4";"Chinese"
3380;"09-02-2023";685.25;2581;"User_2581";"Pune";"Gold";35;"Restaurant_35";"Chinese"
3381;"22-06-2023";890.42;1622;"User_1622";"Bangalore";"Regular";415;"Restaurant_415";"Indian"
3382;"10-12-2023";787.49;540;"User_540";"Pune";"Gold";207;"Restaurant_207";"Italian"
3383;"24-05-2023";118.46;1176;"User_1176";"Chennai";"Gold";247;"Restaurant_247";"Mexican"
3384;"27-04-2023";1068.28;2776;"User_2776";"Chennai";"Gold";122;"Restaurant_122";"Indian"
3385;"14-09-2023";1018.37;2783;"User_2783";"Bangalore";"Regular";494;"Restaurant_494";"Mexican"
3386;"16-06-2023";1422.23;1839;"User_1839";"Hyderabad";"Regular";281;"Restaurant_281";"Italian"
3387;"06-12-2023";704.8;2894;"User_2894";"Pune";"Gold";244;"Restaurant_244";"Italian"
3388;"21-03-2023";255.17;105;"User_105";"Hyderabad";"Gold";41;"Restaurant_41";"Mexican"
3389;"05-03-2023";1053.59;413;"User_413";"Pune";"Gold";185;"Restaurant_185";"Mexican"
3390;"22-03-2023";892.49;650;"User_650";"Chennai";"Gold";252;"Restaurant_252";"Indian"
3391;"04-12-2023";787.41;978;"User_978";"Pune";"Regular";32;"Restaurant_32";"Italian"
3392;"16-10-2023";174.52;2303;"User_2303";"Pune";"Gold";123;"Restaurant_123";"Chinese"
3393;"31-07-2023";1465.52;2257;"User_2257";"Chennai";"Gold";74;"Restaurant_74";"Chinese"
3394;"02-11-2023";652.84;460;"User_460";"Chennai";"Regular";447;"Restaurant_447";"Chinese"
3395;"23-10-2023";1387.85;421;"User_421";"Chennai";"Gold";384;"Restaurant_384";"Mexican"
3396;"21-09-2023";647.04;1488;"User_1488";"Hyderabad";"Gold";154;"Restaurant_154";"Chinese"
3397;"01-07-2023";392.69;885;"User_885";"Chennai";"Gold";52;"Restaurant_52";"Mexican"
3398;"16-10-2023";1211.11;2031;"User_2031";"Chennai";"Regular";235;"Restaurant_235";"Italian"
3399;"11-07-2023";203.73;1730;"User_1730";"Bangalore";"Regular";383;"Restaurant_383";"Indian"
3400;"20-09-2023";1287.1;363;"User_363";"Pune";"Regular";77;"Restaurant_77";"Mexican"
3401;"13-02-2023";875.95;2005;"User_2005";"Bangalore";"Gold";425;"Restaurant_425";"Chinese"
3402;"10-06-2023";179.65;696;"User_696";"Hyderabad";"Regular";386;"Restaurant_386";"Italian"
3403;"20-07-2023";1419.38;2130;"User_2130";"Pune";"Gold";463;"Restaurant_463";"Chinese"
3404;"07-06-2023";1349.25;503;"User_503";"Bangalore";"Gold";492;"Restaurant_492";"Italian"
3405;"17-03-2023";1375.45;711;"User_711";"Bangalore";"Regular";82;"Restaurant_82";"Chinese"
3406;"20-11-2023";848.17;1508;"User_1508";"Pune";"Gold";166;"Restaurant_166";"Chinese"
3407;"18-09-2023";565.19;2171;"User_2171";"Chennai";"Gold";369;"Restaurant_369";"Italian"
3408;"21-12-2023";751.0;2291;"User_2291";"Bangalore";"Regular";398;"Restaurant_398";"Indian"
3409;"14-10-2023";638.06;571;"User_571";"Pune";"Regular";251;"Restaurant_251";"Chinese"
3410;"15-08-2023";719.07;2683;"User_2683";"Pune";"Gold";376;"Restaurant_376";"Indian"
3411;"25-06-2023";449.07;1694;"User_1694";"Chennai";"Gold";232;"Restaurant_232";"Mexican"
3412;"16-08-2023";1054.44;2679;"User_2679";"Pune";"Gold";161;"Restaurant_161";"Mexican"
3413;"26-08-2023";452.11;1184;"User_1184";"Pune";"Gold";371;"Restaurant_371";"Chinese"
3414;"25-07-2023";1305.99;2558;"User_2558";"Hyderabad";"Gold";387;"Restaurant_387";"Mexican"
3415;"01-05-2023";327.77;1399;"User_1399";"Hyderabad";"Gold";324;"Restaurant_324";"Mexican"
3416;"16-12-2023";1190.08;926;"User_926";"Pune";"Gold";33;"Restaurant_33";"Italian"
3417;"21-12-2023";931.45;157;"User_157";"Bangalore";"Gold";465;"Restaurant_465";"Italian"
3418;"07-05-2023";453.88;487;"User_487";"Hyderabad";"Regular";419;"Restaurant_419";"Chinese"
3419;"01-03-2023";1435.89;254;"User_254";"Bangalore";"Gold";58;"Restaurant_58";"Indian"
3420;"05-10-2023";518.62;1684;"User_1684";"Hyderabad";"Regular";325;"Restaurant_325";"Italian"
3421;"04-05-2023";839.16;2655;"User_2655";"Bangalore";"Regular";159;"Restaurant_159";"Mexican"
3422;"19-08-2023";919.61;961;"User_961";"Bangalore";"Regular";486;"Restaurant_486";"Italian"
3423;"03-01-2023";1153.89;2024;"User_2024";"Chennai";"Regular";13;"Restaurant_13";"Indian"
3424;"11-10-2023";864.92;2692;"User_2692";"Pune";"Gold";145;"Restaurant_145";"Italian"
3425;"27-08-2023";743.89;404;"User_404";"Hyderabad";"Gold";493;"Restaurant_493";"Mexican"
3426;"05-02-2023";103.08;2100;"User_2100";"Hyderabad";"Regular";482;"Restaurant_482";"Chinese"
3427;"15-06-2023";145.36;1739;"User_1739";"Pune";"Regular";130;"Restaurant_130";"Indian"
3428;"02-12-2023";1483.04;202;"User_202";"Chennai";"Regular";14;"Restaurant_14";"Indian"
3429;"11-06-2023";279.28;2296;"User_2296";"Hyderabad";"Gold";40;"Restaurant_40";"Indian"
3430;"10-04-2023";1365.71;1800;"User_1800";"Bangalore";"Regular";364;"Restaurant_364";"Mexican"
3431;"07-02-2023";1235.06;1603;"User_1603";"Chennai";"Gold";279;"Restaurant_279";"Italian"
3432;"29-03-2023";939.15;738;"User_738";"Hyderabad";"Gold";287;"Restaurant_287";"Chinese"
3433;"02-05-2023";778.66;2741;"User_2741";"Pune";"Regular";423;"Restaurant_423";"Indian"
3434;"08-03-2023";166.75;1694;"User_1694";"Chennai";"Gold";391;"Restaurant_391";"Indian"
3435;"09-01-2023";544.81;785;"User_785";"Chennai";"Gold";218;"Restaurant_218";"Indian"
3436;"01-03-2023";632.33;688;"User_688";"Hyderabad";"Gold";68;"Restaurant_68";"Italian"
3437;"19-03-2023";1390.88;1689;"User_1689";"Bangalore";"Regular";327;"Restaurant_327";"Indian"
3438;"14-10-2023";1368.25;2369;"User_2369";"Chennai";"Gold";149;"Restaurant_149";"Mexican"
3439;"04-11-2023";267.42;656;"User_656";"Pune";"Gold";396;"Restaurant_396";"Mexican"
3440;"21-08-2023";1385.2;2399;"User_2399";"Hyderabad";"Regular";234;"Restaurant_234";"Chinese"
3441;"20-08-2023";437.61;2028;"User_2028";"Bangalore";"Regular";190;"Restaurant_190";"Chinese"
3442;"11-12-2023";418.25;903;"User_903";"Bangalore";"Gold";174;"Restaurant_174";"Mexican"
3443;"02-04-2023";676.7;2672;"User_2672";"Pune";"Regular";45;"Restaurant_45";"Mexican"
3444;"05-01-2023";688.48;2865;"User_2865";"Hyderabad";"Regular";405;"Restaurant_405";"Indian"
3445;"10-05-2023";961.98;1421;"User_1421";"Bangalore";"Gold";437;"Restaurant_437";"Indian"
3446;"08-07-2023";140.16;2937;"User_2937";"Hyderabad";"Regular";319;"Restaurant_319";"Indian"
3447;"02-12-2023";1283.0;2075;"User_2075";"Hyderabad";"Gold";84;"Restaurant_84";"Chinese"
3448;"13-12-2023";148.03;690;"User_690";"Hyderabad";"Gold";417;"Restaurant_417";"Mexican"
3449;"24-05-2023";130.93;2190;"User_2190";"Pune";"Regular";215;"Restaurant_215";"Mexican"
3450;"08-12-2023";1262.27;42;"User_42";"Bangalore";"Regular";232;"Restaurant_232";"Mexican"
3451;"28-05-2023";724.99;2641;"User_2641";"Chennai";"Regular";6;"Restaurant_6";"Chinese"
3452;"08-03-2023";1343.09;986;"User_986";"Chennai";"Gold";370;"Restaurant_370";"Chinese"
3453;"12-02-2023";598.44;1340;"User_1340";"Bangalore";"Gold";399;"Restaurant_399";"Chinese"
3454;"12-04-2023";1428.26;2315;"User_2315";"Pune";"Regular";286;"Restaurant_286";"Italian"
3455;"17-03-2023";138.91;1175;"User_1175";"Bangalore";"Gold";461;"Restaurant_461";"Italian"
3456;"05-10-2023";217.9;956;"User_956";"Chennai";"Gold";417;"Restaurant_417";"Mexican"
3457;"23-04-2023";672.72;2047;"User_2047";"Hyderabad";"Gold";77;"Restaurant_77";"Mexican"
3458;"23-02-2023";664.78;1631;"User_1631";"Bangalore";"Regular";153;"Restaurant_153";"Italian"
3459;"18-08-2023";1001.38;1089;"User_1089";"Hyderabad";"Regular";315;"Restaurant_315";"Mexican"
3460;"11-04-2023";1418.59;801;"User_801";"Bangalore";"Regular";259;"Restaurant_259";"Mexican"
3461;"04-08-2023";1135.01;321;"User_321";"Chennai";"Regular";310;"Restaurant_310";"Indian"
3462;"20-10-2023";1047.33;2879;"User_2879";"Pune";"Gold";273;"Restaurant_273";"Indian"
3463;"03-05-2023";145.59;2502;"User_2502";"Bangalore";"Regular";449;"Restaurant_449";"Indian"
3464;"31-10-2023";1119.45;2681;"User_2681";"Chennai";"Gold";121;"Restaurant_121";"Indian"
3465;"20-07-2023";660.65;2604;"User_2604";"Hyderabad";"Gold";183;"Restaurant_183";"Chinese"
3466;"17-12-2023";681.67;1862;"User_1862";"Pune";"Gold";333;"Restaurant_333";"Chinese"
3467;"01-09-2023";1237.06;555;"User_555";"Bangalore";"Regular";358;"Restaurant_358";"Indian"
3468;"08-01-2023";740.67;89;"User_89";"Chennai";"Regular";117;"Restaurant_117";"Indian"
3469;"25-02-2023";1094.09;1026;"User_1026";"Chennai";"Gold";18;"Restaurant_18";"Italian"
3470;"03-02-2023";733.74;1526;"User_1526";"Pune";"Regular";336;"Restaurant_336";"Mexican"
3471;"14-04-2023";1116.33;1262;"User_1262";"Pune";"Gold";215;"Restaurant_215";"Mexican"
3472;"30-04-2023";1060.82;628;"User_628";"Pune";"Regular";268;"Restaurant_268";"Indian"
3473;"10-09-2023";236.16;635;"User_635";"Pune";"Regular";145;"Restaurant_145";"Italian"
3474;"10-02-2023";257.67;2263;"User_2263";"Hyderabad";"Gold";1;"Restaurant_1";"Chinese"
3475;"29-11-2023";298.37;405;"User_405";"Chennai";"Regular";297;"Restaurant_297";"Italian"
3476;"14-02-2023";1307.25;2027;"User_2027";"Bangalore";"Regular";333;"Restaurant_333";"Chinese"
3477;"23-10-2023";387.43;1589;"User_1589";"Pune";"Gold";380;"Restaurant_380";"Italian"
3478;"23-07-2023";580.83;2928;"User_2928";"Pune";"Gold";268;"Restaurant_268";"Indian"
3479;"29-10-2023";602.4;2639;"User_2639";"Chennai";"Regular";99;"Restaurant_99";"Italian"
3480;"28-07-2023";1485.79;1157;"User_1157";"Pune";"Gold";108;"Restaurant_108";"Chinese"
3481;"29-09-2023";953.87;1739;"User_1739";"Pune";"Regular";337;"Restaurant_337";"Mexican"
3482;"05-05-2023";326.74;2920;"User_2920";"Bangalore";"Gold";441;"Restaurant_441";"Indian"
3483;"04-01-2023";335.75;788;"User_788";"Bangalore";"Gold";205;"Restaurant_205";"Italian"
3484;"28-05-2023";633.25;2745;"User_2745";"Pune";"Regular";5;"Restaurant_5";"Chinese"
3485;"28-02-2023";880.83;601;"User_601";"Hyderabad";"Regular";189;"Restaurant_189";"Indian"
3486;"21-11-2023";832.49;2658;"User_2658";"Bangalore";"Regular";113;"Restaurant_113";"Chinese"
3487;"06-06-2023";117.75;1120;"User_1120";"Hyderabad";"Gold";421;"Restaurant_421";"Indian"
3488;"28-01-2023";317.91;2958;"User_2958";"Pune";"Gold";152;"Restaurant_152";"Indian"
3489;"05-09-2023";888.33;1336;"User_1336";"Bangalore";"Regular";313;"Restaurant_313";"Indian"
3490;"26-11-2023";494.61;997;"User_997";"Chennai";"Gold";295;"Restaurant_295";"Chinese"
3491;"01-07-2023";189.94;2912;"User_2912";"Hyderabad";"Gold";483;"Restaurant_483";"Chinese"
3492;"25-11-2023";1474.97;2237;"User_2237";"Chennai";"Gold";247;"Restaurant_247";"Mexican"
3493;"05-04-2023";826.09;2404;"User_2404";"Hyderabad";"Gold";306;"Restaurant_306";"Chinese"
3494;"11-06-2023";134.91;119;"User_119";"Pune";"Regular";23;"Restaurant_23";"Chinese"
3495;"21-05-2023";420.2;2093;"User_2093";"Hyderabad";"Regular";74;"Restaurant_74";"Chinese"
3496;"30-10-2023";232.04;1476;"User_1476";"Pune";"Gold";334;"Restaurant_334";"Indian"
3497;"07-03-2023";175.57;229;"User_229";"Bangalore";"Gold";475;"Restaurant_475";"Italian"
3498;"11-05-2023";991.07;2924;"User_2924";"Hyderabad";"Gold";441;"Restaurant_441";"Indian"
3499;"04-10-2023";848.64;304;"User_304";"Pune";"Regular";217;"Restaurant_217";"Indian"
3500;"29-07-2023";784.12;1490;"User_1490";"Hyderabad";"Regular";242;"Restaurant_242";"Mexican"
3501;"08-01-2023";314.94;1481;"User_1481";"Bangalore";"Gold";333;"Restaurant_333";"Chinese"
3502;"04-07-2023";1256.09;880;"User_880";"Pune";"Regular";270;"Restaurant_270";"Mexican"
3503;"20-07-2023";264.21;2791;"User_2791";"Hyderabad";"Gold";493;"Restaurant_493";"Mexican"
3504;"22-11-2023";1297.02;2913;"User_2913";"Pune";"Gold";214;"Restaurant_214";"Chinese"
3505;"19-09-2023";853.45;1467;"User_1467";"Pune";"Regular";484;"Restaurant_484";"Mexican"
3506;"12-10-2023";332.0;1778;"User_1778";"Pune";"Gold";457;"Restaurant_457";"Indian"
3507;"07-06-2023";1359.88;1425;"User_1425";"Pune";"Regular";365;"Restaurant_365";"Italian"
3508;"21-04-2023";448.94;2761;"User_2761";"Chennai";"Regular";106;"Restaurant_106";"Indian"
3509;"10-05-2023";984.31;2308;"User_2308";"Chennai";"Regular";398;"Restaurant_398";"Indian"
3510;"13-07-2023";1477.77;2684;"User_2684";"Pune";"Regular";399;"Restaurant_399";"Chinese"
3511;"09-11-2023";1463.37;871;"User_871";"Chennai";"Gold";211;"Restaurant_211";"Chinese"
3512;"18-07-2023";338.97;1638;"User_1638";"Chennai";"Regular";380;"Restaurant_380";"Italian"
3513;"23-08-2023";1244.27;1183;"User_1183";"Chennai";"Gold";332;"Restaurant_332";"Chinese"
3514;"14-08-2023";776.66;2685;"User_2685";"Hyderabad";"Gold";183;"Restaurant_183";"Chinese"
3515;"26-06-2023";1444.76;2587;"User_2587";"Bangalore";"Gold";345;"Restaurant_345";"Chinese"
3516;"16-12-2023";966.29;1963;"User_1963";"Pune";"Gold";17;"Restaurant_17";"Indian"
3517;"13-12-2023";647.66;1062;"User_1062";"Chennai";"Regular";451;"Restaurant_451";"Chinese"
3518;"08-08-2023";510.17;196;"User_196";"Hyderabad";"Gold";105;"Restaurant_105";"Mexican"
3519;"07-07-2023";371.58;2982;"User_2982";"Chennai";"Gold";133;"Restaurant_133";"Italian"
3520;"04-01-2023";131.46;1053;"User_1053";"Hyderabad";"Regular";67;"Restaurant_67";"Mexican"
3521;"20-08-2023";692.33;1846;"User_1846";"Chennai";"Regular";289;"Restaurant_289";"Italian"
3522;"11-01-2023";889.62;2494;"User_2494";"Chennai";"Regular";143;"Restaurant_143";"Chinese"
3523;"22-11-2023";262.78;1201;"User_1201";"Bangalore";"Gold";2;"Restaurant_2";"Indian"
3524;"03-06-2023";576.11;277;"User_277";"Pune";"Gold";100;"Restaurant_100";"Indian"
3525;"22-02-2023";1490.34;1719;"User_1719";"Pune";"Gold";414;"Restaurant_414";"Chinese"
3526;"19-07-2023";1193.2;2684;"User_2684";"Pune";"Regular";243;"Restaurant_243";"Chinese"
3527;"14-01-2023";1463.36;416;"User_416";"Hyderabad";"Regular";458;"Restaurant_458";"Italian"
3528;"20-07-2023";235.28;2790;"User_2790";"Hyderabad";"Regular";498;"Restaurant_498";"Chinese"
3529;"28-04-2023";735.2;2804;"User_2804";"Hyderabad";"Regular";108;"Restaurant_108";"Chinese"
3530;"24-03-2023";216.45;2973;"User_2973";"Hyderabad";"Gold";100;"Restaurant_100";"Indian"
3531;"08-01-2023";1309.16;2355;"User_2355";"Pune";"Regular";274;"Restaurant_274";"Mexican"
3532;"12-07-2023";637.95;668;"User_668";"Bangalore";"Regular";270;"Restaurant_270";"Mexican"
3533;"29-03-2023";583.83;2228;"User_2228";"Chennai";"Regular";306;"Restaurant_306";"Chinese"
3534;"27-04-2023";895.2;1104;"User_1104";"Bangalore";"Regular";491;"Restaurant_491";"Chinese"
3535;"18-01-2023";1127.46;2834;"User_2834";"Chennai";"Regular";105;"Restaurant_105";"Mexican"
3536;"23-05-2023";754.71;650;"User_650";"Chennai";"Gold";380;"Restaurant_380";"Italian"
3537;"01-09-2023";411.26;369;"User_369";"Bangalore";"Gold";229;"Restaurant_229";"Italian"
3538;"25-05-2023";471.2;1495;"User_1495";"Chennai";"Regular";129;"Restaurant_129";"Indian"
3539;"23-11-2023";294.55;1573;"User_1573";"Chennai";"Gold";61;"Restaurant_61";"Italian"
3540;"09-03-2023";579.82;608;"User_608";"Hyderabad";"Regular";148;"Restaurant_148";"Italian"
3541;"12-11-2023";813.42;2280;"User_2280";"Bangalore";"Regular";63;"Restaurant_63";"Italian"
3542;"14-10-2023";840.9;661;"User_661";"Bangalore";"Regular";424;"Restaurant_424";"Indian"
3543;"06-06-2023";1218.26;1067;"User_1067";"Bangalore";"Regular";164;"Restaurant_164";"Italian"
3544;"31-12-2023";316.26;1518;"User_1518";"Chennai";"Gold";113;"Restaurant_113";"Chinese"
3545;"26-10-2023";699.08;1205;"User_1205";"Chennai";"Gold";256;"Restaurant_256";"Italian"
3546;"21-02-2023";184.88;789;"User_789";"Pune";"Regular";190;"Restaurant_190";"Chinese"
3547;"28-09-2023";114.96;799;"User_799";"Chennai";"Regular";204;"Restaurant_204";"Mexican"
3548;"04-10-2023";437.14;1819;"User_1819";"Bangalore";"Gold";169;"Restaurant_169";"Italian"
3549;"19-08-2023";171.17;1222;"User_1222";"Chennai";"Regular";31;"Restaurant_31";"Mexican"
3550;"22-05-2023";690.76;2313;"User_2313";"Chennai";"Regular";327;"Restaurant_327";"Indian"
3551;"10-09-2023";1230.23;2464;"User_2464";"Pune";"Gold";295;"Restaurant_295";"Chinese"
3552;"29-01-2023";1478.53;1607;"User_1607";"Bangalore";"Regular";488;"Restaurant_488";"Chinese"
3553;"14-12-2023";625.78;939;"User_939";"Chennai";"Regular";336;"Restaurant_336";"Mexican"
3554;"06-10-2023";815.85;1841;"User_1841";"Chennai";"Regular";462;"Restaurant_462";"Italian"
3555;"31-10-2023";1010.87;1330;"User_1330";"Chennai";"Gold";497;"Restaurant_497";"Mexican"
3556;"27-06-2023";563.14;1514;"User_1514";"Pune";"Gold";31;"Restaurant_31";"Mexican"
3557;"21-10-2023";220.45;2597;"User_2597";"Pune";"Gold";354;"Restaurant_354";"Indian"
3558;"27-04-2023";1455.32;41;"User_41";"Bangalore";"Regular";345;"Restaurant_345";"Chinese"
3559;"06-06-2023";1166.9;708;"User_708";"Pune";"Regular";106;"Restaurant_106";"Indian"
3560;"01-02-2023";218.78;2739;"User_2739";"Pune";"Gold";378;"Restaurant_378";"Italian"
3561;"07-01-2023";1485.65;636;"User_636";"Chennai";"Regular";195;"Restaurant_195";"Indian"
3562;"09-07-2023";377.52;1683;"User_1683";"Chennai";"Gold";5;"Restaurant_5";"Chinese"
3563;"23-03-2023";127.61;2680;"User_2680";"Bangalore";"Gold";131;"Restaurant_131";"Italian"
3564;"28-11-2023";352.21;2006;"User_2006";"Pune";"Regular";100;"Restaurant_100";"Indian"
3565;"20-10-2023";1320.56;2232;"User_2232";"Pune";"Gold";130;"Restaurant_130";"Indian"
3566;"18-05-2023";406.21;1912;"User_1912";"Pune";"Regular";32;"Restaurant_32";"Italian"
3567;"19-07-2023";442.36;1372;"User_1372";"Chennai";"Gold";466;"Restaurant_466";"Italian"
3568;"15-08-2023";580.06;854;"User_854";"Hyderabad";"Gold";495;"Restaurant_495";"Italian"
3569;"28-03-2023";150.35;1271;"User_1271";"Pune";"Gold";133;"Restaurant_133";"Italian"
3570;"22-01-2023";1156.69;1564;"User_1564";"Chennai";"Gold";30;"Restaurant_30";"Mexican"
3571;"22-06-2023";947.5;1710;"User_1710";"Hyderabad";"Regular";278;"Restaurant_278";"Indian"
3572;"23-03-2023";994.83;556;"User_556";"Chennai";"Regular";36;"Restaurant_36";"Italian"
3573;"17-09-2023";454.89;1201;"User_1201";"Bangalore";"Gold";322;"Restaurant_322";"Italian"
3574;"12-01-2023";1104.99;522;"User_522";"Bangalore";"Gold";42;"Restaurant_42";"Chinese"
3575;"09-01-2023";763.51;933;"User_933";"Hyderabad";"Regular";354;"Restaurant_354";"Indian"
3576;"20-02-2023";559.77;2611;"User_2611";"Hyderabad";"Gold";31;"Restaurant_31";"Mexican"
3577;"26-08-2023";148.93;488;"User_488";"Pune";"Gold";3;"Restaurant_3";"Mexican"
3578;"10-11-2023";504.43;1206;"User_1206";"Bangalore";"Gold";460;"Restaurant_460";"Chinese"
3579;"08-12-2023";799.24;2523;"User_2523";"Pune";"Gold";79;"Restaurant_79";"Mexican"
3580;"14-08-2023";517.14;1038;"User_1038";"Bangalore";"Regular";136;"Restaurant_136";"Indian"
3581;"11-01-2023";598.88;2855;"User_2855";"Chennai";"Gold";253;"Restaurant_253";"Italian"
3582;"03-04-2023";1443.1;871;"User_871";"Chennai";"Gold";320;"Restaurant_320";"Italian"
3583;"28-03-2023";938.64;2591;"User_2591";"Pune";"Regular";464;"Restaurant_464";"Italian"
3584;"14-11-2023";823.0;2214;"User_2214";"Hyderabad";"Regular";143;"Restaurant_143";"Chinese"
3585;"22-05-2023";871.91;430;"User_430";"Hyderabad";"Gold";60;"Restaurant_60";"Mexican"
3586;"12-05-2023";1038.06;1494;"User_1494";"Hyderabad";"Gold";372;"Restaurant_372";"Italian"
3587;"20-04-2023";692.32;757;"User_757";"Pune";"Gold";200;"Restaurant_200";"Chinese"
3588;"06-03-2023";756.48;488;"User_488";"Pune";"Gold";196;"Restaurant_196";"Italian"
3589;"05-07-2023";1208.75;1922;"User_1922";"Chennai";"Gold";342;"Restaurant_342";"Mexican"
3590;"18-02-2023";884.52;2656;"User_2656";"Bangalore";"Gold";8;"Restaurant_8";"Indian"
3591;"07-01-2023";240.4;200;"User_200";"Hyderabad";"Regular";82;"Restaurant_82";"Chinese"
3592;"24-07-2023";1424.57;2346;"User_2346";"Hyderabad";"Regular";417;"Restaurant_417";"Mexican"
3593;"04-01-2023";1253.76;2151;"User_2151";"Chennai";"Gold";365;"Restaurant_365";"Italian"
3594;"25-09-2023";435.13;2617;"User_2617";"Chennai";"Regular";212;"Restaurant_212";"Indian"
3595;"12-07-2023";1320.78;238;"User_238";"Hyderabad";"Regular";261;"Restaurant_261";"Italian"
3596;"18-01-2023";751.81;245;"User_245";"Chennai";"Regular";18;"Restaurant_18";"Italian"
3597;"12-09-2023";839.44;1662;"User_1662";"Bangalore";"Gold";476;"Restaurant_476";"Mexican"
3598;"18-01-2023";187.0;354;"User_354";"Chennai";"Regular";170;"Restaurant_170";"Mexican"
3599;"21-04-2023";375.73;2710;"User_2710";"Bangalore";"Gold";13;"Restaurant_13";"Indian"
3600;"06-03-2023";629.63;2267;"User_2267";"Pune";"Regular";398;"Restaurant_398";"Indian"
3601;"19-10-2023";872.22;619;"User_619";"Bangalore";"Gold";52;"Restaurant_52";"Mexican"
3602;"03-09-2023";671.1;43;"User_43";"Bangalore";"Regular";312;"Restaurant_312";"Chinese"
3603;"17-10-2023";629.18;2871;"User_2871";"Hyderabad";"Gold";258;"Restaurant_258";"Indian"
3604;"22-10-2023";805.44;357;"User_357";"Hyderabad";"Gold";337;"Restaurant_337";"Mexican"
3605;"02-11-2023";892.61;24;"User_24";"Hyderabad";"Regular";286;"Restaurant_286";"Italian"
3606;"26-01-2023";527.76;529;"User_529";"Pune";"Gold";486;"Restaurant_486";"Italian"
3607;"12-07-2023";142.65;2277;"User_2277";"Hyderabad";"Regular";282;"Restaurant_282";"Indian"
3608;"16-11-2023";844.78;843;"User_843";"Pune";"Gold";425;"Restaurant_425";"Chinese"
3609;"14-01-2023";1084.45;315;"User_315";"Chennai";"Gold";48;"Restaurant_48";"Mexican"
3610;"03-09-2023";161.22;1072;"User_1072";"Bangalore";"Regular";446;"Restaurant_446";"Indian"
3611;"31-12-2023";961.32;1737;"User_1737";"Chennai";"Gold";59;"Restaurant_59";"Chinese"
3612;"03-04-2023";1345.42;1123;"User_1123";"Bangalore";"Regular";197;"Restaurant_197";"Mexican"
3613;"26-07-2023";652.13;1001;"User_1001";"Bangalore";"Regular";247;"Restaurant_247";"Mexican"
3614;"20-08-2023";510.21;2903;"User_2903";"Bangalore";"Regular";4;"Restaurant_4";"Chinese"
3615;"28-04-2023";840.64;883;"User_883";"Pune";"Gold";32;"Restaurant_32";"Italian"
3616;"23-03-2023";286.98;2461;"User_2461";"Bangalore";"Gold";169;"Restaurant_169";"Italian"
3617;"29-12-2023";396.19;669;"User_669";"Chennai";"Gold";247;"Restaurant_247";"Mexican"
3618;"18-04-2023";181.6;2504;"User_2504";"Hyderabad";"Regular";442;"Restaurant_442";"Italian"
3619;"23-04-2023";737.63;1247;"User_1247";"Pune";"Gold";462;"Restaurant_462";"Italian"
3620;"28-05-2023";731.08;1769;"User_1769";"Hyderabad";"Gold";271;"Restaurant_271";"Chinese"
3621;"22-04-2023";609.06;2804;"User_2804";"Hyderabad";"Regular";227;"Restaurant_227";"Italian"
3622;"11-10-2023";774.77;2081;"User_2081";"Bangalore";"Regular";210;"Restaurant_210";"Indian"
3623;"02-10-2023";462.15;2567;"User_2567";"Bangalore";"Gold";468;"Restaurant_468";"Chinese"
3624;"08-01-2023";571.61;320;"User_320";"Hyderabad";"Gold";208;"Restaurant_208";"Mexican"
3625;"08-07-2023";1280.44;1309;"User_1309";"Bangalore";"Gold";347;"Restaurant_347";"Chinese"
3626;"02-05-2023";1287.34;1630;"User_1630";"Chennai";"Regular";61;"Restaurant_61";"Italian"
3627;"15-02-2023";385.22;211;"User_211";"Bangalore";"Regular";318;"Restaurant_318";"Indian"
3628;"18-04-2023";619.85;1391;"User_1391";"Bangalore";"Regular";422;"Restaurant_422";"Mexican"
3629;"20-08-2023";1479.91;2545;"User_2545";"Hyderabad";"Gold";350;"Restaurant_350";"Mexican"
3630;"18-07-2023";213.55;105;"User_105";"Hyderabad";"Gold";447;"Restaurant_447";"Chinese"
3631;"17-12-2023";363.16;1885;"User_1885";"Bangalore";"Regular";42;"Restaurant_42";"Chinese"
3632;"23-08-2023";1167.25;2973;"User_2973";"Hyderabad";"Gold";345;"Restaurant_345";"Chinese"
3633;"22-11-2023";1140.67;1620;"User_1620";"Pune";"Gold";367;"Restaurant_367";"Indian"
3634;"22-09-2023";757.99;2702;"User_2702";"Pune";"Gold";26;"Restaurant_26";"Chinese"
3635;"10-06-2023";1318.81;1502;"User_1502";"Bangalore";"Gold";343;"Restaurant_343";"Mexican"
3636;"16-03-2023";1396.68;723;"User_723";"Bangalore";"Gold";279;"Restaurant_279";"Italian"
3637;"16-12-2023";1000.88;874;"User_874";"Pune";"Gold";427;"Restaurant_427";"Indian"
3638;"03-08-2023";1179.91;2166;"User_2166";"Chennai";"Gold";407;"Restaurant_407";"Mexican"
3639;"26-02-2023";1285.84;2051;"User_2051";"Bangalore";"Regular";437;"Restaurant_437";"Indian"
3640;"21-04-2023";491.3;2749;"User_2749";"Pune";"Regular";26;"Restaurant_26";"Chinese"
3641;"05-03-2023";1249.27;1258;"User_1258";"Pune";"Regular";58;"Restaurant_58";"Indian"
3642;"28-02-2023";282.07;2761;"User_2761";"Chennai";"Regular";66;"Restaurant_66";"Italian"
3643;"24-06-2023";159.12;378;"User_378";"Pune";"Gold";474;"Restaurant_474";"Mexican"
3644;"10-10-2023";1073.0;2652;"User_2652";"Pune";"Regular";443;"Restaurant_443";"Mexican"
3645;"21-11-2023";289.62;842;"User_842";"Pune";"Regular";480;"Restaurant_480";"Chinese"
3646;"20-04-2023";682.19;2322;"User_2322";"Pune";"Gold";237;"Restaurant_237";"Italian"
3647;"11-12-2023";225.57;576;"User_576";"Pune";"Gold";117;"Restaurant_117";"Indian"
3648;"20-12-2023";359.7;1118;"User_1118";"Pune";"Gold";418;"Restaurant_418";"Chinese"
3649;"16-08-2023";865.9;2423;"User_2423";"Pune";"Regular";361;"Restaurant_361";"Indian"
3650;"20-03-2023";784.13;1893;"User_1893";"Hyderabad";"Regular";288;"Restaurant_288";"Mexican"
3651;"25-07-2023";1010.31;1221;"User_1221";"Bangalore";"Regular";168;"Restaurant_168";"Indian"
3652;"25-11-2023";961.55;684;"User_684";"Hyderabad";"Gold";468;"Restaurant_468";"Chinese"
3653;"20-08-2023";516.45;720;"User_720";"Hyderabad";"Gold";273;"Restaurant_273";"Indian"
3654;"15-03-2023";504.8;2574;"User_2574";"Pune";"Gold";248;"Restaurant_248";"Italian"
3655;"01-05-2023";1204.37;1035;"User_1035";"Pune";"Gold";222;"Restaurant_222";"Italian"
3656;"28-11-2023";364.56;881;"User_881";"Hyderabad";"Regular";484;"Restaurant_484";"Mexican"
3657;"25-07-2023";1058.73;2530;"User_2530";"Bangalore";"Regular";256;"Restaurant_256";"Italian"
3658;"13-05-2023";1345.7;2474;"User_2474";"Chennai";"Gold";213;"Restaurant_213";"Indian"
3659;"12-05-2023";1036.3;2139;"User_2139";"Bangalore";"Gold";492;"Restaurant_492";"Italian"
3660;"24-12-2023";1399.61;2641;"User_2641";"Chennai";"Regular";252;"Restaurant_252";"Indian"
3661;"21-04-2023";1415.1;2266;"User_2266";"Pune";"Gold";416;"Restaurant_416";"Chinese"
3662;"22-05-2023";1044.08;882;"User_882";"Pune";"Gold";315;"Restaurant_315";"Mexican"
3663;"02-07-2023";973.85;166;"User_166";"Hyderabad";"Regular";425;"Restaurant_425";"Chinese"
3664;"09-03-2023";1241.34;1270;"User_1270";"Bangalore";"Regular";363;"Restaurant_363";"Italian"
3665;"29-08-2023";343.7;2396;"User_2396";"Chennai";"Gold";192;"Restaurant_192";"Italian"
3666;"03-04-2023";1188.82;22;"User_22";"Bangalore";"Regular";241;"Restaurant_241";"Chinese"
3667;"10-07-2023";133.97;2710;"User_2710";"Bangalore";"Gold";362;"Restaurant_362";"Indian"
3668;"12-03-2023";235.98;2135;"User_2135";"Chennai";"Gold";179;"Restaurant_179";"Italian"
3669;"01-01-2023";690.95;732;"User_732";"Bangalore";"Regular";166;"Restaurant_166";"Chinese"
3670;"25-11-2023";643.18;169;"User_169";"Bangalore";"Gold";292;"Restaurant_292";"Mexican"
3671;"19-04-2023";1363.62;1525;"User_1525";"Hyderabad";"Regular";105;"Restaurant_105";"Mexican"
3672;"02-12-2023";243.86;669;"User_669";"Chennai";"Gold";495;"Restaurant_495";"Italian"
3673;"21-11-2023";210.51;881;"User_881";"Hyderabad";"Regular";84;"Restaurant_84";"Chinese"
3674;"28-04-2023";651.55;48;"User_48";"Chennai";"Gold";412;"Restaurant_412";"Mexican"
3675;"04-08-2023";643.1;847;"User_847";"Pune";"Gold";326;"Restaurant_326";"Italian"
3676;"20-02-2023";1494.04;634;"User_634";"Hyderabad";"Regular";205;"Restaurant_205";"Italian"
3677;"28-02-2023";715.91;2159;"User_2159";"Bangalore";"Gold";193;"Restaurant_193";"Chinese"
3678;"23-02-2023";634.5;2052;"User_2052";"Pune";"Regular";164;"Restaurant_164";"Italian"
3679;"06-07-2023";457.31;1220;"User_1220";"Hyderabad";"Regular";483;"Restaurant_483";"Chinese"
3680;"17-02-2023";864.85;498;"User_498";"Pune";"Regular";483;"Restaurant_483";"Chinese"
3681;"30-04-2023";904.23;334;"User_334";"Chennai";"Gold";382;"Restaurant_382";"Mexican"
3682;"19-11-2023";649.81;483;"User_483";"Pune";"Gold";167;"Restaurant_167";"Italian"
3683;"20-12-2023";1249.98;1475;"User_1475";"Bangalore";"Gold";336;"Restaurant_336";"Mexican"
3684;"16-12-2023";163.89;1482;"User_1482";"Bangalore";"Regular";441;"Restaurant_441";"Indian"
3685;"15-01-2023";1358.0;2525;"User_2525";"Chennai";"Regular";48;"Restaurant_48";"Mexican"
3686;"08-07-2023";1461.84;1536;"User_1536";"Hyderabad";"Gold";250;"Restaurant_250";"Mexican"
3687;"22-07-2023";654.76;2150;"User_2150";"Pune";"Gold";192;"Restaurant_192";"Italian"
3688;"24-02-2023";1489.38;1641;"User_1641";"Chennai";"Gold";59;"Restaurant_59";"Chinese"
3689;"31-08-2023";518.99;1906;"User_1906";"Bangalore";"Gold";153;"Restaurant_153";"Italian"
3690;"17-06-2023";648.55;794;"User_794";"Bangalore";"Regular";350;"Restaurant_350";"Mexican"
3691;"11-08-2023";717.86;1637;"User_1637";"Hyderabad";"Gold";432;"Restaurant_432";"Mexican"
3692;"13-08-2023";581.37;1279;"User_1279";"Bangalore";"Regular";401;"Restaurant_401";"Indian"
3693;"24-06-2023";1315.91;609;"User_609";"Bangalore";"Gold";376;"Restaurant_376";"Indian"
3694;"15-10-2023";953.27;30;"User_30";"Bangalore";"Gold";199;"Restaurant_199";"Italian"
3695;"03-06-2023";515.42;103;"User_103";"Hyderabad";"Regular";382;"Restaurant_382";"Mexican"
3696;"24-04-2023";1144.89;1761;"User_1761";"Bangalore";"Gold";346;"Restaurant_346";"Indian"
3697;"28-08-2023";441.81;2545;"User_2545";"Hyderabad";"Gold";488;"Restaurant_488";"Chinese"
3698;"13-11-2023";1444.92;7;"User_7";"Chennai";"Gold";466;"Restaurant_466";"Italian"
3699;"10-09-2023";1209.41;2838;"User_2838";"Hyderabad";"Gold";265;"Restaurant_265";"Chinese"
3700;"20-05-2023";433.3;946;"User_946";"Hyderabad";"Regular";306;"Restaurant_306";"Chinese"
3701;"28-03-2023";129.17;464;"User_464";"Chennai";"Regular";289;"Restaurant_289";"Italian"
3702;"14-06-2023";1126.31;2146;"User_2146";"Chennai";"Gold";252;"Restaurant_252";"Indian"
3703;"08-07-2023";1026.49;954;"User_954";"Chennai";"Gold";59;"Restaurant_59";"Chinese"
3704;"11-04-2023";1487.96;558;"User_558";"Hyderabad";"Regular";132;"Restaurant_132";"Indian"
3705;"18-12-2023";1129.06;1286;"User_1286";"Pune";"Gold";375;"Restaurant_375";"Chinese"
3706;"07-03-2023";1096.95;2968;"User_2968";"Chennai";"Regular";307;"Restaurant_307";"Mexican"
3707;"13-02-2023";1117.01;415;"User_415";"Pune";"Gold";22;"Restaurant_22";"Chinese"
3708;"11-11-2023";754.69;1728;"User_1728";"Bangalore";"Gold";390;"Restaurant_390";"Mexican"
3709;"07-05-2023";855.76;2997;"User_2997";"Hyderabad";"Regular";165;"Restaurant_165";"Mexican"
3710;"07-07-2023";613.68;1333;"User_1333";"Bangalore";"Gold";291;"Restaurant_291";"Mexican"
3711;"05-11-2023";395.13;589;"User_589";"Pune";"Gold";157;"Restaurant_157";"Italian"
3712;"27-04-2023";247.75;1170;"User_1170";"Chennai";"Regular";409;"Restaurant_409";"Mexican"
3713;"13-08-2023";1432.5;1066;"User_1066";"Bangalore";"Regular";472;"Restaurant_472";"Chinese"
3714;"17-10-2023";501.72;1602;"User_1602";"Hyderabad";"Gold";311;"Restaurant_311";"Italian"
3715;"20-11-2023";406.0;2423;"User_2423";"Pune";"Regular";399;"Restaurant_399";"Chinese"
3716;"20-02-2023";703.83;2991;"User_2991";"Pune";"Gold";173;"Restaurant_173";"Chinese"
3717;"27-10-2023";1295.29;978;"User_978";"Pune";"Regular";353;"Restaurant_353";"Indian"
3718;"27-09-2023";1124.6;481;"User_481";"Pune";"Gold";456;"Restaurant_456";"Chinese"
3719;"14-06-2023";1327.42;706;"User_706";"Bangalore";"Gold";152;"Restaurant_152";"Indian"
3720;"12-03-2023";1092.88;2232;"User_2232";"Pune";"Gold";447;"Restaurant_447";"Chinese"
3721;"11-03-2023";957.84;1969;"User_1969";"Bangalore";"Regular";407;"Restaurant_407";"Mexican"
3722;"21-12-2023";114.09;2384;"User_2384";"Pune";"Regular";24;"Restaurant_24";"Mexican"
3723;"05-11-2023";233.95;1319;"User_1319";"Hyderabad";"Gold";3;"Restaurant_3";"Mexican"
3724;"03-02-2023";949.29;1378;"User_1378";"Pune";"Regular";118;"Restaurant_118";"Mexican"
3725;"13-04-2023";130.9;2724;"User_2724";"Chennai";"Gold";438;"Restaurant_438";"Italian"
3726;"06-07-2023";203.79;1999;"User_1999";"Pune";"Gold";405;"Restaurant_405";"Indian"
3727;"25-09-2023";892.6;450;"User_450";"Bangalore";"Regular";342;"Restaurant_342";"Mexican"
3728;"23-09-2023";229.92;1108;"User_1108";"Pune";"Gold";154;"Restaurant_154";"Chinese"
3729;"19-11-2023";807.42;2372;"User_2372";"Chennai";"Gold";168;"Restaurant_168";"Indian"
3730;"13-06-2023";319.09;890;"User_890";"Chennai";"Gold";479;"Restaurant_479";"Indian"
3731;"20-02-2023";685.52;1589;"User_1589";"Pune";"Gold";236;"Restaurant_236";"Italian"
3732;"20-11-2023";963.87;1443;"User_1443";"Bangalore";"Regular";40;"Restaurant_40";"Indian"
3733;"04-08-2023";914.13;2308;"User_2308";"Chennai";"Regular";249;"Restaurant_249";"Italian"
3734;"22-02-2023";942.55;2181;"User_2181";"Hyderabad";"Regular";247;"Restaurant_247";"Mexican"
3735;"02-06-2023";1009.59;2449;"User_2449";"Pune";"Gold";152;"Restaurant_152";"Indian"
3736;"28-02-2023";1253.43;1415;"User_1415";"Bangalore";"Regular";475;"Restaurant_475";"Italian"
3737;"11-10-2023";1121.02;1228;"User_1228";"Bangalore";"Regular";487;"Restaurant_487";"Chinese"
3738;"21-09-2023";396.37;190;"User_190";"Bangalore";"Gold";215;"Restaurant_215";"Mexican"
3739;"21-07-2023";823.39;1970;"User_1970";"Bangalore";"Regular";69;"Restaurant_69";"Chinese"
3740;"24-06-2023";1291.24;1312;"User_1312";"Hyderabad";"Regular";67;"Restaurant_67";"Mexican"
3741;"13-06-2023";268.23;2398;"User_2398";"Bangalore";"Gold";363;"Restaurant_363";"Italian"
3742;"27-07-2023";1229.06;2587;"User_2587";"Bangalore";"Gold";490;"Restaurant_490";"Italian"
3743;"14-02-2023";1186.44;1837;"User_1837";"Pune";"Gold";298;"Restaurant_298";"Mexican"
3744;"15-08-2023";1266.58;2211;"User_2211";"Pune";"Regular";207;"Restaurant_207";"Italian"
3745;"05-03-2023";164.83;576;"User_576";"Pune";"Gold";271;"Restaurant_271";"Chinese"
3746;"25-10-2023";1468.7;2344;"User_2344";"Hyderabad";"Regular";393;"Restaurant_393";"Italian"
3747;"06-09-2023";445.35;2220;"User_2220";"Bangalore";"Regular";257;"Restaurant_257";"Italian"
3748;"29-09-2023";1291.21;2502;"User_2502";"Bangalore";"Regular";205;"Restaurant_205";"Italian"
3749;"28-09-2023";1180.78;1337;"User_1337";"Bangalore";"Regular";339;"Restaurant_339";"Indian"
3750;"14-01-2023";235.03;1752;"User_1752";"Pune";"Regular";323;"Restaurant_323";"Mexican"
3751;"06-08-2023";560.57;1742;"User_1742";"Hyderabad";"Gold";328;"Restaurant_328";"Mexican"
3752;"26-03-2023";1330.67;953;"User_953";"Bangalore";"Gold";74;"Restaurant_74";"Chinese"
3753;"08-06-2023";727.48;2725;"User_2725";"Bangalore";"Gold";277;"Restaurant_277";"Mexican"
3754;"16-02-2023";876.77;1824;"User_1824";"Bangalore";"Regular";323;"Restaurant_323";"Mexican"
3755;"01-03-2023";998.39;877;"User_877";"Pune";"Gold";486;"Restaurant_486";"Italian"
3756;"15-08-2023";577.58;975;"User_975";"Pune";"Regular";58;"Restaurant_58";"Indian"
3757;"05-07-2023";664.25;737;"User_737";"Bangalore";"Gold";215;"Restaurant_215";"Mexican"
3758;"01-10-2023";1201.63;1649;"User_1649";"Chennai";"Gold";57;"Restaurant_57";"Mexican"
3759;"06-06-2023";931.56;269;"User_269";"Bangalore";"Gold";268;"Restaurant_268";"Indian"
3760;"03-01-2023";156.48;2457;"User_2457";"Chennai";"Gold";45;"Restaurant_45";"Mexican"
3761;"06-02-2023";1128.5;1675;"User_1675";"Hyderabad";"Regular";86;"Restaurant_86";"Indian"
3762;"17-07-2023";853.92;2160;"User_2160";"Chennai";"Regular";247;"Restaurant_247";"Mexican"
3763;"17-02-2023";1129.06;2335;"User_2335";"Hyderabad";"Gold";25;"Restaurant_25";"Chinese"
3764;"14-01-2023";1033.94;514;"User_514";"Bangalore";"Gold";437;"Restaurant_437";"Indian"
3765;"26-06-2023";1311.69;752;"User_752";"Hyderabad";"Gold";221;"Restaurant_221";"Chinese"
3766;"20-04-2023";1458.21;2529;"User_2529";"Bangalore";"Regular";358;"Restaurant_358";"Indian"
3767;"31-03-2023";256.19;353;"User_353";"Chennai";"Regular";497;"Restaurant_497";"Mexican"
3768;"12-11-2023";159.95;2135;"User_2135";"Chennai";"Gold";269;"Restaurant_269";"Indian"
3769;"20-12-2023";1394.82;500;"User_500";"Chennai";"Regular";201;"Restaurant_201";"Mexican"
3770;"26-12-2023";173.51;2438;"User_2438";"Pune";"Gold";303;"Restaurant_303";"Mexican"
3771;"19-02-2023";137.95;2237;"User_2237";"Chennai";"Gold";333;"Restaurant_333";"Chinese"
3772;"22-05-2023";481.58;479;"User_479";"Chennai";"Regular";371;"Restaurant_371";"Chinese"
3773;"09-11-2023";432.63;1607;"User_1607";"Bangalore";"Regular";292;"Restaurant_292";"Mexican"
3774;"23-11-2023";554.71;41;"User_41";"Bangalore";"Regular";305;"Restaurant_305";"Indian"
3775;"25-01-2023";1043.73;121;"User_121";"Pune";"Regular";98;"Restaurant_98";"Indian"
3776;"08-09-2023";331.15;2768;"User_2768";"Chennai";"Regular";235;"Restaurant_235";"Italian"
3777;"21-10-2023";338.7;2715;"User_2715";"Bangalore";"Gold";394;"Restaurant_394";"Mexican"
3778;"08-07-2023";180.18;1883;"User_1883";"Chennai";"Gold";114;"Restaurant_114";"Indian"
3779;"06-04-2023";1227.7;2502;"User_2502";"Bangalore";"Regular";365;"Restaurant_365";"Italian"
3780;"23-03-2023";259.31;2656;"User_2656";"Bangalore";"Gold";83;"Restaurant_83";"Chinese"
3781;"17-03-2023";761.22;972;"User_972";"Hyderabad";"Regular";254;"Restaurant_254";"Indian"
3782;"07-06-2023";1376.22;2489;"User_2489";"Hyderabad";"Regular";219;"Restaurant_219";"Mexican"
3783;"12-02-2023";1365.77;1149;"User_1149";"Chennai";"Gold";190;"Restaurant_190";"Chinese"
3784;"30-08-2023";331.75;725;"User_725";"Bangalore";"Gold";271;"Restaurant_271";"Chinese"
3785;"22-08-2023";1351.55;923;"User_923";"Chennai";"Gold";399;"Restaurant_399";"Chinese"
3786;"07-11-2023";1002.47;2715;"User_2715";"Bangalore";"Gold";172;"Restaurant_172";"Italian"
3787;"23-09-2023";601.02;1616;"User_1616";"Hyderabad";"Gold";391;"Restaurant_391";"Indian"
3788;"13-10-2023";1377.38;1821;"User_1821";"Hyderabad";"Regular";445;"Restaurant_445";"Indian"
3789;"27-06-2023";288.14;1778;"User_1778";"Pune";"Gold";207;"Restaurant_207";"Italian"
3790;"12-11-2023";1211.03;125;"User_125";"Bangalore";"Regular";308;"Restaurant_308";"Italian"
3791;"03-10-2023";196.56;36;"User_36";"Bangalore";"Gold";487;"Restaurant_487";"Chinese"
3792;"06-02-2023";126.35;816;"User_816";"Chennai";"Regular";206;"Restaurant_206";"Mexican"
3793;"05-11-2023";979.62;76;"User_76";"Pune";"Regular";443;"Restaurant_443";"Mexican"
3794;"01-05-2023";1463.84;2238;"User_2238";"Chennai";"Gold";300;"Restaurant_300";"Italian"
3795;"25-06-2023";768.57;1492;"User_1492";"Bangalore";"Regular";434;"Restaurant_434";"Italian"
3796;"26-03-2023";542.45;2132;"User_2132";"Bangalore";"Gold";218;"Restaurant_218";"Indian"
3797;"05-05-2023";348.86;789;"User_789";"Pune";"Regular";99;"Restaurant_99";"Italian"
3798;"18-03-2023";1114.31;701;"User_701";"Hyderabad";"Regular";74;"Restaurant_74";"Chinese"
3799;"12-07-2023";928.07;150;"User_150";"Chennai";"Regular";352;"Restaurant_352";"Italian"
3800;"14-07-2023";454.75;1262;"User_1262";"Pune";"Gold";130;"Restaurant_130";"Indian"
3801;"12-01-2023";739.77;1895;"User_1895";"Chennai";"Regular";48;"Restaurant_48";"Mexican"
3802;"12-12-2023";345.76;2917;"User_2917";"Bangalore";"Gold";385;"Restaurant_385";"Chinese"
3803;"24-12-2023";873.89;1455;"User_1455";"Hyderabad";"Gold";247;"Restaurant_247";"Mexican"
3804;"11-04-2023";1126.69;814;"User_814";"Hyderabad";"Regular";337;"Restaurant_337";"Mexican"
3805;"18-11-2023";761.1;693;"User_693";"Bangalore";"Regular";69;"Restaurant_69";"Chinese"
3806;"13-08-2023";690.3;88;"User_88";"Pune";"Gold";55;"Restaurant_55";"Indian"
3807;"30-08-2023";144.29;1020;"User_1020";"Hyderabad";"Regular";224;"Restaurant_224";"Chinese"
3808;"08-07-2023";781.17;1317;"User_1317";"Pune";"Regular";231;"Restaurant_231";"Indian"
3809;"01-02-2023";156.86;2104;"User_2104";"Bangalore";"Gold";320;"Restaurant_320";"Italian"
3810;"12-08-2023";736.68;1818;"User_1818";"Chennai";"Gold";92;"Restaurant_92";"Mexican"
3811;"05-03-2023";1451.05;2915;"User_2915";"Chennai";"Gold";204;"Restaurant_204";"Mexican"
3812;"05-03-2023";514.77;1055;"User_1055";"Bangalore";"Regular";335;"Restaurant_335";"Italian"
3813;"12-04-2023";1344.36;663;"User_663";"Hyderabad";"Regular";191;"Restaurant_191";"Indian"
3814;"19-06-2023";1494.34;1513;"User_1513";"Pune";"Gold";189;"Restaurant_189";"Indian"
3815;"17-11-2023";452.82;2295;"User_2295";"Bangalore";"Regular";142;"Restaurant_142";"Indian"
3816;"11-09-2023";179.55;487;"User_487";"Hyderabad";"Regular";379;"Restaurant_379";"Mexican"
3817;"25-06-2023";951.24;2640;"User_2640";"Bangalore";"Gold";425;"Restaurant_425";"Chinese"
3818;"04-12-2023";100.43;43;"User_43";"Bangalore";"Regular";427;"Restaurant_427";"Indian"
3819;"08-03-2023";202.45;2434;"User_2434";"Hyderabad";"Regular";241;"Restaurant_241";"Chinese"
3820;"18-07-2023";1422.85;1699;"User_1699";"Chennai";"Regular";437;"Restaurant_437";"Indian"
3821;"12-05-2023";1400.62;972;"User_972";"Hyderabad";"Regular";388;"Restaurant_388";"Indian"
3822;"02-10-2023";319.61;865;"User_865";"Bangalore";"Regular";487;"Restaurant_487";"Chinese"
3823;"05-10-2023";182.49;934;"User_934";"Bangalore";"Regular";201;"Restaurant_201";"Mexican"
3824;"26-12-2023";822.55;197;"User_197";"Hyderabad";"Gold";467;"Restaurant_467";"Italian"
3825;"12-08-2023";501.43;324;"User_324";"Bangalore";"Regular";436;"Restaurant_436";"Mexican"
3826;"30-07-2023";153.42;12;"User_12";"Pune";"Regular";421;"Restaurant_421";"Indian"
3827;"07-11-2023";1223.23;1182;"User_1182";"Hyderabad";"Regular";383;"Restaurant_383";"Indian"
3828;"26-09-2023";1388.01;377;"User_377";"Bangalore";"Gold";224;"Restaurant_224";"Chinese"
3829;"21-09-2023";614.65;2438;"User_2438";"Pune";"Gold";23;"Restaurant_23";"Chinese"
3830;"12-07-2023";1374.57;975;"User_975";"Pune";"Regular";229;"Restaurant_229";"Italian"
3831;"18-08-2023";1289.25;2030;"User_2030";"Chennai";"Gold";387;"Restaurant_387";"Mexican"
3832;"07-02-2023";138.23;2747;"User_2747";"Chennai";"Regular";486;"Restaurant_486";"Italian"
3833;"21-01-2023";709.39;424;"User_424";"Bangalore";"Gold";312;"Restaurant_312";"Chinese"
3834;"02-07-2023";678.54;207;"User_207";"Bangalore";"Gold";311;"Restaurant_311";"Italian"
3835;"04-09-2023";1369.14;1262;"User_1262";"Pune";"Gold";52;"Restaurant_52";"Mexican"
3836;"08-07-2023";467.39;214;"User_214";"Bangalore";"Regular";362;"Restaurant_362";"Indian"
3837;"23-07-2023";669.38;319;"User_319";"Bangalore";"Gold";472;"Restaurant_472";"Chinese"
3838;"25-12-2023";1380.63;2795;"User_2795";"Pune";"Regular";57;"Restaurant_57";"Mexican"
3839;"18-09-2023";765.15;2774;"User_2774";"Bangalore";"Gold";127;"Restaurant_127";"Chinese"
3840;"26-04-2023";1342.37;1275;"User_1275";"Chennai";"Gold";208;"Restaurant_208";"Mexican"
3841;"23-01-2023";613.48;769;"User_769";"Hyderabad";"Regular";293;"Restaurant_293";"Italian"
3842;"04-04-2023";1378.58;2434;"User_2434";"Hyderabad";"Regular";121;"Restaurant_121";"Indian"
3843;"16-06-2023";130.97;122;"User_122";"Pune";"Gold";70;"Restaurant_70";"Chinese"
3844;"09-06-2023";815.72;320;"User_320";"Hyderabad";"Gold";385;"Restaurant_385";"Chinese"
3845;"11-12-2023";407.42;789;"User_789";"Pune";"Regular";444;"Restaurant_444";"Chinese"
3846;"16-07-2023";1367.9;1082;"User_1082";"Hyderabad";"Regular";288;"Restaurant_288";"Mexican"
3847;"08-10-2023";520.06;2852;"User_2852";"Pune";"Regular";143;"Restaurant_143";"Chinese"
3848;"05-03-2023";814.97;2015;"User_2015";"Chennai";"Gold";350;"Restaurant_350";"Mexican"
3849;"04-08-2023";752.65;2215;"User_2215";"Pune";"Gold";469;"Restaurant_469";"Italian"
3850;"20-01-2023";622.51;230;"User_230";"Pune";"Gold";500;"Restaurant_500";"Chinese"
3851;"20-05-2023";303.16;383;"User_383";"Hyderabad";"Regular";142;"Restaurant_142";"Indian"
3852;"01-10-2023";687.78;2591;"User_2591";"Pune";"Regular";484;"Restaurant_484";"Mexican"
3853;"29-05-2023";905.94;2235;"User_2235";"Chennai";"Gold";424;"Restaurant_424";"Indian"
3854;"28-02-2023";235.09;1889;"User_1889";"Pune";"Regular";347;"Restaurant_347";"Chinese"
3855;"16-06-2023";712.13;2465;"User_2465";"Hyderabad";"Gold";25;"Restaurant_25";"Chinese"
3856;"02-03-2023";780.16;2391;"User_2391";"Hyderabad";"Regular";146;"Restaurant_146";"Indian"
3857;"30-08-2023";851.29;1972;"User_1972";"Bangalore";"Gold";474;"Restaurant_474";"Mexican"
3858;"06-09-2023";424.48;539;"User_539";"Chennai";"Gold";144;"Restaurant_144";"Chinese"
3859;"07-03-2023";181.37;1651;"User_1651";"Chennai";"Gold";316;"Restaurant_316";"Chinese"
3860;"01-07-2023";1289.89;1770;"User_1770";"Chennai";"Gold";371;"Restaurant_371";"Chinese"
3861;"20-08-2023";959.15;2598;"User_2598";"Hyderabad";"Regular";346;"Restaurant_346";"Indian"
3862;"19-04-2023";1484.13;307;"User_307";"Bangalore";"Regular";220;"Restaurant_220";"Mexican"
3863;"23-06-2023";1417.22;1897;"User_1897";"Chennai";"Gold";305;"Restaurant_305";"Indian"
3864;"10-03-2023";1310.54;1583;"User_1583";"Hyderabad";"Gold";324;"Restaurant_324";"Mexican"
3865;"22-04-2023";739.75;2813;"User_2813";"Chennai";"Gold";88;"Restaurant_88";"Indian"
3866;"19-04-2023";761.03;2946;"User_2946";"Chennai";"Gold";33;"Restaurant_33";"Italian"
3867;"01-02-2023";446.21;85;"User_85";"Pune";"Gold";186;"Restaurant_186";"Indian"
3868;"11-03-2023";815.5;2588;"User_2588";"Hyderabad";"Regular";331;"Restaurant_331";"Mexican"
3869;"29-05-2023";621.98;2723;"User_2723";"Chennai";"Regular";388;"Restaurant_388";"Indian"
3870;"18-07-2023";421.65;344;"User_344";"Chennai";"Gold";43;"Restaurant_43";"Chinese"
3871;"07-10-2023";652.94;2736;"User_2736";"Chennai";"Gold";162;"Restaurant_162";"Italian"
3872;"14-08-2023";533.43;1079;"User_1079";"Bangalore";"Gold";337;"Restaurant_337";"Mexican"
3873;"21-08-2023";966.21;150;"User_150";"Chennai";"Regular";129;"Restaurant_129";"Indian"
3874;"26-03-2023";544.76;2417;"User_2417";"Chennai";"Regular";417;"Restaurant_417";"Mexican"
3875;"05-11-2023";900.16;2068;"User_2068";"Bangalore";"Regular";470;"Restaurant_470";"Italian"
3876;"07-11-2023";381.77;956;"User_956";"Chennai";"Gold";146;"Restaurant_146";"Indian"
3877;"12-04-2023";307.15;462;"User_462";"Chennai";"Gold";132;"Restaurant_132";"Indian"
3878;"26-08-2023";1476.75;1552;"User_1552";"Hyderabad";"Gold";418;"Restaurant_418";"Chinese"
3879;"18-01-2023";571.63;1293;"User_1293";"Hyderabad";"Gold";371;"Restaurant_371";"Chinese"
3880;"02-11-2023";1159.19;2440;"User_2440";"Pune";"Regular";391;"Restaurant_391";"Indian"
3881;"24-08-2023";1217.13;179;"User_179";"Bangalore";"Regular";32;"Restaurant_32";"Italian"
3882;"07-10-2023";1324.32;1213;"User_1213";"Pune";"Regular";157;"Restaurant_157";"Italian"
3883;"06-09-2023";1355.92;272;"User_272";"Pune";"Regular";212;"Restaurant_212";"Indian"
3884;"18-03-2023";241.57;2460;"User_2460";"Pune";"Gold";25;"Restaurant_25";"Chinese"
3885;"03-09-2023";156.98;1796;"User_1796";"Chennai";"Regular";86;"Restaurant_86";"Indian"
3886;"03-05-2023";1402.3;759;"User_759";"Chennai";"Regular";235;"Restaurant_235";"Italian"
3887;"20-03-2023";1243.63;2355;"User_2355";"Pune";"Regular";41;"Restaurant_41";"Mexican"
3888;"22-04-2023";1351.09;2355;"User_2355";"Pune";"Regular";239;"Restaurant_239";"Indian"
3889;"23-11-2023";610.52;566;"User_566";"Chennai";"Regular";152;"Restaurant_152";"Indian"
3890;"30-11-2023";891.0;2618;"User_2618";"Chennai";"Gold";149;"Restaurant_149";"Mexican"
3891;"09-02-2023";717.3;308;"User_308";"Bangalore";"Regular";31;"Restaurant_31";"Mexican"
3892;"22-02-2023";554.42;1963;"User_1963";"Pune";"Gold";426;"Restaurant_426";"Chinese"
3893;"31-08-2023";1405.72;709;"User_709";"Hyderabad";"Regular";51;"Restaurant_51";"Italian"
3894;"03-08-2023";773.21;2356;"User_2356";"Hyderabad";"Regular";163;"Restaurant_163";"Italian"
3895;"19-08-2023";420.14;2141;"User_2141";"Bangalore";"Gold";196;"Restaurant_196";"Italian"
3896;"02-11-2023";1325.31;2623;"User_2623";"Pune";"Gold";132;"Restaurant_132";"Indian"
3897;"26-07-2023";187.39;733;"User_733";"Chennai";"Gold";360;"Restaurant_360";"Indian"
3898;"19-11-2023";1230.25;880;"User_880";"Pune";"Regular";386;"Restaurant_386";"Italian"
3899;"01-04-2023";883.97;1450;"User_1450";"Pune";"Gold";344;"Restaurant_344";"Indian"
3900;"03-03-2023";460.51;2458;"User_2458";"Bangalore";"Gold";373;"Restaurant_373";"Indian"
3901;"26-03-2023";587.41;611;"User_611";"Pune";"Gold";119;"Restaurant_119";"Chinese"
3902;"11-08-2023";921.36;2326;"User_2326";"Hyderabad";"Gold";256;"Restaurant_256";"Italian"
3903;"15-11-2023";367.3;1331;"User_1331";"Hyderabad";"Gold";244;"Restaurant_244";"Italian"
3904;"19-06-2023";1321.58;297;"User_297";"Bangalore";"Regular";56;"Restaurant_56";"Italian"
3905;"03-09-2023";721.27;184;"User_184";"Chennai";"Regular";243;"Restaurant_243";"Chinese"
3906;"22-03-2023";234.02;602;"User_602";"Pune";"Regular";310;"Restaurant_310";"Indian"
3907;"26-06-2023";245.3;2338;"User_2338";"Pune";"Regular";1;"Restaurant_1";"Chinese"
3908;"06-10-2023";620.96;2119;"User_2119";"Bangalore";"Regular";482;"Restaurant_482";"Chinese"
3909;"12-01-2023";1482.28;839;"User_839";"Chennai";"Gold";322;"Restaurant_322";"Italian"
3910;"26-12-2023";648.1;1230;"User_1230";"Chennai";"Gold";281;"Restaurant_281";"Italian"
3911;"27-06-2023";1460.17;1426;"User_1426";"Bangalore";"Regular";100;"Restaurant_100";"Indian"
3912;"05-08-2023";660.4;2938;"User_2938";"Bangalore";"Regular";485;"Restaurant_485";"Mexican"
3913;"28-01-2023";356.0;1567;"User_1567";"Hyderabad";"Regular";295;"Restaurant_295";"Chinese"
3914;"01-07-2023";1238.06;1959;"User_1959";"Chennai";"Gold";411;"Restaurant_411";"Indian"
3915;"26-10-2023";1016.8;496;"User_496";"Chennai";"Regular";185;"Restaurant_185";"Mexican"
3916;"04-12-2023";1286.51;2619;"User_2619";"Bangalore";"Regular";431;"Restaurant_431";"Mexican"
3917;"15-02-2023";969.66;817;"User_817";"Hyderabad";"Regular";417;"Restaurant_417";"Mexican"
3918;"07-09-2023";604.38;65;"User_65";"Pune";"Regular";200;"Restaurant_200";"Chinese"
3919;"09-05-2023";304.41;483;"User_483";"Pune";"Gold";377;"Restaurant_377";"Mexican"
3920;"17-09-2023";944.23;1755;"User_1755";"Hyderabad";"Regular";257;"Restaurant_257";"Italian"
3921;"15-01-2023";872.57;2858;"User_2858";"Hyderabad";"Regular";240;"Restaurant_240";"Indian"
3922;"12-11-2023";832.48;1697;"User_1697";"Bangalore";"Regular";92;"Restaurant_92";"Mexican"
3923;"03-09-2023";755.96;1424;"User_1424";"Pune";"Gold";287;"Restaurant_287";"Chinese"
3924;"20-02-2023";1409.92;956;"User_956";"Chennai";"Gold";484;"Restaurant_484";"Mexican"
3925;"04-05-2023";1248.18;478;"User_478";"Pune";"Regular";7;"Restaurant_7";"Italian"
3926;"20-01-2023";843.91;768;"User_768";"Chennai";"Gold";155;"Restaurant_155";"Mexican"
3927;"01-02-2023";912.95;1238;"User_1238";"Chennai";"Regular";209;"Restaurant_209";"Indian"
3928;"12-07-2023";1325.85;495;"User_495";"Pune";"Gold";155;"Restaurant_155";"Mexican"
3929;"10-11-2023";1055.34;1463;"User_1463";"Chennai";"Gold";173;"Restaurant_173";"Chinese"
3930;"28-01-2023";224.31;2596;"User_2596";"Pune";"Regular";66;"Restaurant_66";"Italian"
3931;"06-04-2023";1472.51;2329;"User_2329";"Pune";"Regular";19;"Restaurant_19";"Indian"
3932;"20-03-2023";1494.85;1315;"User_1315";"Hyderabad";"Gold";317;"Restaurant_317";"Mexican"
3933;"22-02-2023";628.93;1199;"User_1199";"Pune";"Gold";492;"Restaurant_492";"Italian"
3934;"28-02-2023";955.27;886;"User_886";"Bangalore";"Regular";169;"Restaurant_169";"Italian"
3935;"30-08-2023";1003.96;199;"User_199";"Pune";"Gold";281;"Restaurant_281";"Italian"
3936;"23-10-2023";222.24;54;"User_54";"Chennai";"Regular";232;"Restaurant_232";"Mexican"
3937;"14-03-2023";275.05;1055;"User_1055";"Bangalore";"Regular";13;"Restaurant_13";"Indian"
3938;"07-12-2023";199.37;1152;"User_1152";"Hyderabad";"Regular";386;"Restaurant_386";"Italian"
3939;"22-04-2023";1305.85;2517;"User_2517";"Pune";"Gold";240;"Restaurant_240";"Indian"
3940;"12-12-2023";1170.01;1464;"User_1464";"Bangalore";"Regular";136;"Restaurant_136";"Indian"
3941;"15-03-2023";1329.35;1308;"User_1308";"Bangalore";"Regular";55;"Restaurant_55";"Indian"
3942;"14-12-2023";322.33;2280;"User_2280";"Bangalore";"Regular";148;"Restaurant_148";"Italian"
3943;"04-12-2023";1477.23;1628;"User_1628";"Hyderabad";"Gold";355;"Restaurant_355";"Indian"
3944;"22-10-2023";1184.44;1611;"User_1611";"Pune";"Regular";404;"Restaurant_404";"Indian"
3945;"27-02-2023";384.37;1608;"User_1608";"Bangalore";"Gold";234;"Restaurant_234";"Chinese"
3946;"03-03-2023";444.59;371;"User_371";"Bangalore";"Regular";165;"Restaurant_165";"Mexican"
3947;"16-12-2023";289.21;1098;"User_1098";"Bangalore";"Regular";446;"Restaurant_446";"Indian"
3948;"28-11-2023";1411.01;2917;"User_2917";"Bangalore";"Gold";286;"Restaurant_286";"Italian"
3949;"04-10-2023";131.16;2651;"User_2651";"Pune";"Gold";192;"Restaurant_192";"Italian"
3950;"15-02-2023";1032.63;38;"User_38";"Chennai";"Gold";185;"Restaurant_185";"Mexican"
3951;"21-04-2023";293.84;2412;"User_2412";"Chennai";"Gold";397;"Restaurant_397";"Indian"
3952;"19-12-2023";180.09;855;"User_855";"Chennai";"Gold";464;"Restaurant_464";"Italian"
3953;"20-06-2023";1121.91;1179;"User_1179";"Bangalore";"Regular";450;"Restaurant_450";"Mexican"
3954;"22-11-2023";1372.66;2036;"User_2036";"Bangalore";"Regular";244;"Restaurant_244";"Italian"
3955;"15-11-2023";823.55;2538;"User_2538";"Hyderabad";"Gold";90;"Restaurant_90";"Italian"
3956;"16-05-2023";1008.66;2319;"User_2319";"Chennai";"Regular";74;"Restaurant_74";"Chinese"
3957;"25-04-2023";219.45;378;"User_378";"Pune";"Gold";422;"Restaurant_422";"Mexican"
3958;"29-01-2023";1002.57;1584;"User_1584";"Bangalore";"Regular";222;"Restaurant_222";"Italian"
3959;"26-02-2023";1201.71;1984;"User_1984";"Pune";"Gold";343;"Restaurant_343";"Mexican"
3960;"03-09-2023";1139.48;1380;"User_1380";"Hyderabad";"Regular";208;"Restaurant_208";"Mexican"
3961;"24-06-2023";629.44;730;"User_730";"Bangalore";"Regular";334;"Restaurant_334";"Indian"
3962;"23-08-2023";828.51;725;"User_725";"Bangalore";"Gold";475;"Restaurant_475";"Italian"
3963;"24-06-2023";1186.49;2903;"User_2903";"Bangalore";"Regular";431;"Restaurant_431";"Mexican"
3964;"05-08-2023";1210.95;2786;"User_2786";"Bangalore";"Regular";172;"Restaurant_172";"Italian"
3965;"03-05-2023";478.78;60;"User_60";"Chennai";"Gold";12;"Restaurant_12";"Mexican"
3966;"25-06-2023";746.23;1546;"User_1546";"Hyderabad";"Regular";44;"Restaurant_44";"Indian"
3967;"20-07-2023";1149.31;1571;"User_1571";"Pune";"Gold";10;"Restaurant_10";"Chinese"
3968;"14-03-2023";585.21;1814;"User_1814";"Chennai";"Regular";274;"Restaurant_274";"Mexican"
3969;"07-10-2023";1485.18;535;"User_535";"Pune";"Gold";234;"Restaurant_234";"Chinese"
3970;"25-05-2023";822.33;1965;"User_1965";"Hyderabad";"Gold";57;"Restaurant_57";"Mexican"
3971;"30-06-2023";276.95;278;"User_278";"Pune";"Gold";108;"Restaurant_108";"Chinese"
3972;"01-06-2023";135.38;2471;"User_2471";"Pune";"Gold";497;"Restaurant_497";"Mexican"
3973;"04-03-2023";1271.47;2595;"User_2595";"Bangalore";"Regular";350;"Restaurant_350";"Mexican"
3974;"16-01-2023";1404.78;1840;"User_1840";"Hyderabad";"Regular";339;"Restaurant_339";"Indian"
3975;"15-04-2023";1055.09;869;"User_869";"Chennai";"Regular";313;"Restaurant_313";"Indian"
3976;"27-10-2023";1240.73;1820;"User_1820";"Chennai";"Regular";448;"Restaurant_448";"Mexican"
3977;"05-11-2023";1484.24;1843;"User_1843";"Pune";"Regular";151;"Restaurant_151";"Chinese"
3978;"05-02-2023";403.94;2005;"User_2005";"Bangalore";"Gold";35;"Restaurant_35";"Chinese"
3979;"29-03-2023";407.85;3;"User_3";"Bangalore";"Gold";87;"Restaurant_87";"Mexican"
3980;"13-10-2023";828.43;1086;"User_1086";"Bangalore";"Gold";390;"Restaurant_390";"Mexican"
3981;"08-11-2023";885.37;1077;"User_1077";"Chennai";"Regular";469;"Restaurant_469";"Italian"
3982;"22-11-2023";428.89;1011;"User_1011";"Pune";"Regular";419;"Restaurant_419";"Chinese"
3983;"10-01-2023";948.79;1932;"User_1932";"Bangalore";"Regular";128;"Restaurant_128";"Indian"
3984;"02-06-2023";425.04;1279;"User_1279";"Bangalore";"Regular";133;"Restaurant_133";"Italian"
3985;"27-04-2023";116.39;94;"User_94";"Chennai";"Regular";235;"Restaurant_235";"Italian"
3986;"11-12-2023";1170.55;1443;"User_1443";"Bangalore";"Regular";297;"Restaurant_297";"Italian"
3987;"04-07-2023";418.08;825;"User_825";"Chennai";"Gold";227;"Restaurant_227";"Italian"
3988;"28-11-2023";1116.58;2061;"User_2061";"Chennai";"Gold";60;"Restaurant_60";"Mexican"
3989;"25-06-2023";1288.17;926;"User_926";"Pune";"Gold";407;"Restaurant_407";"Mexican"
3990;"17-08-2023";357.44;1697;"User_1697";"Bangalore";"Regular";302;"Restaurant_302";"Mexican"
3991;"02-06-2023";284.19;2828;"User_2828";"Pune";"Regular";207;"Restaurant_207";"Italian"
3992;"26-09-2023";218.85;2591;"User_2591";"Pune";"Regular";196;"Restaurant_196";"Italian"
3993;"23-04-2023";1463.86;1965;"User_1965";"Hyderabad";"Gold";309;"Restaurant_309";"Indian"
3994;"22-02-2023";328.25;754;"User_754";"Pune";"Regular";478;"Restaurant_478";"Chinese"
3995;"20-12-2023";695.04;607;"User_607";"Hyderabad";"Regular";114;"Restaurant_114";"Indian"
3996;"18-11-2023";113.82;407;"User_407";"Pune";"Gold";38;"Restaurant_38";"Italian"
3997;"25-06-2023";216.49;773;"User_773";"Pune";"Gold";448;"Restaurant_448";"Mexican"
3998;"31-05-2023";489.92;1727;"User_1727";"Bangalore";"Regular";281;"Restaurant_281";"Italian"
3999;"05-03-2023";1009.04;2629;"User_2629";"Bangalore";"Regular";330;"Restaurant_330";"Italian"
4000;"06-08-2023";839.49;295;"User_295";"Pune";"Regular";359;"Restaurant_359";"Mexican"
4001;"23-01-2023";332.78;777;"User_777";"Chennai";"Gold";363;"Restaurant_363";"Italian"
4002;"19-10-2023";437.6;1069;"User_1069";"Chennai";"Regular";197;"Restaurant_197";"Mexican"
4003;"02-06-2023";799.11;1411;"User_1411";"Chennai";"Regular";417;"Restaurant_417";"Mexican"
4004;"24-10-2023";111.0;1655;"User_1655";"Bangalore";"Gold";120;"Restaurant_120";"Italian"
4005;"07-04-2023";929.62;2970;"User_2970";"Chennai";"Regular";59;"Restaurant_59";"Chinese"
4006;"29-11-2023";816.06;2738;"User_2738";"Pune";"Gold";154;"Restaurant_154";"Chinese"
4007;"20-07-2023";831.12;473;"User_473";"Pune";"Regular";74;"Restaurant_74";"Chinese"
4008;"13-02-2023";1082.37;2137;"User_2137";"Pune";"Gold";294;"Restaurant_294";"Italian"
4009;"08-05-2023";1349.68;2772;"User_2772";"Bangalore";"Gold";158;"Restaurant_158";"Indian"
4010;"13-11-2023";1179.34;2514;"User_2514";"Pune";"Regular";325;"Restaurant_325";"Italian"
4011;"15-01-2023";397.11;1005;"User_1005";"Chennai";"Gold";153;"Restaurant_153";"Italian"
4012;"16-06-2023";960.71;6;"User_6";"Pune";"Gold";210;"Restaurant_210";"Indian"
4013;"29-06-2023";772.93;2572;"User_2572";"Bangalore";"Regular";465;"Restaurant_465";"Italian"
4014;"12-01-2023";484.6;573;"User_573";"Bangalore";"Gold";222;"Restaurant_222";"Italian"
4015;"25-01-2023";173.38;2795;"User_2795";"Pune";"Regular";165;"Restaurant_165";"Mexican"
4016;"27-01-2023";1311.7;2975;"User_2975";"Chennai";"Gold";361;"Restaurant_361";"Indian"
4017;"07-07-2023";616.59;243;"User_243";"Bangalore";"Regular";379;"Restaurant_379";"Mexican"
4018;"01-07-2023";843.36;930;"User_930";"Bangalore";"Regular";136;"Restaurant_136";"Indian"
4019;"22-09-2023";1389.77;2423;"User_2423";"Pune";"Regular";150;"Restaurant_150";"Indian"
4020;"22-06-2023";1105.72;111;"User_111";"Bangalore";"Regular";80;"Restaurant_80";"Italian"
4021;"18-12-2023";304.94;765;"User_765";"Hyderabad";"Gold";370;"Restaurant_370";"Chinese"
4022;"04-09-2023";645.19;1556;"User_1556";"Bangalore";"Regular";222;"Restaurant_222";"Italian"
4023;"06-08-2023";903.68;1346;"User_1346";"Pune";"Regular";305;"Restaurant_305";"Indian"
4024;"24-02-2023";859.39;105;"User_105";"Hyderabad";"Gold";457;"Restaurant_457";"Indian"
4025;"19-08-2023";651.63;154;"User_154";"Hyderabad";"Regular";231;"Restaurant_231";"Indian"
4026;"30-11-2023";514.5;896;"User_896";"Chennai";"Gold";404;"Restaurant_404";"Indian"
4027;"03-01-2023";888.63;1697;"User_1697";"Bangalore";"Regular";338;"Restaurant_338";"Mexican"
4028;"01-06-2023";1055.67;260;"User_260";"Bangalore";"Regular";237;"Restaurant_237";"Italian"
4029;"22-11-2023";265.08;1110;"User_1110";"Pune";"Gold";279;"Restaurant_279";"Italian"
4030;"19-05-2023";972.78;1131;"User_1131";"Bangalore";"Regular";127;"Restaurant_127";"Chinese"
4031;"18-05-2023";808.23;830;"User_830";"Hyderabad";"Gold";103;"Restaurant_103";"Mexican"
4032;"03-01-2023";1129.21;1890;"User_1890";"Chennai";"Gold";437;"Restaurant_437";"Indian"
4033;"28-11-2023";375.72;821;"User_821";"Chennai";"Gold";247;"Restaurant_247";"Mexican"
4034;"01-04-2023";585.88;145;"User_145";"Hyderabad";"Regular";284;"Restaurant_284";"Indian"
4035;"10-06-2023";1190.35;2328;"User_2328";"Bangalore";"Regular";242;"Restaurant_242";"Mexican"
4036;"12-05-2023";773.95;2674;"User_2674";"Hyderabad";"Gold";440;"Restaurant_440";"Mexican"
4037;"13-04-2023";1235.99;1913;"User_1913";"Pune";"Gold";339;"Restaurant_339";"Indian"
4038;"08-12-2023";842.71;549;"User_549";"Pune";"Gold";461;"Restaurant_461";"Italian"
4039;"22-02-2023";1131.55;535;"User_535";"Pune";"Gold";206;"Restaurant_206";"Mexican"
4040;"14-09-2023";179.66;798;"User_798";"Pune";"Regular";304;"Restaurant_304";"Italian"
4041;"08-01-2023";1089.72;493;"User_493";"Bangalore";"Gold";129;"Restaurant_129";"Indian"
4042;"18-05-2023";459.27;1349;"User_1349";"Chennai";"Regular";496;"Restaurant_496";"Indian"
4043;"02-02-2023";339.54;1408;"User_1408";"Chennai";"Regular";274;"Restaurant_274";"Mexican"
4044;"08-03-2023";948.04;1098;"User_1098";"Bangalore";"Regular";297;"Restaurant_297";"Italian"
4045;"03-04-2023";1291.13;2538;"User_2538";"Hyderabad";"Gold";81;"Restaurant_81";"Chinese"
4046;"31-05-2023";224.43;511;"User_511";"Chennai";"Regular";36;"Restaurant_36";"Italian"
4047;"31-07-2023";1457.48;1438;"User_1438";"Bangalore";"Gold";161;"Restaurant_161";"Mexican"
4048;"18-08-2023";856.72;1806;"User_1806";"Chennai";"Gold";406;"Restaurant_406";"Chinese"
4049;"16-06-2023";1447.6;1465;"User_1465";"Pune";"Regular";193;"Restaurant_193";"Chinese"
4050;"10-08-2023";1321.65;805;"User_805";"Pune";"Gold";251;"Restaurant_251";"Chinese"
4051;"02-07-2023";1312.13;646;"User_646";"Pune";"Gold";164;"Restaurant_164";"Italian"
4052;"23-12-2023";1429.65;2431;"User_2431";"Hyderabad";"Regular";200;"Restaurant_200";"Chinese"
4053;"17-09-2023";594.48;2791;"User_2791";"Hyderabad";"Gold";266;"Restaurant_266";"Italian"
4054;"25-12-2023";995.95;2117;"User_2117";"Bangalore";"Gold";411;"Restaurant_411";"Indian"
4055;"16-06-2023";835.74;2411;"User_2411";"Chennai";"Gold";192;"Restaurant_192";"Italian"
4056;"25-09-2023";1129.76;2674;"User_2674";"Hyderabad";"Gold";370;"Restaurant_370";"Chinese"
4057;"17-12-2023";399.7;778;"User_778";"Hyderabad";"Gold";474;"Restaurant_474";"Mexican"
4058;"21-05-2023";266.66;2597;"User_2597";"Pune";"Gold";186;"Restaurant_186";"Indian"
4059;"03-09-2023";230.95;810;"User_810";"Pune";"Regular";217;"Restaurant_217";"Indian"
4060;"05-12-2023";877.26;772;"User_772";"Bangalore";"Gold";291;"Restaurant_291";"Mexican"
4061;"01-08-2023";1172.56;1588;"User_1588";"Hyderabad";"Gold";410;"Restaurant_410";"Italian"
4062;"04-02-2023";477.07;2924;"User_2924";"Hyderabad";"Gold";238;"Restaurant_238";"Chinese"
4063;"26-06-2023";1355.57;919;"User_919";"Bangalore";"Gold";398;"Restaurant_398";"Indian"
4064;"22-03-2023";1372.32;2347;"User_2347";"Hyderabad";"Regular";391;"Restaurant_391";"Indian"
4065;"19-10-2023";568.39;860;"User_860";"Pune";"Regular";144;"Restaurant_144";"Chinese"
4066;"22-09-2023";1495.58;1897;"User_1897";"Chennai";"Gold";91;"Restaurant_91";"Italian"
4067;"14-10-2023";1023.6;1422;"User_1422";"Bangalore";"Gold";490;"Restaurant_490";"Italian"
4068;"07-07-2023";1071.75;1600;"User_1600";"Chennai";"Regular";421;"Restaurant_421";"Indian"
4069;"21-08-2023";269.78;2967;"User_2967";"Bangalore";"Regular";132;"Restaurant_132";"Indian"
4070;"17-09-2023";282.95;1304;"User_1304";"Pune";"Gold";106;"Restaurant_106";"Indian"
4071;"04-12-2023";100.31;1683;"User_1683";"Chennai";"Gold";60;"Restaurant_60";"Mexican"
4072;"03-08-2023";596.19;853;"User_853";"Chennai";"Regular";275;"Restaurant_275";"Italian"
4073;"11-02-2023";1121.1;55;"User_55";"Bangalore";"Regular";59;"Restaurant_59";"Chinese"
4074;"16-03-2023";1065.55;255;"User_255";"Chennai";"Gold";20;"Restaurant_20";"Indian"
4075;"15-06-2023";357.03;1497;"User_1497";"Bangalore";"Regular";177;"Restaurant_177";"Indian"
4076;"01-11-2023";1028.86;2445;"User_2445";"Chennai";"Gold";349;"Restaurant_349";"Indian"
4077;"11-01-2023";275.48;159;"User_159";"Chennai";"Gold";435;"Restaurant_435";"Italian"
4078;"14-12-2023";1346.29;927;"User_927";"Chennai";"Regular";210;"Restaurant_210";"Indian"
4079;"01-09-2023";848.46;33;"User_33";"Hyderabad";"Regular";201;"Restaurant_201";"Mexican"
4080;"28-05-2023";620.88;974;"User_974";"Bangalore";"Regular";271;"Restaurant_271";"Chinese"
4081;"29-03-2023";1034.48;766;"User_766";"Chennai";"Gold";78;"Restaurant_78";"Indian"
4082;"17-01-2023";468.55;365;"User_365";"Bangalore";"Regular";381;"Restaurant_381";"Italian"
4083;"28-12-2023";393.57;2124;"User_2124";"Hyderabad";"Gold";131;"Restaurant_131";"Italian"
4084;"09-04-2023";148.82;1822;"User_1822";"Bangalore";"Gold";293;"Restaurant_293";"Italian"
4085;"16-12-2023";699.07;68;"User_68";"Pune";"Gold";340;"Restaurant_340";"Chinese"
4086;"12-09-2023";101.65;1159;"User_1159";"Hyderabad";"Regular";102;"Restaurant_102";"Italian"
4087;"31-07-2023";661.04;2290;"User_2290";"Hyderabad";"Gold";401;"Restaurant_401";"Indian"
4088;"01-05-2023";146.54;302;"User_302";"Pune";"Gold";300;"Restaurant_300";"Italian"
4089;"18-03-2023";153.41;509;"User_509";"Bangalore";"Regular";266;"Restaurant_266";"Italian"
4090;"05-01-2023";103.23;1001;"User_1001";"Bangalore";"Regular";259;"Restaurant_259";"Mexican"
4091;"26-06-2023";1164.26;668;"User_668";"Bangalore";"Regular";162;"Restaurant_162";"Italian"
4092;"25-06-2023";419.85;2001;"User_2001";"Pune";"Gold";57;"Restaurant_57";"Mexican"
4093;"05-12-2023";1131.68;1934;"User_1934";"Hyderabad";"Regular";406;"Restaurant_406";"Chinese"
4094;"18-04-2023";447.69;1087;"User_1087";"Pune";"Regular";172;"Restaurant_172";"Italian"
4095;"18-05-2023";833.02;1959;"User_1959";"Chennai";"Gold";274;"Restaurant_274";"Mexican"
4096;"11-10-2023";152.69;414;"User_414";"Chennai";"Gold";269;"Restaurant_269";"Indian"
4097;"05-02-2023";597.8;1819;"User_1819";"Bangalore";"Gold";403;"Restaurant_403";"Indian"
4098;"19-05-2023";645.21;1125;"User_1125";"Chennai";"Gold";339;"Restaurant_339";"Indian"
4099;"14-08-2023";671.9;497;"User_497";"Hyderabad";"Regular";117;"Restaurant_117";"Indian"
4100;"11-12-2023";736.79;2305;"User_2305";"Pune";"Gold";142;"Restaurant_142";"Indian"
4101;"01-08-2023";511.98;1311;"User_1311";"Bangalore";"Regular";448;"Restaurant_448";"Mexican"
4102;"27-08-2023";229.48;402;"User_402";"Hyderabad";"Regular";415;"Restaurant_415";"Indian"
4103;"30-03-2023";768.38;1994;"User_1994";"Hyderabad";"Gold";249;"Restaurant_249";"Italian"
4104;"18-09-2023";112.47;824;"User_824";"Hyderabad";"Regular";234;"Restaurant_234";"Chinese"
4105;"05-03-2023";368.14;2411;"User_2411";"Chennai";"Gold";361;"Restaurant_361";"Indian"
4106;"14-12-2023";772.5;2943;"User_2943";"Pune";"Regular";139;"Restaurant_139";"Mexican"
4107;"28-03-2023";1119.53;2805;"User_2805";"Bangalore";"Regular";365;"Restaurant_365";"Italian"
4108;"27-04-2023";726.18;647;"User_647";"Hyderabad";"Gold";108;"Restaurant_108";"Chinese"
4109;"16-10-2023";310.53;2068;"User_2068";"Bangalore";"Regular";295;"Restaurant_295";"Chinese"
4110;"19-06-2023";810.05;1622;"User_1622";"Bangalore";"Regular";39;"Restaurant_39";"Indian"
4111;"07-05-2023";507.1;2322;"User_2322";"Pune";"Gold";148;"Restaurant_148";"Italian"
4112;"11-05-2023";782.43;2473;"User_2473";"Hyderabad";"Regular";419;"Restaurant_419";"Chinese"
4113;"25-02-2023";263.09;2155;"User_2155";"Bangalore";"Gold";425;"Restaurant_425";"Chinese"
4114;"30-07-2023";638.48;1086;"User_1086";"Bangalore";"Gold";436;"Restaurant_436";"Mexican"
4115;"10-11-2023";1496.28;2737;"User_2737";"Hyderabad";"Regular";150;"Restaurant_150";"Indian"
4116;"19-05-2023";1189.2;1311;"User_1311";"Bangalore";"Regular";144;"Restaurant_144";"Chinese"
4117;"01-06-2023";1091.81;1413;"User_1413";"Chennai";"Gold";219;"Restaurant_219";"Mexican"
4118;"10-04-2023";1420.65;1154;"User_1154";"Bangalore";"Regular";80;"Restaurant_80";"Italian"
4119;"05-01-2023";933.93;2094;"User_2094";"Hyderabad";"Gold";128;"Restaurant_128";"Indian"
4120;"09-10-2023";214.45;2650;"User_2650";"Hyderabad";"Gold";63;"Restaurant_63";"Italian"
4121;"04-02-2023";113.21;1463;"User_1463";"Chennai";"Gold";286;"Restaurant_286";"Italian"
4122;"28-09-2023";1451.83;2186;"User_2186";"Chennai";"Gold";144;"Restaurant_144";"Chinese"
4123;"31-08-2023";1460.04;1510;"User_1510";"Hyderabad";"Gold";395;"Restaurant_395";"Mexican"
4124;"29-07-2023";549.0;2161;"User_2161";"Chennai";"Gold";180;"Restaurant_180";"Chinese"
4125;"13-09-2023";358.99;2152;"User_2152";"Chennai";"Gold";235;"Restaurant_235";"Italian"
4126;"21-11-2023";624.74;522;"User_522";"Bangalore";"Gold";12;"Restaurant_12";"Mexican"
4127;"31-12-2023";126.09;1138;"User_1138";"Hyderabad";"Gold";485;"Restaurant_485";"Mexican"
4128;"26-04-2023";865.4;292;"User_292";"Hyderabad";"Gold";187;"Restaurant_187";"Chinese"
4129;"02-04-2023";1053.24;2797;"User_2797";"Hyderabad";"Gold";491;"Restaurant_491";"Chinese"
4130;"24-10-2023";887.05;1180;"User_1180";"Hyderabad";"Regular";69;"Restaurant_69";"Chinese"
4131;"21-03-2023";1275.9;1405;"User_1405";"Pune";"Regular";476;"Restaurant_476";"Mexican"
4132;"30-04-2023";744.94;1893;"User_1893";"Hyderabad";"Regular";38;"Restaurant_38";"Italian"
4133;"29-12-2023";1393.15;748;"User_748";"Pune";"Regular";478;"Restaurant_478";"Chinese"
4134;"18-05-2023";740.71;1481;"User_1481";"Bangalore";"Gold";317;"Restaurant_317";"Mexican"
4135;"17-06-2023";404.31;477;"User_477";"Pune";"Gold";331;"Restaurant_331";"Mexican"
4136;"28-04-2023";702.49;2123;"User_2123";"Bangalore";"Regular";44;"Restaurant_44";"Indian"
4137;"12-02-2023";1275.2;1992;"User_1992";"Pune";"Gold";145;"Restaurant_145";"Italian"
4138;"23-04-2023";1273.12;2878;"User_2878";"Bangalore";"Gold";142;"Restaurant_142";"Indian"
4139;"04-12-2023";388.18;2786;"User_2786";"Bangalore";"Regular";288;"Restaurant_288";"Mexican"
4140;"12-09-2023";1000.15;1531;"User_1531";"Bangalore";"Gold";39;"Restaurant_39";"Indian"
4141;"19-11-2023";1467.02;2056;"User_2056";"Chennai";"Regular";77;"Restaurant_77";"Mexican"
4142;"30-05-2023";806.05;2620;"User_2620";"Pune";"Gold";201;"Restaurant_201";"Mexican"
4143;"30-10-2023";950.54;1325;"User_1325";"Bangalore";"Gold";440;"Restaurant_440";"Mexican"
4144;"24-07-2023";908.27;1061;"User_1061";"Bangalore";"Gold";158;"Restaurant_158";"Indian"
4145;"28-08-2023";931.5;329;"User_329";"Hyderabad";"Regular";42;"Restaurant_42";"Chinese"
4146;"01-02-2023";1231.38;1974;"User_1974";"Pune";"Gold";435;"Restaurant_435";"Italian"
4147;"21-01-2023";1411.78;2043;"User_2043";"Hyderabad";"Gold";441;"Restaurant_441";"Indian"
4148;"11-01-2023";954.94;1111;"User_1111";"Hyderabad";"Gold";58;"Restaurant_58";"Indian"
4149;"11-05-2023";185.25;815;"User_815";"Chennai";"Gold";433;"Restaurant_433";"Italian"
4150;"12-03-2023";457.55;2654;"User_2654";"Chennai";"Regular";314;"Restaurant_314";"Indian"
4151;"05-06-2023";570.93;2808;"User_2808";"Hyderabad";"Regular";300;"Restaurant_300";"Italian"
4152;"09-04-2023";1109.25;2282;"User_2282";"Bangalore";"Regular";110;"Restaurant_110";"Mexican"
4153;"06-02-2023";204.26;466;"User_466";"Pune";"Regular";497;"Restaurant_497";"Mexican"
4154;"18-10-2023";402.58;995;"User_995";"Hyderabad";"Regular";269;"Restaurant_269";"Indian"
4155;"18-10-2023";523.34;130;"User_130";"Hyderabad";"Gold";460;"Restaurant_460";"Chinese"
4156;"02-10-2023";1047.06;652;"User_652";"Bangalore";"Regular";229;"Restaurant_229";"Italian"
4157;"19-01-2023";1202.3;1162;"User_1162";"Bangalore";"Gold";48;"Restaurant_48";"Mexican"
4158;"27-04-2023";1362.78;2457;"User_2457";"Chennai";"Gold";497;"Restaurant_497";"Mexican"
4159;"18-07-2023";341.29;2079;"User_2079";"Pune";"Regular";210;"Restaurant_210";"Indian"
4160;"24-01-2023";1202.25;74;"User_74";"Pune";"Regular";142;"Restaurant_142";"Indian"
4161;"19-09-2023";1133.9;2122;"User_2122";"Pune";"Regular";119;"Restaurant_119";"Chinese"
4162;"03-04-2023";649.16;731;"User_731";"Bangalore";"Regular";261;"Restaurant_261";"Italian"
4163;"15-11-2023";1399.9;2519;"User_2519";"Chennai";"Gold";483;"Restaurant_483";"Chinese"
4164;"13-04-2023";206.85;34;"User_34";"Chennai";"Regular";321;"Restaurant_321";"Chinese"
4165;"17-08-2023";1175.55;2354;"User_2354";"Chennai";"Regular";290;"Restaurant_290";"Chinese"
4166;"15-12-2023";569.45;259;"User_259";"Bangalore";"Gold";127;"Restaurant_127";"Chinese"
4167;"19-02-2023";826.15;779;"User_779";"Hyderabad";"Regular";211;"Restaurant_211";"Chinese"
4168;"07-12-2023";1397.42;968;"User_968";"Bangalore";"Regular";56;"Restaurant_56";"Italian"
4169;"24-08-2023";705.78;870;"User_870";"Bangalore";"Gold";365;"Restaurant_365";"Italian"
4170;"02-05-2023";364.97;2927;"User_2927";"Bangalore";"Gold";282;"Restaurant_282";"Indian"
4171;"13-07-2023";532.52;295;"User_295";"Pune";"Regular";339;"Restaurant_339";"Indian"
4172;"18-06-2023";439.0;329;"User_329";"Hyderabad";"Regular";41;"Restaurant_41";"Mexican"
4173;"31-05-2023";1124.29;399;"User_399";"Bangalore";"Regular";201;"Restaurant_201";"Mexican"
4174;"12-09-2023";1111.04;43;"User_43";"Bangalore";"Regular";25;"Restaurant_25";"Chinese"
4175;"30-09-2023";974.38;869;"User_869";"Chennai";"Regular";126;"Restaurant_126";"Italian"
4176;"25-08-2023";139.38;319;"User_319";"Bangalore";"Gold";488;"Restaurant_488";"Chinese"
4177;"18-08-2023";917.81;1781;"User_1781";"Hyderabad";"Gold";100;"Restaurant_100";"Indian"
4178;"27-02-2023";1114.73;428;"User_428";"Hyderabad";"Regular";492;"Restaurant_492";"Italian"
4179;"09-12-2023";1415.57;2440;"User_2440";"Pune";"Regular";234;"Restaurant_234";"Chinese"
4180;"19-04-2023";741.32;734;"User_734";"Hyderabad";"Gold";350;"Restaurant_350";"Mexican"
4181;"29-04-2023";1214.4;126;"User_126";"Hyderabad";"Gold";349;"Restaurant_349";"Indian"
4182;"20-12-2023";362.86;39;"User_39";"Hyderabad";"Regular";115;"Restaurant_115";"Chinese"
4183;"23-05-2023";442.12;861;"User_861";"Chennai";"Regular";300;"Restaurant_300";"Italian"
4184;"07-07-2023";1031.28;456;"User_456";"Pune";"Regular";105;"Restaurant_105";"Mexican"
4185;"28-09-2023";295.42;1206;"User_1206";"Bangalore";"Gold";138;"Restaurant_138";"Indian"
4186;"01-10-2023";1382.74;2559;"User_2559";"Bangalore";"Regular";48;"Restaurant_48";"Mexican"
4187;"28-05-2023";290.07;741;"User_741";"Chennai";"Gold";63;"Restaurant_63";"Italian"
4188;"27-03-2023";910.54;2663;"User_2663";"Chennai";"Regular";304;"Restaurant_304";"Italian"
4189;"24-08-2023";1343.95;2244;"User_2244";"Hyderabad";"Gold";340;"Restaurant_340";"Chinese"
4190;"15-04-2023";766.26;1504;"User_1504";"Bangalore";"Regular";496;"Restaurant_496";"Indian"
4191;"03-12-2023";200.1;1231;"User_1231";"Chennai";"Gold";204;"Restaurant_204";"Mexican"
4192;"08-06-2023";1069.49;1637;"User_1637";"Hyderabad";"Gold";334;"Restaurant_334";"Indian"
4193;"27-09-2023";1152.49;2487;"User_2487";"Hyderabad";"Gold";499;"Restaurant_499";"Mexican"
4194;"12-07-2023";341.9;284;"User_284";"Chennai";"Regular";424;"Restaurant_424";"Indian"
4195;"17-10-2023";1146.72;1769;"User_1769";"Hyderabad";"Gold";10;"Restaurant_10";"Chinese"
4196;"31-03-2023";270.22;966;"User_966";"Hyderabad";"Gold";91;"Restaurant_91";"Italian"
4197;"06-06-2023";835.83;2273;"User_2273";"Bangalore";"Regular";14;"Restaurant_14";"Indian"
4198;"15-04-2023";188.91;2789;"User_2789";"Hyderabad";"Regular";301;"Restaurant_301";"Italian"
4199;"25-12-2023";667.94;654;"User_654";"Chennai";"Regular";82;"Restaurant_82";"Chinese"
4200;"08-04-2023";891.8;327;"User_327";"Hyderabad";"Regular";252;"Restaurant_252";"Indian"
4201;"13-12-2023";442.96;2042;"User_2042";"Pune";"Regular";489;"Restaurant_489";"Italian"
4202;"10-04-2023";499.57;15;"User_15";"Bangalore";"Regular";216;"Restaurant_216";"Italian"
4203;"10-10-2023";1296.27;1501;"User_1501";"Hyderabad";"Regular";53;"Restaurant_53";"Indian"
4204;"08-04-2023";1368.17;548;"User_548";"Chennai";"Regular";475;"Restaurant_475";"Italian"
4205;"15-02-2023";335.85;1355;"User_1355";"Pune";"Gold";274;"Restaurant_274";"Mexican"
4206;"08-03-2023";624.04;1091;"User_1091";"Pune";"Gold";134;"Restaurant_134";"Mexican"
4207;"19-08-2023";838.46;656;"User_656";"Pune";"Gold";281;"Restaurant_281";"Italian"
4208;"08-07-2023";1285.42;109;"User_109";"Chennai";"Regular";339;"Restaurant_339";"Indian"
4209;"19-01-2023";980.43;586;"User_586";"Bangalore";"Gold";166;"Restaurant_166";"Chinese"
4210;"01-06-2023";763.13;2173;"User_2173";"Chennai";"Gold";15;"Restaurant_15";"Chinese"
4211;"30-01-2023";606.08;2501;"User_2501";"Chennai";"Gold";82;"Restaurant_82";"Chinese"
4212;"01-09-2023";382.52;784;"User_784";"Hyderabad";"Regular";304;"Restaurant_304";"Italian"
4213;"14-12-2023";265.89;1970;"User_1970";"Bangalore";"Regular";318;"Restaurant_318";"Indian"
4214;"14-02-2023";701.11;2197;"User_2197";"Bangalore";"Regular";395;"Restaurant_395";"Mexican"
4215;"23-03-2023";1250.41;737;"User_737";"Bangalore";"Gold";102;"Restaurant_102";"Italian"
4216;"29-12-2023";500.37;1970;"User_1970";"Bangalore";"Regular";233;"Restaurant_233";"Italian"
4217;"17-06-2023";442.55;1288;"User_1288";"Chennai";"Regular";140;"Restaurant_140";"Italian"
4218;"08-04-2023";1076.68;2339;"User_2339";"Pune";"Regular";446;"Restaurant_446";"Indian"
4219;"11-02-2023";1131.13;1073;"User_1073";"Chennai";"Regular";127;"Restaurant_127";"Chinese"
4220;"16-04-2023";675.35;1334;"User_1334";"Bangalore";"Gold";66;"Restaurant_66";"Italian"
4221;"29-12-2023";710.96;2348;"User_2348";"Chennai";"Regular";6;"Restaurant_6";"Chinese"
4222;"08-04-2023";630.58;1992;"User_1992";"Pune";"Gold";34;"Restaurant_34";"Chinese"
4223;"28-06-2023";403.1;1876;"User_1876";"Chennai";"Gold";450;"Restaurant_450";"Mexican"
4224;"28-06-2023";571.35;2245;"User_2245";"Hyderabad";"Gold";60;"Restaurant_60";"Mexican"
4225;"08-09-2023";434.56;1228;"User_1228";"Bangalore";"Regular";391;"Restaurant_391";"Indian"
4226;"03-04-2023";1460.9;2080;"User_2080";"Bangalore";"Gold";160;"Restaurant_160";"Chinese"
4227;"16-05-2023";230.07;2744;"User_2744";"Hyderabad";"Gold";280;"Restaurant_280";"Chinese"
4228;"05-09-2023";571.87;1681;"User_1681";"Chennai";"Regular";259;"Restaurant_259";"Mexican"
4229;"03-10-2023";313.71;1884;"User_1884";"Chennai";"Regular";494;"Restaurant_494";"Mexican"
4230;"05-09-2023";147.21;2786;"User_2786";"Bangalore";"Regular";413;"Restaurant_413";"Italian"
4231;"26-10-2023";317.65;1233;"User_1233";"Chennai";"Gold";253;"Restaurant_253";"Italian"
4232;"25-10-2023";579.66;1863;"User_1863";"Chennai";"Gold";498;"Restaurant_498";"Chinese"
4233;"09-01-2023";635.57;682;"User_682";"Hyderabad";"Regular";174;"Restaurant_174";"Mexican"
4234;"05-07-2023";1379.31;1918;"User_1918";"Bangalore";"Regular";95;"Restaurant_95";"Indian"
4235;"19-11-2023";790.83;334;"User_334";"Chennai";"Gold";363;"Restaurant_363";"Italian"
4236;"17-10-2023";495.37;83;"User_83";"Chennai";"Regular";354;"Restaurant_354";"Indian"
4237;"02-12-2023";249.15;1865;"User_1865";"Chennai";"Regular";110;"Restaurant_110";"Mexican"
4238;"23-09-2023";810.55;2854;"User_2854";"Hyderabad";"Regular";92;"Restaurant_92";"Mexican"
4239;"17-08-2023";169.9;1149;"User_1149";"Chennai";"Gold";438;"Restaurant_438";"Italian"
4240;"27-01-2023";428.25;514;"User_514";"Bangalore";"Gold";254;"Restaurant_254";"Indian"
4241;"17-03-2023";376.26;1552;"User_1552";"Hyderabad";"Gold";335;"Restaurant_335";"Italian"
4242;"17-09-2023";731.98;1964;"User_1964";"Chennai";"Gold";309;"Restaurant_309";"Indian"
4243;"18-06-2023";376.12;417;"User_417";"Bangalore";"Regular";366;"Restaurant_366";"Indian"
4244;"13-06-2023";982.43;468;"User_468";"Bangalore";"Regular";15;"Restaurant_15";"Chinese"
4245;"03-02-2023";1377.22;2577;"User_2577";"Pune";"Regular";416;"Restaurant_416";"Chinese"
4246;"12-08-2023";1117.67;97;"User_97";"Bangalore";"Gold";238;"Restaurant_238";"Chinese"
4247;"02-05-2023";1239.86;2410;"User_2410";"Hyderabad";"Gold";448;"Restaurant_448";"Mexican"
4248;"17-06-2023";1250.51;1954;"User_1954";"Hyderabad";"Gold";55;"Restaurant_55";"Indian"
4249;"04-08-2023";328.11;1111;"User_1111";"Hyderabad";"Gold";277;"Restaurant_277";"Mexican"
4250;"30-08-2023";286.69;892;"User_892";"Bangalore";"Gold";363;"Restaurant_363";"Italian"
4251;"05-01-2023";605.17;2589;"User_2589";"Bangalore";"Gold";348;"Restaurant_348";"Italian"
4252;"16-11-2023";166.8;1029;"User_1029";"Bangalore";"Gold";104;"Restaurant_104";"Chinese"
4253;"10-07-2023";252.1;2349;"User_2349";"Pune";"Regular";137;"Restaurant_137";"Indian"
4254;"30-12-2023";663.82;2676;"User_2676";"Hyderabad";"Gold";430;"Restaurant_430";"Mexican"
4255;"21-06-2023";579.53;2168;"User_2168";"Chennai";"Gold";244;"Restaurant_244";"Italian"
4256;"30-10-2023";586.75;2651;"User_2651";"Pune";"Gold";388;"Restaurant_388";"Indian"
4257;"20-08-2023";1058.52;1441;"User_1441";"Hyderabad";"Gold";14;"Restaurant_14";"Indian"
4258;"08-12-2023";1138.23;2400;"User_2400";"Pune";"Regular";431;"Restaurant_431";"Mexican"
4259;"03-09-2023";1186.78;1187;"User_1187";"Chennai";"Gold";382;"Restaurant_382";"Mexican"
4260;"31-07-2023";1484.48;2432;"User_2432";"Pune";"Regular";32;"Restaurant_32";"Italian"
4261;"17-05-2023";249.26;1148;"User_1148";"Hyderabad";"Regular";102;"Restaurant_102";"Italian"
4262;"15-07-2023";1200.03;1403;"User_1403";"Hyderabad";"Gold";43;"Restaurant_43";"Chinese"
4263;"04-02-2023";346.77;2184;"User_2184";"Hyderabad";"Regular";423;"Restaurant_423";"Indian"
4264;"09-01-2023";1008.44;1494;"User_1494";"Hyderabad";"Gold";189;"Restaurant_189";"Indian"
4265;"18-04-2023";408.25;804;"User_804";"Bangalore";"Gold";308;"Restaurant_308";"Italian"
4266;"27-07-2023";638.38;2061;"User_2061";"Chennai";"Gold";93;"Restaurant_93";"Chinese"
4267;"20-04-2023";291.13;1269;"User_1269";"Bangalore";"Gold";344;"Restaurant_344";"Indian"
4268;"04-11-2023";1237.9;1022;"User_1022";"Bangalore";"Regular";169;"Restaurant_169";"Italian"
4269;"09-08-2023";1113.08;358;"User_358";"Bangalore";"Gold";193;"Restaurant_193";"Chinese"
4270;"29-04-2023";302.61;2259;"User_2259";"Bangalore";"Gold";386;"Restaurant_386";"Italian"
4271;"26-06-2023";638.48;2392;"User_2392";"Bangalore";"Gold";170;"Restaurant_170";"Mexican"
4272;"31-03-2023";230.08;147;"User_147";"Hyderabad";"Gold";295;"Restaurant_295";"Chinese"
4273;"24-05-2023";1011.35;2421;"User_2421";"Hyderabad";"Gold";262;"Restaurant_262";"Chinese"
4274;"02-02-2023";510.81;2975;"User_2975";"Chennai";"Gold";73;"Restaurant_73";"Mexican"
4275;"01-04-2023";957.08;1855;"User_1855";"Chennai";"Regular";208;"Restaurant_208";"Mexican"
4276;"24-11-2023";207.75;584;"User_584";"Bangalore";"Gold";405;"Restaurant_405";"Indian"
4277;"12-04-2023";1188.74;1496;"User_1496";"Chennai";"Regular";371;"Restaurant_371";"Chinese"
4278;"01-08-2023";358.42;2092;"User_2092";"Pune";"Regular";27;"Restaurant_27";"Italian"
4279;"14-04-2023";946.73;2478;"User_2478";"Chennai";"Gold";359;"Restaurant_359";"Mexican"
4280;"31-01-2023";615.13;2028;"User_2028";"Bangalore";"Regular";96;"Restaurant_96";"Mexican"
4281;"21-03-2023";1435.09;2082;"User_2082";"Pune";"Regular";494;"Restaurant_494";"Mexican"
4282;"05-03-2023";179.08;2250;"User_2250";"Pune";"Gold";199;"Restaurant_199";"Italian"
4283;"26-10-2023";939.77;2525;"User_2525";"Chennai";"Regular";58;"Restaurant_58";"Indian"
4284;"10-12-2023";321.81;1352;"User_1352";"Pune";"Gold";120;"Restaurant_120";"Italian"
4285;"18-09-2023";1158.26;1493;"User_1493";"Chennai";"Regular";389;"Restaurant_389";"Italian"
4286;"06-01-2023";295.39;2167;"User_2167";"Hyderabad";"Gold";183;"Restaurant_183";"Chinese"
4287;"14-08-2023";910.65;1204;"User_1204";"Bangalore";"Gold";210;"Restaurant_210";"Indian"
4288;"29-03-2023";353.2;2068;"User_2068";"Bangalore";"Regular";216;"Restaurant_216";"Italian"
4289;"09-10-2023";110.23;1081;"User_1081";"Hyderabad";"Gold";134;"Restaurant_134";"Mexican"
4290;"04-12-2023";1371.21;1728;"User_1728";"Bangalore";"Gold";440;"Restaurant_440";"Mexican"
4291;"01-11-2023";1370.63;375;"User_375";"Chennai";"Gold";284;"Restaurant_284";"Indian"
4292;"09-02-2023";950.44;1181;"User_1181";"Pune";"Gold";74;"Restaurant_74";"Chinese"
4293;"05-06-2023";1209.16;1247;"User_1247";"Pune";"Gold";3;"Restaurant_3";"Mexican"
4294;"18-04-2023";575.18;1483;"User_1483";"Chennai";"Gold";8;"Restaurant_8";"Indian"
4295;"25-02-2023";875.06;2946;"User_2946";"Chennai";"Gold";387;"Restaurant_387";"Mexican"
4296;"07-05-2023";290.24;418;"User_418";"Bangalore";"Regular";56;"Restaurant_56";"Italian"
4297;"31-07-2023";222.22;593;"User_593";"Hyderabad";"Gold";452;"Restaurant_452";"Chinese"
4298;"06-12-2023";1071.35;327;"User_327";"Hyderabad";"Regular";253;"Restaurant_253";"Italian"
4299;"13-07-2023";336.24;1468;"User_1468";"Chennai";"Gold";421;"Restaurant_421";"Indian"
4300;"14-09-2023";1488.48;1569;"User_1569";"Pune";"Gold";162;"Restaurant_162";"Italian"
4301;"30-12-2023";1162.91;1923;"User_1923";"Chennai";"Regular";438;"Restaurant_438";"Italian"
4302;"30-06-2023";621.87;512;"User_512";"Hyderabad";"Regular";92;"Restaurant_92";"Mexican"
4303;"17-12-2023";944.62;1806;"User_1806";"Chennai";"Gold";59;"Restaurant_59";"Chinese"
4304;"23-05-2023";1425.74;2374;"User_2374";"Bangalore";"Regular";333;"Restaurant_333";"Chinese"
4305;"29-07-2023";133.48;819;"User_819";"Pune";"Regular";330;"Restaurant_330";"Italian"
4306;"24-03-2023";1411.25;529;"User_529";"Pune";"Gold";91;"Restaurant_91";"Italian"
4307;"04-08-2023";512.57;2889;"User_2889";"Chennai";"Gold";247;"Restaurant_247";"Mexican"
4308;"27-10-2023";1419.35;2257;"User_2257";"Chennai";"Gold";404;"Restaurant_404";"Indian"
4309;"11-01-2023";745.45;2109;"User_2109";"Bangalore";"Gold";474;"Restaurant_474";"Mexican"
4310;"20-08-2023";1265.64;2111;"User_2111";"Hyderabad";"Gold";36;"Restaurant_36";"Italian"
4311;"23-07-2023";1196.22;1963;"User_1963";"Pune";"Gold";26;"Restaurant_26";"Chinese"
4312;"29-11-2023";1420.53;2373;"User_2373";"Chennai";"Gold";324;"Restaurant_324";"Mexican"
4313;"08-06-2023";510.64;398;"User_398";"Pune";"Gold";220;"Restaurant_220";"Mexican"
4314;"23-09-2023";948.95;1962;"User_1962";"Pune";"Gold";465;"Restaurant_465";"Italian"
4315;"08-05-2023";554.58;1835;"User_1835";"Bangalore";"Regular";367;"Restaurant_367";"Indian"
4316;"21-01-2023";425.15;63;"User_63";"Pune";"Regular";44;"Restaurant_44";"Indian"
4317;"20-04-2023";415.92;114;"User_114";"Bangalore";"Gold";65;"Restaurant_65";"Mexican"
4318;"10-11-2023";1483.77;740;"User_740";"Hyderabad";"Gold";456;"Restaurant_456";"Chinese"
4319;"08-01-2023";207.73;2024;"User_2024";"Chennai";"Regular";65;"Restaurant_65";"Mexican"
4320;"09-10-2023";831.84;1986;"User_1986";"Bangalore";"Regular";438;"Restaurant_438";"Italian"
4321;"15-03-2023";624.45;390;"User_390";"Chennai";"Gold";88;"Restaurant_88";"Indian"
4322;"06-09-2023";1342.97;2421;"User_2421";"Hyderabad";"Gold";123;"Restaurant_123";"Chinese"
4323;"02-02-2023";1057.77;1975;"User_1975";"Bangalore";"Regular";241;"Restaurant_241";"Chinese"
4324;"19-09-2023";1089.88;207;"User_207";"Bangalore";"Gold";52;"Restaurant_52";"Mexican"
4325;"20-05-2023";158.6;1142;"User_1142";"Pune";"Regular";471;"Restaurant_471";"Indian"
4326;"24-06-2023";1138.44;1974;"User_1974";"Pune";"Gold";57;"Restaurant_57";"Mexican"
4327;"02-05-2023";1014.69;2938;"User_2938";"Bangalore";"Regular";412;"Restaurant_412";"Mexican"
4328;"27-04-2023";477.89;2575;"User_2575";"Hyderabad";"Regular";18;"Restaurant_18";"Italian"
4329;"16-01-2023";133.2;287;"User_287";"Bangalore";"Regular";20;"Restaurant_20";"Indian"
4330;"20-10-2023";310.18;1749;"User_1749";"Pune";"Regular";36;"Restaurant_36";"Italian"
4331;"26-05-2023";630.86;2184;"User_2184";"Hyderabad";"Regular";134;"Restaurant_134";"Mexican"
4332;"05-02-2023";235.89;1588;"User_1588";"Hyderabad";"Gold";417;"Restaurant_417";"Mexican"
4333;"27-03-2023";982.68;2973;"User_2973";"Hyderabad";"Gold";327;"Restaurant_327";"Indian"
4334;"18-03-2023";1023.71;1919;"User_1919";"Chennai";"Gold";344;"Restaurant_344";"Indian"
4335;"01-01-2024";185.18;2627;"User_2627";"Bangalore";"Gold";401;"Restaurant_401";"Indian"
4336;"30-06-2023";253.22;102;"User_102";"Hyderabad";"Regular";66;"Restaurant_66";"Italian"
4337;"20-10-2023";1259.43;2995;"User_2995";"Chennai";"Regular";417;"Restaurant_417";"Mexican"
4338;"13-07-2023";1031.29;2166;"User_2166";"Chennai";"Gold";337;"Restaurant_337";"Mexican"
4339;"15-11-2023";474.22;1631;"User_1631";"Bangalore";"Regular";414;"Restaurant_414";"Chinese"
4340;"10-07-2023";450.56;2592;"User_2592";"Hyderabad";"Regular";313;"Restaurant_313";"Indian"
4341;"24-01-2023";584.03;2994;"User_2994";"Bangalore";"Gold";234;"Restaurant_234";"Chinese"
4342;"08-07-2023";1312.67;1905;"User_1905";"Bangalore";"Gold";261;"Restaurant_261";"Italian"
4343;"05-04-2023";407.75;1531;"User_1531";"Bangalore";"Gold";443;"Restaurant_443";"Mexican"
4344;"07-04-2023";1283.69;1617;"User_1617";"Pune";"Gold";56;"Restaurant_56";"Italian"
4345;"28-07-2023";1388.0;464;"User_464";"Chennai";"Regular";440;"Restaurant_440";"Mexican"
4346;"09-03-2023";695.24;2386;"User_2386";"Chennai";"Gold";106;"Restaurant_106";"Indian"
4347;"21-10-2023";1271.81;2737;"User_2737";"Hyderabad";"Regular";73;"Restaurant_73";"Mexican"
4348;"25-12-2023";742.2;1788;"User_1788";"Pune";"Gold";283;"Restaurant_283";"Chinese"
4349;"28-02-2023";765.53;1415;"User_1415";"Bangalore";"Regular";394;"Restaurant_394";"Mexican"
4350;"24-11-2023";644.71;1109;"User_1109";"Chennai";"Gold";107;"Restaurant_107";"Mexican"
4351;"19-03-2023";795.31;2265;"User_2265";"Pune";"Gold";476;"Restaurant_476";"Mexican"
4352;"23-03-2023";1119.31;268;"User_268";"Hyderabad";"Gold";66;"Restaurant_66";"Italian"
4353;"30-01-2023";704.09;678;"User_678";"Bangalore";"Regular";485;"Restaurant_485";"Mexican"
4354;"30-08-2023";1037.94;2792;"User_2792";"Chennai";"Regular";255;"Restaurant_255";"Mexican"
4355;"05-12-2023";725.12;2758;"User_2758";"Hyderabad";"Gold";181;"Restaurant_181";"Indian"
4356;"20-10-2023";394.12;560;"User_560";"Bangalore";"Gold";28;"Restaurant_28";"Chinese"
4357;"05-03-2023";686.26;2675;"User_2675";"Hyderabad";"Gold";111;"Restaurant_111";"Mexican"
4358;"07-09-2023";339.42;644;"User_644";"Pune";"Regular";411;"Restaurant_411";"Indian"
4359;"01-01-2024";650.06;805;"User_805";"Pune";"Gold";223;"Restaurant_223";"Italian"
4360;"27-07-2023";514.96;558;"User_558";"Hyderabad";"Regular";66;"Restaurant_66";"Italian"
4361;"03-11-2023";301.03;778;"User_778";"Hyderabad";"Gold";237;"Restaurant_237";"Italian"
4362;"15-06-2023";1117.53;1321;"User_1321";"Pune";"Gold";465;"Restaurant_465";"Italian"
4363;"14-12-2023";400.38;1418;"User_1418";"Chennai";"Gold";429;"Restaurant_429";"Chinese"
4364;"28-07-2023";1162.64;647;"User_647";"Hyderabad";"Gold";164;"Restaurant_164";"Italian"
4365;"10-11-2023";156.89;2633;"User_2633";"Hyderabad";"Gold";113;"Restaurant_113";"Chinese"
4366;"12-09-2023";865.9;159;"User_159";"Chennai";"Gold";409;"Restaurant_409";"Mexican"
4367;"23-11-2023";1133.53;632;"User_632";"Chennai";"Gold";280;"Restaurant_280";"Chinese"
4368;"18-04-2023";110.12;1693;"User_1693";"Pune";"Gold";470;"Restaurant_470";"Italian"
4369;"26-05-2023";1098.19;269;"User_269";"Bangalore";"Gold";240;"Restaurant_240";"Indian"
4370;"14-03-2023";1211.02;164;"User_164";"Chennai";"Regular";393;"Restaurant_393";"Italian"
4371;"08-03-2023";1194.06;1554;"User_1554";"Hyderabad";"Regular";216;"Restaurant_216";"Italian"
4372;"27-08-2023";1080.67;2861;"User_2861";"Pune";"Gold";397;"Restaurant_397";"Indian"
4373;"18-11-2023";1145.56;1685;"User_1685";"Chennai";"Regular";333;"Restaurant_333";"Chinese"
4374;"12-05-2023";192.31;283;"User_283";"Hyderabad";"Regular";481;"Restaurant_481";"Indian"
4375;"13-07-2023";682.58;13;"User_13";"Chennai";"Gold";395;"Restaurant_395";"Mexican"
4376;"09-05-2023";656.05;870;"User_870";"Bangalore";"Gold";321;"Restaurant_321";"Chinese"
4377;"24-08-2023";909.22;380;"User_380";"Bangalore";"Regular";329;"Restaurant_329";"Chinese"
4378;"19-11-2023";539.98;2707;"User_2707";"Bangalore";"Gold";185;"Restaurant_185";"Mexican"
4379;"28-04-2023";596.85;1032;"User_1032";"Bangalore";"Regular";100;"Restaurant_100";"Indian"
4380;"18-02-2023";441.86;2362;"User_2362";"Chennai";"Regular";139;"Restaurant_139";"Mexican"
4381;"22-12-2023";1335.3;171;"User_171";"Hyderabad";"Regular";469;"Restaurant_469";"Italian"
4382;"24-07-2023";207.87;2100;"User_2100";"Hyderabad";"Regular";481;"Restaurant_481";"Indian"
4383;"21-06-2023";1268.75;2433;"User_2433";"Hyderabad";"Regular";58;"Restaurant_58";"Indian"
4384;"29-05-2023";408.82;259;"User_259";"Bangalore";"Gold";468;"Restaurant_468";"Chinese"
4385;"05-08-2023";740.69;1609;"User_1609";"Hyderabad";"Gold";312;"Restaurant_312";"Chinese"
4386;"12-08-2023";1144.76;2441;"User_2441";"Bangalore";"Regular";103;"Restaurant_103";"Mexican"
4387;"18-07-2023";188.68;479;"User_479";"Chennai";"Regular";5;"Restaurant_5";"Chinese"
4388;"04-03-2023";639.73;12;"User_12";"Pune";"Regular";482;"Restaurant_482";"Chinese"
4389;"30-09-2023";342.23;2400;"User_2400";"Pune";"Regular";393;"Restaurant_393";"Italian"
4390;"03-04-2023";669.75;392;"User_392";"Chennai";"Regular";250;"Restaurant_250";"Mexican"
4391;"03-05-2023";1439.03;2539;"User_2539";"Hyderabad";"Regular";312;"Restaurant_312";"Chinese"
4392;"29-09-2023";446.53;635;"User_635";"Pune";"Regular";142;"Restaurant_142";"Indian"
4393;"08-02-2023";1406.84;233;"User_233";"Bangalore";"Gold";357;"Restaurant_357";"Italian"
4394;"08-12-2023";1179.97;905;"User_905";"Bangalore";"Regular";162;"Restaurant_162";"Italian"
4395;"25-06-2023";444.14;1415;"User_1415";"Bangalore";"Regular";6;"Restaurant_6";"Chinese"
4396;"11-03-2023";287.76;2110;"User_2110";"Chennai";"Regular";287;"Restaurant_287";"Chinese"
4397;"23-01-2023";1073.49;1990;"User_1990";"Chennai";"Regular";97;"Restaurant_97";"Mexican"
4398;"17-04-2023";580.97;372;"User_372";"Chennai";"Regular";406;"Restaurant_406";"Chinese"
4399;"18-09-2023";246.59;1845;"User_1845";"Hyderabad";"Regular";330;"Restaurant_330";"Italian"
4400;"01-03-2023";762.17;556;"User_556";"Chennai";"Regular";498;"Restaurant_498";"Chinese"
4401;"25-11-2023";436.8;2869;"User_2869";"Bangalore";"Regular";70;"Restaurant_70";"Chinese"
4402;"11-12-2023";703.27;2760;"User_2760";"Hyderabad";"Regular";366;"Restaurant_366";"Indian"
4403;"02-01-2023";316.7;24;"User_24";"Hyderabad";"Regular";82;"Restaurant_82";"Chinese"
4404;"29-06-2023";843.42;2311;"User_2311";"Hyderabad";"Regular";97;"Restaurant_97";"Mexican"
4405;"27-12-2023";344.38;1490;"User_1490";"Hyderabad";"Regular";85;"Restaurant_85";"Mexican"
4406;"02-02-2023";755.86;1452;"User_1452";"Bangalore";"Regular";323;"Restaurant_323";"Mexican"
4407;"09-09-2023";407.2;20;"User_20";"Hyderabad";"Gold";140;"Restaurant_140";"Italian"
4408;"02-08-2023";1106.69;143;"User_143";"Bangalore";"Gold";174;"Restaurant_174";"Mexican"
4409;"25-01-2023";575.2;749;"User_749";"Bangalore";"Regular";474;"Restaurant_474";"Mexican"
4410;"08-11-2023";1133.65;1164;"User_1164";"Bangalore";"Regular";21;"Restaurant_21";"Indian"
4411;"29-12-2023";1132.38;1050;"User_1050";"Chennai";"Regular";478;"Restaurant_478";"Chinese"
4412;"07-04-2023";107.87;128;"User_128";"Hyderabad";"Regular";480;"Restaurant_480";"Chinese"
4413;"30-12-2023";667.54;2579;"User_2579";"Bangalore";"Gold";344;"Restaurant_344";"Indian"
4414;"23-01-2023";330.87;490;"User_490";"Bangalore";"Gold";185;"Restaurant_185";"Mexican"
4415;"24-09-2023";1004.49;1040;"User_1040";"Chennai";"Regular";444;"Restaurant_444";"Chinese"
4416;"09-05-2023";1150.88;1601;"User_1601";"Bangalore";"Regular";204;"Restaurant_204";"Mexican"
4417;"13-03-2023";793.36;245;"User_245";"Chennai";"Regular";435;"Restaurant_435";"Italian"
4418;"28-07-2023";718.59;705;"User_705";"Bangalore";"Regular";463;"Restaurant_463";"Chinese"
4419;"28-08-2023";939.12;2636;"User_2636";"Hyderabad";"Regular";356;"Restaurant_356";"Indian"
4420;"27-05-2023";1098.23;439;"User_439";"Pune";"Gold";319;"Restaurant_319";"Indian"
4421;"17-07-2023";313.26;2127;"User_2127";"Pune";"Gold";119;"Restaurant_119";"Chinese"
4422;"28-01-2023";1003.7;1891;"User_1891";"Bangalore";"Gold";317;"Restaurant_317";"Mexican"
4423;"12-11-2023";237.92;2284;"User_2284";"Pune";"Regular";432;"Restaurant_432";"Mexican"
4424;"30-08-2023";476.18;2465;"User_2465";"Hyderabad";"Gold";49;"Restaurant_49";"Italian"
4425;"24-11-2023";626.32;1431;"User_1431";"Bangalore";"Regular";450;"Restaurant_450";"Mexican"
4426;"27-11-2023";297.99;2899;"User_2899";"Bangalore";"Regular";188;"Restaurant_188";"Chinese"
4427;"27-07-2023";1180.18;2269;"User_2269";"Hyderabad";"Regular";73;"Restaurant_73";"Mexican"
4428;"20-11-2023";791.18;1855;"User_1855";"Chennai";"Regular";293;"Restaurant_293";"Italian"
4429;"03-02-2023";1037.79;74;"User_74";"Pune";"Regular";386;"Restaurant_386";"Italian"
4430;"14-03-2023";928.11;1205;"User_1205";"Chennai";"Gold";61;"Restaurant_61";"Italian"
4431;"08-07-2023";1283.37;132;"User_132";"Hyderabad";"Gold";121;"Restaurant_121";"Indian"
4432;"27-04-2023";566.92;907;"User_907";"Bangalore";"Regular";334;"Restaurant_334";"Indian"
4433;"03-10-2023";127.91;2656;"User_2656";"Bangalore";"Gold";475;"Restaurant_475";"Italian"
4434;"07-06-2023";448.51;1668;"User_1668";"Hyderabad";"Gold";387;"Restaurant_387";"Mexican"
4435;"13-03-2023";527.96;2238;"User_2238";"Chennai";"Gold";467;"Restaurant_467";"Italian"
4436;"05-11-2023";1381.76;308;"User_308";"Bangalore";"Regular";333;"Restaurant_333";"Chinese"
4437;"21-01-2023";183.69;2282;"User_2282";"Bangalore";"Regular";2;"Restaurant_2";"Indian"
4438;"05-12-2023";557.37;1537;"User_1537";"Bangalore";"Regular";282;"Restaurant_282";"Indian"
4439;"16-06-2023";995.92;1802;"User_1802";"Hyderabad";"Regular";433;"Restaurant_433";"Italian"
4440;"25-07-2023";752.06;494;"User_494";"Hyderabad";"Regular";165;"Restaurant_165";"Mexican"
4441;"01-10-2023";1453.01;1537;"User_1537";"Bangalore";"Regular";38;"Restaurant_38";"Italian"
4442;"03-09-2023";1360.76;2553;"User_2553";"Chennai";"Gold";224;"Restaurant_224";"Chinese"
4443;"18-12-2023";814.98;1870;"User_1870";"Bangalore";"Regular";496;"Restaurant_496";"Indian"
4444;"24-12-2023";1499.07;1053;"User_1053";"Hyderabad";"Regular";19;"Restaurant_19";"Indian"
4445;"25-04-2023";775.46;2858;"User_2858";"Hyderabad";"Regular";391;"Restaurant_391";"Indian"
4446;"28-07-2023";421.58;179;"User_179";"Bangalore";"Regular";480;"Restaurant_480";"Chinese"
4447;"09-09-2023";1179.52;2506;"User_2506";"Bangalore";"Gold";261;"Restaurant_261";"Italian"
4448;"02-12-2023";207.86;2389;"User_2389";"Pune";"Regular";390;"Restaurant_390";"Mexican"
4449;"28-05-2023";779.45;842;"User_842";"Pune";"Regular";186;"Restaurant_186";"Indian"
4450;"19-03-2023";533.74;1537;"User_1537";"Bangalore";"Regular";27;"Restaurant_27";"Italian"
4451;"05-11-2023";620.25;1844;"User_1844";"Hyderabad";"Gold";88;"Restaurant_88";"Indian"
4452;"06-10-2023";360.86;2738;"User_2738";"Pune";"Gold";145;"Restaurant_145";"Italian"
4453;"16-12-2023";1078.57;2266;"User_2266";"Pune";"Gold";488;"Restaurant_488";"Chinese"
4454;"05-11-2023";1443.62;374;"User_374";"Hyderabad";"Regular";262;"Restaurant_262";"Chinese"
4455;"23-05-2023";798.08;2284;"User_2284";"Pune";"Regular";347;"Restaurant_347";"Chinese"
4456;"28-08-2023";334.95;737;"User_737";"Bangalore";"Gold";37;"Restaurant_37";"Mexican"
4457;"30-08-2023";924.78;1252;"User_1252";"Chennai";"Regular";482;"Restaurant_482";"Chinese"
4458;"02-06-2023";427.0;1835;"User_1835";"Bangalore";"Regular";276;"Restaurant_276";"Italian"
4459;"01-10-2023";291.71;1142;"User_1142";"Pune";"Regular";186;"Restaurant_186";"Indian"
4460;"08-09-2023";872.91;54;"User_54";"Chennai";"Regular";419;"Restaurant_419";"Chinese"
4461;"19-08-2023";436.37;2390;"User_2390";"Hyderabad";"Gold";471;"Restaurant_471";"Indian"
4462;"12-06-2023";306.66;2849;"User_2849";"Pune";"Regular";264;"Restaurant_264";"Indian"
4463;"06-07-2023";558.43;2749;"User_2749";"Pune";"Regular";110;"Restaurant_110";"Mexican"
4464;"05-08-2023";831.47;2753;"User_2753";"Bangalore";"Regular";227;"Restaurant_227";"Italian"
4465;"31-10-2023";964.55;936;"User_936";"Pune";"Gold";304;"Restaurant_304";"Italian"
4466;"09-07-2023";1193.27;1412;"User_1412";"Chennai";"Regular";449;"Restaurant_449";"Indian"
4467;"21-04-2023";951.1;1639;"User_1639";"Hyderabad";"Regular";256;"Restaurant_256";"Italian"
4468;"19-03-2023";433.19;1215;"User_1215";"Pune";"Regular";130;"Restaurant_130";"Indian"
4469;"16-09-2023";1439.53;2861;"User_2861";"Pune";"Gold";136;"Restaurant_136";"Indian"
4470;"20-01-2023";839.73;2078;"User_2078";"Bangalore";"Gold";397;"Restaurant_397";"Indian"
4471;"23-07-2023";1436.63;1612;"User_1612";"Chennai";"Gold";402;"Restaurant_402";"Mexican"
4472;"07-04-2023";907.44;2478;"User_2478";"Chennai";"Gold";12;"Restaurant_12";"Mexican"
4473;"20-07-2023";738.3;1436;"User_1436";"Bangalore";"Regular";205;"Restaurant_205";"Italian"
4474;"26-02-2023";1438.64;1012;"User_1012";"Chennai";"Gold";208;"Restaurant_208";"Mexican"
4475;"09-08-2023";1316.66;2421;"User_2421";"Hyderabad";"Gold";173;"Restaurant_173";"Chinese"
4476;"30-11-2023";864.21;1969;"User_1969";"Bangalore";"Regular";12;"Restaurant_12";"Mexican"
4477;"01-05-2023";1414.87;858;"User_858";"Hyderabad";"Gold";442;"Restaurant_442";"Italian"
4478;"19-12-2023";269.61;2394;"User_2394";"Chennai";"Regular";430;"Restaurant_430";"Mexican"
4479;"19-08-2023";375.75;665;"User_665";"Pune";"Gold";128;"Restaurant_128";"Indian"
4480;"13-07-2023";886.29;1816;"User_1816";"Pune";"Regular";227;"Restaurant_227";"Italian"
4481;"18-09-2023";169.64;2250;"User_2250";"Pune";"Gold";396;"Restaurant_396";"Mexican"
4482;"15-12-2023";1377.04;2313;"User_2313";"Chennai";"Regular";79;"Restaurant_79";"Mexican"
4483;"22-02-2023";889.99;1737;"User_1737";"Chennai";"Gold";248;"Restaurant_248";"Italian"
4484;"17-11-2023";1060.45;1115;"User_1115";"Chennai";"Regular";157;"Restaurant_157";"Italian"
4485;"26-07-2023";1212.11;788;"User_788";"Bangalore";"Gold";484;"Restaurant_484";"Mexican"
4486;"01-07-2023";1179.65;1954;"User_1954";"Hyderabad";"Gold";70;"Restaurant_70";"Chinese"
4487;"02-05-2023";481.42;2828;"User_2828";"Pune";"Regular";56;"Restaurant_56";"Italian"
4488;"13-10-2023";796.08;249;"User_249";"Hyderabad";"Gold";286;"Restaurant_286";"Italian"
4489;"24-11-2023";380.48;2538;"User_2538";"Hyderabad";"Gold";248;"Restaurant_248";"Italian"
4490;"19-10-2023";1226.57;2945;"User_2945";"Pune";"Regular";468;"Restaurant_468";"Chinese"
4491;"06-05-2023";278.13;2735;"User_2735";"Chennai";"Gold";290;"Restaurant_290";"Chinese"
4492;"09-05-2023";589.85;438;"User_438";"Pune";"Regular";460;"Restaurant_460";"Chinese"
4493;"30-10-2023";661.99;2963;"User_2963";"Pune";"Regular";90;"Restaurant_90";"Italian"
4494;"02-10-2023";1391.33;2914;"User_2914";"Pune";"Regular";441;"Restaurant_441";"Indian"
4495;"25-05-2023";502.54;2095;"User_2095";"Hyderabad";"Regular";500;"Restaurant_500";"Chinese"
4496;"06-09-2023";1101.92;1124;"User_1124";"Chennai";"Regular";447;"Restaurant_447";"Chinese"
4497;"16-10-2023";1431.66;3;"User_3";"Bangalore";"Gold";16;"Restaurant_16";"Indian"
4498;"07-12-2023";525.37;627;"User_627";"Pune";"Regular";420;"Restaurant_420";"Italian"
4499;"10-08-2023";390.72;891;"User_891";"Pune";"Regular";271;"Restaurant_271";"Chinese"
4500;"24-01-2023";210.17;171;"User_171";"Hyderabad";"Regular";486;"Restaurant_486";"Italian"
4501;"15-11-2023";1305.47;530;"User_530";"Pune";"Regular";496;"Restaurant_496";"Indian"
4502;"10-01-2023";947.66;463;"User_463";"Pune";"Regular";406;"Restaurant_406";"Chinese"
4503;"16-08-2023";724.06;1081;"User_1081";"Hyderabad";"Gold";244;"Restaurant_244";"Italian"
4504;"05-06-2023";713.17;2865;"User_2865";"Hyderabad";"Regular";53;"Restaurant_53";"Indian"
4505;"23-09-2023";1128.45;726;"User_726";"Bangalore";"Gold";404;"Restaurant_404";"Indian"
4506;"04-07-2023";830.08;2714;"User_2714";"Chennai";"Regular";403;"Restaurant_403";"Indian"
4507;"27-07-2023";1075.4;156;"User_156";"Hyderabad";"Regular";339;"Restaurant_339";"Indian"
4508;"29-12-2023";870.65;2966;"User_2966";"Pune";"Regular";190;"Restaurant_190";"Chinese"
4509;"25-02-2023";753.06;1993;"User_1993";"Pune";"Gold";146;"Restaurant_146";"Indian"
4510;"25-12-2023";839.22;1108;"User_1108";"Pune";"Gold";135;"Restaurant_135";"Indian"
4511;"12-08-2023";775.8;1567;"User_1567";"Hyderabad";"Regular";457;"Restaurant_457";"Indian"
4512;"03-08-2023";295.07;73;"User_73";"Chennai";"Regular";270;"Restaurant_270";"Mexican"
4513;"28-09-2023";1103.48;280;"User_280";"Bangalore";"Gold";9;"Restaurant_9";"Italian"
4514;"29-08-2023";905.73;2467;"User_2467";"Hyderabad";"Gold";433;"Restaurant_433";"Italian"
4515;"20-07-2023";438.23;786;"User_786";"Hyderabad";"Gold";325;"Restaurant_325";"Italian"
4516;"16-01-2023";329.81;333;"User_333";"Pune";"Gold";208;"Restaurant_208";"Mexican"
4517;"10-04-2023";908.39;902;"User_902";"Bangalore";"Gold";289;"Restaurant_289";"Italian"
4518;"03-06-2023";690.66;307;"User_307";"Bangalore";"Regular";232;"Restaurant_232";"Mexican"
4519;"14-10-2023";517.23;58;"User_58";"Bangalore";"Regular";26;"Restaurant_26";"Chinese"
4520;"13-11-2023";225.24;464;"User_464";"Chennai";"Regular";330;"Restaurant_330";"Italian"
4521;"31-01-2023";550.0;2103;"User_2103";"Hyderabad";"Gold";346;"Restaurant_346";"Indian"
4522;"22-09-2023";993.69;2724;"User_2724";"Chennai";"Gold";105;"Restaurant_105";"Mexican"
4523;"25-02-2023";643.43;295;"User_295";"Pune";"Regular";390;"Restaurant_390";"Mexican"
4524;"10-11-2023";1315.33;2787;"User_2787";"Pune";"Regular";335;"Restaurant_335";"Italian"
4525;"03-12-2023";307.42;2473;"User_2473";"Hyderabad";"Regular";428;"Restaurant_428";"Mexican"
4526;"28-04-2023";871.07;123;"User_123";"Chennai";"Gold";293;"Restaurant_293";"Italian"
4527;"05-09-2023";1277.6;56;"User_56";"Chennai";"Gold";453;"Restaurant_453";"Chinese"
4528;"25-01-2023";616.03;601;"User_601";"Hyderabad";"Regular";16;"Restaurant_16";"Indian"
4529;"01-11-2023";224.24;2684;"User_2684";"Pune";"Regular";230;"Restaurant_230";"Chinese"
4530;"11-04-2023";747.96;2602;"User_2602";"Bangalore";"Gold";257;"Restaurant_257";"Italian"
4531;"30-04-2023";991.63;1783;"User_1783";"Hyderabad";"Regular";348;"Restaurant_348";"Italian"
4532;"18-10-2023";1141.89;848;"User_848";"Pune";"Regular";231;"Restaurant_231";"Indian"
4533;"07-10-2023";481.71;842;"User_842";"Pune";"Regular";26;"Restaurant_26";"Chinese"
4534;"28-11-2023";413.03;2145;"User_2145";"Chennai";"Regular";81;"Restaurant_81";"Chinese"
4535;"11-01-2023";381.5;147;"User_147";"Hyderabad";"Gold";75;"Restaurant_75";"Chinese"
4536;"12-07-2023";1376.87;1528;"User_1528";"Chennai";"Regular";118;"Restaurant_118";"Mexican"
4537;"16-12-2023";1174.05;2713;"User_2713";"Bangalore";"Gold";472;"Restaurant_472";"Chinese"
4538;"06-05-2023";977.69;94;"User_94";"Chennai";"Regular";216;"Restaurant_216";"Italian"
4539;"05-10-2023";921.0;1147;"User_1147";"Hyderabad";"Regular";166;"Restaurant_166";"Chinese"
4540;"12-09-2023";951.1;1116;"User_1116";"Chennai";"Gold";159;"Restaurant_159";"Mexican"
4541;"20-03-2023";234.7;2750;"User_2750";"Chennai";"Gold";208;"Restaurant_208";"Mexican"
4542;"04-05-2023";850.26;1197;"User_1197";"Bangalore";"Regular";66;"Restaurant_66";"Italian"
4543;"19-07-2023";871.14;1989;"User_1989";"Bangalore";"Regular";462;"Restaurant_462";"Italian"
4544;"31-12-2023";429.82;196;"User_196";"Hyderabad";"Gold";87;"Restaurant_87";"Mexican"
4545;"03-04-2023";1495.19;2726;"User_2726";"Bangalore";"Regular";73;"Restaurant_73";"Mexican"
4546;"09-12-2023";569.19;1348;"User_1348";"Hyderabad";"Regular";91;"Restaurant_91";"Italian"
4547;"19-01-2023";363.69;2918;"User_2918";"Hyderabad";"Regular";280;"Restaurant_280";"Chinese"
4548;"10-08-2023";163.8;1926;"User_1926";"Pune";"Gold";319;"Restaurant_319";"Indian"
4549;"12-06-2023";1008.41;1209;"User_1209";"Bangalore";"Gold";97;"Restaurant_97";"Mexican"
4550;"08-09-2023";908.83;1281;"User_1281";"Pune";"Gold";97;"Restaurant_97";"Mexican"
4551;"01-11-2023";402.48;184;"User_184";"Chennai";"Regular";375;"Restaurant_375";"Chinese"
4552;"04-01-2023";415.52;2507;"User_2507";"Hyderabad";"Regular";25;"Restaurant_25";"Chinese"
4553;"25-07-2023";899.68;1137;"User_1137";"Chennai";"Regular";317;"Restaurant_317";"Mexican"
4554;"21-09-2023";1111.93;2031;"User_2031";"Chennai";"Regular";174;"Restaurant_174";"Mexican"
4555;"01-01-2024";860.94;2097;"User_2097";"Pune";"Regular";319;"Restaurant_319";"Indian"
4556;"09-02-2023";1450.7;495;"User_495";"Pune";"Gold";47;"Restaurant_47";"Indian"
4557;"08-10-2023";720.47;127;"User_127";"Chennai";"Gold";31;"Restaurant_31";"Mexican"
4558;"23-02-2023";140.23;900;"User_900";"Hyderabad";"Regular";199;"Restaurant_199";"Italian"
4559;"05-04-2023";1409.24;2005;"User_2005";"Bangalore";"Gold";202;"Restaurant_202";"Indian"
4560;"20-05-2023";143.18;212;"User_212";"Pune";"Regular";368;"Restaurant_368";"Indian"
4561;"22-02-2023";362.17;566;"User_566";"Chennai";"Regular";353;"Restaurant_353";"Indian"
4562;"09-12-2023";1078.32;758;"User_758";"Chennai";"Regular";252;"Restaurant_252";"Indian"
4563;"08-03-2023";1005.56;1598;"User_1598";"Bangalore";"Gold";184;"Restaurant_184";"Mexican"
4564;"04-06-2023";1477.56;78;"User_78";"Pune";"Gold";102;"Restaurant_102";"Italian"
4565;"06-08-2023";693.02;2518;"User_2518";"Chennai";"Regular";261;"Restaurant_261";"Italian"
4566;"08-09-2023";645.35;753;"User_753";"Hyderabad";"Gold";208;"Restaurant_208";"Mexican"
4567;"10-01-2023";755.4;782;"User_782";"Hyderabad";"Gold";337;"Restaurant_337";"Mexican"
4568;"07-02-2023";806.0;2928;"User_2928";"Pune";"Gold";83;"Restaurant_83";"Chinese"
4569;"21-10-2023";587.96;908;"User_908";"Chennai";"Gold";462;"Restaurant_462";"Italian"
4570;"16-07-2023";1331.14;2716;"User_2716";"Pune";"Regular";398;"Restaurant_398";"Indian"
4571;"14-03-2023";1395.27;2307;"User_2307";"Pune";"Gold";70;"Restaurant_70";"Chinese"
4572;"23-03-2023";595.6;2821;"User_2821";"Hyderabad";"Gold";385;"Restaurant_385";"Chinese"
4573;"25-08-2023";197.92;1597;"User_1597";"Pune";"Regular";100;"Restaurant_100";"Indian"
4574;"06-03-2023";670.3;1379;"User_1379";"Chennai";"Regular";322;"Restaurant_322";"Italian"
4575;"09-12-2023";1461.44;1408;"User_1408";"Chennai";"Regular";170;"Restaurant_170";"Mexican"
4576;"02-12-2023";1104.57;1094;"User_1094";"Bangalore";"Regular";83;"Restaurant_83";"Chinese"
4577;"30-07-2023";1153.85;1586;"User_1586";"Hyderabad";"Regular";334;"Restaurant_334";"Indian"
4578;"25-08-2023";595.36;2956;"User_2956";"Hyderabad";"Regular";39;"Restaurant_39";"Indian"
4579;"26-07-2023";1447.48;1662;"User_1662";"Bangalore";"Gold";352;"Restaurant_352";"Italian"
4580;"19-03-2023";725.34;275;"User_275";"Pune";"Regular";107;"Restaurant_107";"Mexican"
4581;"26-02-2023";998.45;642;"User_642";"Bangalore";"Gold";295;"Restaurant_295";"Chinese"
4582;"31-01-2023";1191.94;2933;"User_2933";"Chennai";"Regular";466;"Restaurant_466";"Italian"
4583;"28-05-2023";633.78;772;"User_772";"Bangalore";"Gold";125;"Restaurant_125";"Chinese"
4584;"18-08-2023";778.92;650;"User_650";"Chennai";"Gold";31;"Restaurant_31";"Mexican"
4585;"18-10-2023";126.36;716;"User_716";"Pune";"Gold";82;"Restaurant_82";"Chinese"
4586;"15-12-2023";725.81;2796;"User_2796";"Bangalore";"Gold";443;"Restaurant_443";"Mexican"
4587;"26-01-2023";630.72;469;"User_469";"Chennai";"Regular";134;"Restaurant_134";"Mexican"
4588;"01-01-2023";1257.21;213;"User_213";"Hyderabad";"Gold";142;"Restaurant_142";"Indian"
4589;"21-02-2023";1357.63;2521;"User_2521";"Hyderabad";"Gold";143;"Restaurant_143";"Chinese"
4590;"06-01-2023";359.8;313;"User_313";"Chennai";"Regular";328;"Restaurant_328";"Mexican"
4591;"06-04-2023";1221.31;2702;"User_2702";"Pune";"Gold";343;"Restaurant_343";"Mexican"
4592;"10-08-2023";882.17;2089;"User_2089";"Hyderabad";"Gold";67;"Restaurant_67";"Mexican"
4593;"10-04-2023";1494.76;2294;"User_2294";"Pune";"Regular";237;"Restaurant_237";"Italian"
4594;"20-04-2023";868.77;832;"User_832";"Chennai";"Regular";438;"Restaurant_438";"Italian"
4595;"31-12-2023";1145.27;2538;"User_2538";"Hyderabad";"Gold";138;"Restaurant_138";"Indian"
4596;"18-10-2023";274.6;2734;"User_2734";"Bangalore";"Regular";487;"Restaurant_487";"Chinese"
4597;"28-08-2023";693.41;42;"User_42";"Bangalore";"Regular";483;"Restaurant_483";"Chinese"
4598;"27-08-2023";769.8;2801;"User_2801";"Pune";"Regular";69;"Restaurant_69";"Chinese"
4599;"10-11-2023";130.94;2128;"User_2128";"Bangalore";"Gold";148;"Restaurant_148";"Italian"
4600;"02-01-2023";855.09;1989;"User_1989";"Bangalore";"Regular";149;"Restaurant_149";"Mexican"
4601;"25-03-2023";277.91;2914;"User_2914";"Pune";"Regular";367;"Restaurant_367";"Indian"
4602;"24-02-2023";373.86;1208;"User_1208";"Hyderabad";"Regular";11;"Restaurant_11";"Chinese"
4603;"20-09-2023";476.7;1765;"User_1765";"Hyderabad";"Regular";106;"Restaurant_106";"Indian"
4604;"10-08-2023";418.65;2468;"User_2468";"Hyderabad";"Gold";117;"Restaurant_117";"Indian"
4605;"11-03-2023";1278.83;153;"User_153";"Pune";"Gold";44;"Restaurant_44";"Indian"
4606;"17-07-2023";1079.57;2578;"User_2578";"Hyderabad";"Regular";255;"Restaurant_255";"Mexican"
4607;"02-03-2023";512.73;2476;"User_2476";"Pune";"Regular";453;"Restaurant_453";"Chinese"
4608;"30-03-2023";582.64;1368;"User_1368";"Pune";"Gold";310;"Restaurant_310";"Indian"
4609;"26-01-2023";370.59;2998;"User_2998";"Bangalore";"Regular";353;"Restaurant_353";"Indian"
4610;"30-01-2023";943.99;1963;"User_1963";"Pune";"Gold";123;"Restaurant_123";"Chinese"
4611;"05-03-2023";763.75;1054;"User_1054";"Chennai";"Regular";474;"Restaurant_474";"Mexican"
4612;"27-07-2023";1344.39;731;"User_731";"Bangalore";"Regular";263;"Restaurant_263";"Indian"
4613;"19-04-2023";460.53;253;"User_253";"Chennai";"Regular";130;"Restaurant_130";"Indian"
4614;"31-10-2023";104.64;2425;"User_2425";"Chennai";"Gold";368;"Restaurant_368";"Indian"
4615;"29-12-2023";980.0;1860;"User_1860";"Chennai";"Gold";493;"Restaurant_493";"Mexican"
4616;"20-08-2023";490.29;399;"User_399";"Bangalore";"Regular";107;"Restaurant_107";"Mexican"
4617;"01-09-2023";364.83;232;"User_232";"Pune";"Regular";414;"Restaurant_414";"Chinese"
4618;"23-02-2023";1337.34;874;"User_874";"Pune";"Gold";145;"Restaurant_145";"Italian"
4619;"28-09-2023";117.62;2583;"User_2583";"Chennai";"Gold";70;"Restaurant_70";"Chinese"
4620;"18-04-2023";1393.08;2053;"User_2053";"Hyderabad";"Regular";123;"Restaurant_123";"Chinese"
4621;"17-04-2023";1480.0;168;"User_168";"Hyderabad";"Gold";121;"Restaurant_121";"Indian"
4622;"05-05-2023";330.91;1926;"User_1926";"Pune";"Gold";112;"Restaurant_112";"Chinese"
4623;"07-02-2023";401.1;1368;"User_1368";"Pune";"Gold";492;"Restaurant_492";"Italian"
4624;"06-03-2023";575.16;49;"User_49";"Chennai";"Regular";419;"Restaurant_419";"Chinese"
4625;"12-03-2023";970.59;2120;"User_2120";"Hyderabad";"Gold";261;"Restaurant_261";"Italian"
4626;"03-07-2023";1017.39;90;"User_90";"Chennai";"Gold";147;"Restaurant_147";"Italian"
4627;"21-02-2023";1154.45;1412;"User_1412";"Chennai";"Regular";167;"Restaurant_167";"Italian"
4628;"10-10-2023";105.08;2954;"User_2954";"Chennai";"Gold";383;"Restaurant_383";"Indian"
4629;"09-03-2023";364.43;1434;"User_1434";"Hyderabad";"Gold";272;"Restaurant_272";"Indian"
4630;"04-05-2023";681.93;2483;"User_2483";"Pune";"Gold";136;"Restaurant_136";"Indian"
4631;"27-10-2023";967.91;2490;"User_2490";"Pune";"Gold";88;"Restaurant_88";"Indian"
4632;"17-11-2023";1228.06;890;"User_890";"Chennai";"Gold";352;"Restaurant_352";"Italian"
4633;"03-03-2023";835.32;985;"User_985";"Bangalore";"Regular";497;"Restaurant_497";"Mexican"
4634;"09-10-2023";641.21;1791;"User_1791";"Hyderabad";"Gold";49;"Restaurant_49";"Italian"
4635;"12-09-2023";576.5;245;"User_245";"Chennai";"Regular";214;"Restaurant_214";"Chinese"
4636;"30-01-2023";803.34;2627;"User_2627";"Bangalore";"Gold";497;"Restaurant_497";"Mexican"
4637;"06-02-2023";1353.15;2626;"User_2626";"Bangalore";"Gold";321;"Restaurant_321";"Chinese"
4638;"29-01-2023";403.83;2708;"User_2708";"Bangalore";"Gold";139;"Restaurant_139";"Mexican"
4639;"24-01-2023";645.46;1851;"User_1851";"Bangalore";"Gold";105;"Restaurant_105";"Mexican"
4640;"06-01-2023";1178.21;1312;"User_1312";"Hyderabad";"Regular";219;"Restaurant_219";"Mexican"
4641;"29-07-2023";471.89;1581;"User_1581";"Bangalore";"Gold";182;"Restaurant_182";"Mexican"
4642;"20-03-2023";388.62;2243;"User_2243";"Bangalore";"Regular";111;"Restaurant_111";"Mexican"
4643;"08-12-2023";1477.31;1017;"User_1017";"Bangalore";"Regular";147;"Restaurant_147";"Italian"
4644;"03-06-2023";425.79;236;"User_236";"Chennai";"Regular";274;"Restaurant_274";"Mexican"
4645;"20-04-2023";600.44;2687;"User_2687";"Bangalore";"Regular";108;"Restaurant_108";"Chinese"
4646;"07-03-2023";940.3;1210;"User_1210";"Chennai";"Gold";163;"Restaurant_163";"Italian"
4647;"04-09-2023";1069.48;2901;"User_2901";"Hyderabad";"Regular";353;"Restaurant_353";"Indian"
4648;"13-11-2023";910.96;2436;"User_2436";"Chennai";"Gold";46;"Restaurant_46";"Chinese"
4649;"08-09-2023";238.61;1786;"User_1786";"Bangalore";"Regular";4;"Restaurant_4";"Chinese"
4650;"28-04-2023";1068.81;461;"User_461";"Bangalore";"Gold";333;"Restaurant_333";"Chinese"
4651;"13-12-2023";574.87;777;"User_777";"Chennai";"Gold";98;"Restaurant_98";"Indian"
4652;"24-03-2023";1108.45;2149;"User_2149";"Pune";"Gold";397;"Restaurant_397";"Indian"
4653;"12-04-2023";387.86;969;"User_969";"Pune";"Regular";161;"Restaurant_161";"Mexican"
4654;"25-02-2023";815.28;748;"User_748";"Pune";"Regular";182;"Restaurant_182";"Mexican"
4655;"12-10-2023";1352.27;1286;"User_1286";"Pune";"Gold";242;"Restaurant_242";"Mexican"
4656;"01-09-2023";1041.82;2350;"User_2350";"Hyderabad";"Gold";198;"Restaurant_198";"Mexican"
4657;"27-06-2023";970.41;366;"User_366";"Bangalore";"Gold";128;"Restaurant_128";"Indian"
4658;"09-03-2023";1290.82;879;"User_879";"Hyderabad";"Regular";341;"Restaurant_341";"Chinese"
4659;"21-10-2023";1291.81;1256;"User_1256";"Pune";"Regular";310;"Restaurant_310";"Indian"
4660;"14-10-2023";1119.38;547;"User_547";"Bangalore";"Gold";304;"Restaurant_304";"Italian"
4661;"29-06-2023";494.61;1297;"User_1297";"Hyderabad";"Regular";271;"Restaurant_271";"Chinese"
4662;"23-08-2023";886.51;2578;"User_2578";"Hyderabad";"Regular";419;"Restaurant_419";"Chinese"
4663;"27-04-2023";928.68;184;"User_184";"Chennai";"Regular";232;"Restaurant_232";"Mexican"
4664;"23-04-2023";1381.62;1402;"User_1402";"Pune";"Regular";65;"Restaurant_65";"Mexican"
4665;"09-12-2023";135.19;847;"User_847";"Pune";"Gold";3;"Restaurant_3";"Mexican"
4666;"11-02-2023";1341.18;1806;"User_1806";"Chennai";"Gold";320;"Restaurant_320";"Italian"
4667;"12-08-2023";435.06;2897;"User_2897";"Bangalore";"Gold";106;"Restaurant_106";"Indian"
4668;"11-03-2023";135.39;2144;"User_2144";"Hyderabad";"Gold";401;"Restaurant_401";"Indian"
4669;"02-02-2023";535.3;1375;"User_1375";"Pune";"Regular";92;"Restaurant_92";"Mexican"
4670;"26-06-2023";1466.21;117;"User_117";"Pune";"Regular";486;"Restaurant_486";"Italian"
4671;"06-01-2023";790.8;831;"User_831";"Pune";"Regular";248;"Restaurant_248";"Italian"
4672;"10-03-2023";452.29;286;"User_286";"Pune";"Gold";61;"Restaurant_61";"Italian"
4673;"29-07-2023";1157.27;1428;"User_1428";"Bangalore";"Gold";433;"Restaurant_433";"Italian"
4674;"19-11-2023";422.78;1454;"User_1454";"Chennai";"Regular";126;"Restaurant_126";"Italian"
4675;"27-01-2023";245.1;2853;"User_2853";"Chennai";"Regular";358;"Restaurant_358";"Indian"
4676;"18-07-2023";1383.52;139;"User_139";"Pune";"Gold";371;"Restaurant_371";"Chinese"
4677;"26-05-2023";335.27;2770;"User_2770";"Hyderabad";"Regular";45;"Restaurant_45";"Mexican"
4678;"22-02-2023";484.51;248;"User_248";"Bangalore";"Regular";241;"Restaurant_241";"Chinese"
4679;"03-11-2023";449.22;2895;"User_2895";"Chennai";"Gold";293;"Restaurant_293";"Italian"
4680;"24-12-2023";790.34;1772;"User_1772";"Hyderabad";"Regular";92;"Restaurant_92";"Mexican"
4681;"09-01-2023";845.4;1265;"User_1265";"Bangalore";"Regular";125;"Restaurant_125";"Chinese"
4682;"15-11-2023";213.03;2030;"User_2030";"Chennai";"Gold";423;"Restaurant_423";"Indian"
4683;"01-08-2023";612.04;1776;"User_1776";"Chennai";"Gold";254;"Restaurant_254";"Indian"
4684;"01-07-2023";410.99;338;"User_338";"Pune";"Gold";231;"Restaurant_231";"Indian"
4685;"04-09-2023";1425.64;2234;"User_2234";"Bangalore";"Gold";92;"Restaurant_92";"Mexican"
4686;"24-06-2023";1472.22;1291;"User_1291";"Chennai";"Gold";57;"Restaurant_57";"Mexican"
4687;"05-11-2023";778.66;153;"User_153";"Pune";"Gold";486;"Restaurant_486";"Italian"
4688;"17-03-2023";867.21;1754;"User_1754";"Chennai";"Gold";500;"Restaurant_500";"Chinese"
4689;"05-11-2023";404.72;2144;"User_2144";"Hyderabad";"Gold";70;"Restaurant_70";"Chinese"
4690;"08-11-2023";1251.51;2627;"User_2627";"Bangalore";"Gold";95;"Restaurant_95";"Indian"
4691;"22-01-2023";286.17;1537;"User_1537";"Bangalore";"Regular";367;"Restaurant_367";"Indian"
4692;"08-01-2023";973.09;264;"User_264";"Pune";"Regular";366;"Restaurant_366";"Indian"
4693;"28-04-2023";282.81;549;"User_549";"Pune";"Gold";36;"Restaurant_36";"Italian"
4694;"06-07-2023";1280.24;2643;"User_2643";"Chennai";"Regular";61;"Restaurant_61";"Italian"
4695;"11-09-2023";1027.33;1361;"User_1361";"Chennai";"Regular";219;"Restaurant_219";"Mexican"
4696;"06-01-2023";763.63;987;"User_987";"Bangalore";"Regular";410;"Restaurant_410";"Italian"
4697;"30-04-2023";334.05;2038;"User_2038";"Chennai";"Regular";213;"Restaurant_213";"Indian"
4698;"21-10-2023";1479.94;210;"User_210";"Chennai";"Regular";369;"Restaurant_369";"Italian"
4699;"31-05-2023";435.48;1771;"User_1771";"Hyderabad";"Regular";168;"Restaurant_168";"Indian"
4700;"25-08-2023";439.25;2822;"User_2822";"Bangalore";"Regular";196;"Restaurant_196";"Italian"
4701;"05-11-2023";1020.84;877;"User_877";"Pune";"Gold";234;"Restaurant_234";"Chinese"
4702;"26-05-2023";427.01;1285;"User_1285";"Chennai";"Gold";321;"Restaurant_321";"Chinese"
4703;"23-11-2023";588.94;1421;"User_1421";"Bangalore";"Gold";437;"Restaurant_437";"Indian"
4704;"03-04-2023";1049.97;21;"User_21";"Bangalore";"Gold";154;"Restaurant_154";"Chinese"
4705;"24-10-2023";1032.32;1730;"User_1730";"Bangalore";"Regular";456;"Restaurant_456";"Chinese"
4706;"12-07-2023";649.13;2684;"User_2684";"Pune";"Regular";290;"Restaurant_290";"Chinese"
4707;"16-03-2023";1460.32;252;"User_252";"Pune";"Regular";131;"Restaurant_131";"Italian"
4708;"06-01-2023";1496.86;1552;"User_1552";"Hyderabad";"Gold";336;"Restaurant_336";"Mexican"
4709;"21-08-2023";355.09;729;"User_729";"Bangalore";"Regular";38;"Restaurant_38";"Italian"
4710;"05-11-2023";1204.94;2430;"User_2430";"Pune";"Gold";383;"Restaurant_383";"Indian"
4711;"01-12-2023";616.38;1779;"User_1779";"Chennai";"Regular";27;"Restaurant_27";"Italian"
4712;"01-02-2023";352.2;1422;"User_1422";"Bangalore";"Gold";165;"Restaurant_165";"Mexican"
4713;"14-06-2023";1398.05;7;"User_7";"Chennai";"Gold";356;"Restaurant_356";"Indian"
4714;"21-10-2023";1384.71;2747;"User_2747";"Chennai";"Regular";383;"Restaurant_383";"Indian"
4715;"31-01-2023";1231.29;2548;"User_2548";"Pune";"Regular";163;"Restaurant_163";"Italian"
4716;"25-10-2023";1107.6;755;"User_755";"Chennai";"Regular";308;"Restaurant_308";"Italian"
4717;"16-04-2023";1030.27;2268;"User_2268";"Hyderabad";"Regular";59;"Restaurant_59";"Chinese"
4718;"24-09-2023";941.21;1391;"User_1391";"Bangalore";"Regular";184;"Restaurant_184";"Mexican"
4719;"18-08-2023";740.19;1772;"User_1772";"Hyderabad";"Regular";241;"Restaurant_241";"Chinese"
4720;"16-06-2023";507.39;1688;"User_1688";"Bangalore";"Gold";132;"Restaurant_132";"Indian"
4721;"27-02-2023";1306.86;1463;"User_1463";"Chennai";"Gold";188;"Restaurant_188";"Chinese"
4722;"26-12-2023";1038.8;2521;"User_2521";"Hyderabad";"Gold";449;"Restaurant_449";"Indian"
4723;"26-04-2023";802.08;1015;"User_1015";"Chennai";"Gold";231;"Restaurant_231";"Indian"
4724;"10-10-2023";1299.22;1778;"User_1778";"Pune";"Gold";89;"Restaurant_89";"Indian"
4725;"24-06-2023";446.67;2137;"User_2137";"Pune";"Gold";224;"Restaurant_224";"Chinese"
4726;"22-09-2023";864.83;340;"User_340";"Chennai";"Regular";382;"Restaurant_382";"Mexican"
4727;"24-01-2023";306.7;702;"User_702";"Pune";"Regular";185;"Restaurant_185";"Mexican"
4728;"03-10-2023";638.66;2624;"User_2624";"Hyderabad";"Regular";451;"Restaurant_451";"Chinese"
4729;"14-11-2023";1125.12;1113;"User_1113";"Pune";"Regular";313;"Restaurant_313";"Indian"
4730;"23-07-2023";964.75;1189;"User_1189";"Pune";"Regular";35;"Restaurant_35";"Chinese"
4731;"07-08-2023";350.65;453;"User_453";"Hyderabad";"Regular";278;"Restaurant_278";"Indian"
4732;"06-02-2023";1272.43;1225;"User_1225";"Bangalore";"Regular";398;"Restaurant_398";"Indian"
4733;"05-12-2023";681.4;2597;"User_2597";"Pune";"Gold";354;"Restaurant_354";"Indian"
4734;"16-01-2023";1312.21;688;"User_688";"Hyderabad";"Gold";33;"Restaurant_33";"Italian"
4735;"22-04-2023";1031.05;643;"User_643";"Pune";"Gold";442;"Restaurant_442";"Italian"
4736;"18-03-2023";897.77;1541;"User_1541";"Chennai";"Regular";43;"Restaurant_43";"Chinese"
4737;"13-01-2023";646.55;2030;"User_2030";"Chennai";"Gold";32;"Restaurant_32";"Italian"
4738;"01-07-2023";1167.3;482;"User_482";"Hyderabad";"Regular";497;"Restaurant_497";"Mexican"
4739;"07-10-2023";438.22;436;"User_436";"Bangalore";"Gold";81;"Restaurant_81";"Chinese"
4740;"26-06-2023";409.36;2091;"User_2091";"Chennai";"Gold";121;"Restaurant_121";"Indian"
4741;"10-06-2023";273.12;1480;"User_1480";"Pune";"Gold";115;"Restaurant_115";"Chinese"
4742;"03-08-2023";595.77;2062;"User_2062";"Hyderabad";"Gold";64;"Restaurant_64";"Chinese"
4743;"19-11-2023";776.02;2170;"User_2170";"Bangalore";"Regular";226;"Restaurant_226";"Indian"
4744;"23-07-2023";360.25;517;"User_517";"Chennai";"Regular";383;"Restaurant_383";"Indian"
4745;"27-02-2023";1309.48;1826;"User_1826";"Hyderabad";"Regular";221;"Restaurant_221";"Chinese"
4746;"05-11-2023";1466.2;425;"User_425";"Pune";"Gold";27;"Restaurant_27";"Italian"
4747;"20-05-2023";434.07;2123;"User_2123";"Bangalore";"Regular";34;"Restaurant_34";"Chinese"
4748;"01-01-2023";559.94;526;"User_526";"Hyderabad";"Regular";52;"Restaurant_52";"Mexican"
4749;"22-06-2023";915.92;1972;"User_1972";"Bangalore";"Gold";409;"Restaurant_409";"Mexican"
4750;"23-11-2023";274.58;374;"User_374";"Hyderabad";"Regular";241;"Restaurant_241";"Chinese"
4751;"06-02-2023";456.74;693;"User_693";"Bangalore";"Regular";303;"Restaurant_303";"Mexican"
4752;"19-03-2023";474.66;1080;"User_1080";"Chennai";"Regular";235;"Restaurant_235";"Italian"
4753;"19-09-2023";367.72;429;"User_429";"Hyderabad";"Gold";56;"Restaurant_56";"Italian"
4754;"02-08-2023";1356.15;1595;"User_1595";"Chennai";"Gold";99;"Restaurant_99";"Italian"
4755;"05-05-2023";1378.5;1993;"User_1993";"Pune";"Gold";189;"Restaurant_189";"Indian"
4756;"13-04-2023";639.31;1197;"User_1197";"Bangalore";"Regular";364;"Restaurant_364";"Mexican"
4757;"11-05-2023";1005.13;1531;"User_1531";"Bangalore";"Gold";442;"Restaurant_442";"Italian"
4758;"04-01-2023";1404.97;576;"User_576";"Pune";"Gold";298;"Restaurant_298";"Mexican"
4759;"20-02-2023";198.98;623;"User_623";"Pune";"Gold";225;"Restaurant_225";"Italian"
4760;"16-11-2023";432.95;2385;"User_2385";"Pune";"Regular";271;"Restaurant_271";"Chinese"
4761;"14-10-2023";939.08;1299;"User_1299";"Bangalore";"Regular";159;"Restaurant_159";"Mexican"
4762;"07-05-2023";569.58;275;"User_275";"Pune";"Regular";171;"Restaurant_171";"Mexican"
4763;"16-08-2023";861.19;1500;"User_1500";"Hyderabad";"Regular";260;"Restaurant_260";"Indian"
4764;"21-09-2023";920.31;2640;"User_2640";"Bangalore";"Gold";478;"Restaurant_478";"Chinese"
4765;"05-08-2023";1024.43;1977;"User_1977";"Pune";"Gold";127;"Restaurant_127";"Chinese"
4766;"11-07-2023";1366.09;1791;"User_1791";"Hyderabad";"Gold";455;"Restaurant_455";"Chinese"
4767;"28-07-2023";139.4;1105;"User_1105";"Chennai";"Gold";31;"Restaurant_31";"Mexican"
4768;"20-11-2023";559.61;96;"User_96";"Pune";"Regular";110;"Restaurant_110";"Mexican"
4769;"19-01-2023";1025.54;66;"User_66";"Chennai";"Gold";64;"Restaurant_64";"Chinese"
4770;"17-10-2023";1434.2;1424;"User_1424";"Pune";"Gold";338;"Restaurant_338";"Mexican"
4771;"18-09-2023";800.07;2767;"User_2767";"Hyderabad";"Regular";306;"Restaurant_306";"Chinese"
4772;"24-07-2023";1099.58;386;"User_386";"Pune";"Regular";65;"Restaurant_65";"Mexican"
4773;"02-11-2023";1468.77;848;"User_848";"Pune";"Regular";96;"Restaurant_96";"Mexican"
4774;"15-08-2023";707.02;58;"User_58";"Bangalore";"Regular";260;"Restaurant_260";"Indian"
4775;"27-03-2023";415.35;1405;"User_1405";"Pune";"Regular";268;"Restaurant_268";"Indian"
4776;"23-10-2023";657.58;567;"User_567";"Hyderabad";"Gold";27;"Restaurant_27";"Italian"
4777;"05-04-2023";949.04;892;"User_892";"Bangalore";"Gold";179;"Restaurant_179";"Italian"
4778;"15-06-2023";1489.68;2813;"User_2813";"Chennai";"Gold";118;"Restaurant_118";"Mexican"
4779;"17-10-2023";1097.73;2138;"User_2138";"Chennai";"Regular";410;"Restaurant_410";"Italian"
4780;"21-02-2023";1304.13;1482;"User_1482";"Bangalore";"Regular";342;"Restaurant_342";"Mexican"
4781;"20-09-2023";295.73;398;"User_398";"Pune";"Gold";163;"Restaurant_163";"Italian"
4782;"13-04-2023";323.14;2298;"User_2298";"Bangalore";"Regular";282;"Restaurant_282";"Indian"
4783;"22-03-2023";470.45;1097;"User_1097";"Chennai";"Gold";319;"Restaurant_319";"Indian"
4784;"27-01-2023";132.68;1407;"User_1407";"Pune";"Gold";368;"Restaurant_368";"Indian"
4785;"03-02-2023";446.32;2003;"User_2003";"Chennai";"Regular";304;"Restaurant_304";"Italian"
4786;"27-03-2023";351.94;1640;"User_1640";"Hyderabad";"Regular";41;"Restaurant_41";"Mexican"
4787;"19-11-2023";931.33;2234;"User_2234";"Bangalore";"Gold";55;"Restaurant_55";"Indian"
4788;"15-12-2023";207.71;829;"User_829";"Pune";"Regular";419;"Restaurant_419";"Chinese"
4789;"14-08-2023";1245.14;2406;"User_2406";"Pune";"Regular";315;"Restaurant_315";"Mexican"
4790;"25-08-2023";753.4;1653;"User_1653";"Bangalore";"Gold";297;"Restaurant_297";"Italian"
4791;"18-07-2023";255.43;396;"User_396";"Pune";"Regular";136;"Restaurant_136";"Indian"
4792;"11-07-2023";100.23;2748;"User_2748";"Hyderabad";"Regular";383;"Restaurant_383";"Indian"
4793;"25-10-2023";1489.25;983;"User_983";"Pune";"Regular";163;"Restaurant_163";"Italian"
4794;"20-09-2023";1395.83;657;"User_657";"Bangalore";"Regular";107;"Restaurant_107";"Mexican"
4795;"17-01-2023";109.93;1445;"User_1445";"Bangalore";"Regular";338;"Restaurant_338";"Mexican"
4796;"14-11-2023";1069.64;1203;"User_1203";"Hyderabad";"Regular";156;"Restaurant_156";"Italian"
4797;"28-04-2023";1487.91;23;"User_23";"Chennai";"Regular";346;"Restaurant_346";"Indian"
4798;"03-12-2023";360.65;2223;"User_2223";"Chennai";"Regular";54;"Restaurant_54";"Italian"
4799;"18-07-2023";362.07;1280;"User_1280";"Hyderabad";"Regular";415;"Restaurant_415";"Indian"
4800;"10-03-2023";1234.13;1523;"User_1523";"Hyderabad";"Regular";345;"Restaurant_345";"Chinese"
4801;"03-09-2023";1162.25;1469;"User_1469";"Pune";"Gold";391;"Restaurant_391";"Indian"
4802;"15-02-2023";904.48;52;"User_52";"Chennai";"Regular";181;"Restaurant_181";"Indian"
4803;"02-05-2023";1036.5;1018;"User_1018";"Bangalore";"Gold";191;"Restaurant_191";"Indian"
4804;"23-08-2023";328.06;875;"User_875";"Hyderabad";"Regular";395;"Restaurant_395";"Mexican"
4805;"29-10-2023";727.44;1488;"User_1488";"Hyderabad";"Gold";198;"Restaurant_198";"Mexican"
4806;"16-12-2023";669.39;2924;"User_2924";"Hyderabad";"Gold";79;"Restaurant_79";"Mexican"
4807;"01-04-2023";1196.31;2358;"User_2358";"Bangalore";"Regular";341;"Restaurant_341";"Chinese"
4808;"19-09-2023";650.35;2595;"User_2595";"Bangalore";"Regular";52;"Restaurant_52";"Mexican"
4809;"03-12-2023";921.43;893;"User_893";"Pune";"Gold";432;"Restaurant_432";"Mexican"
4810;"26-11-2023";811.83;1305;"User_1305";"Chennai";"Regular";340;"Restaurant_340";"Chinese"
4811;"10-12-2023";382.37;2487;"User_2487";"Hyderabad";"Gold";314;"Restaurant_314";"Indian"
4812;"23-06-2023";1291.23;943;"User_943";"Chennai";"Regular";55;"Restaurant_55";"Indian"
4813;"02-10-2023";1305.33;2420;"User_2420";"Chennai";"Gold";470;"Restaurant_470";"Italian"
4814;"19-02-2023";1474.78;356;"User_356";"Pune";"Gold";31;"Restaurant_31";"Mexican"
4815;"27-07-2023";841.23;1276;"User_1276";"Pune";"Gold";444;"Restaurant_444";"Chinese"
4816;"01-01-2023";195.99;2414;"User_2414";"Hyderabad";"Gold";173;"Restaurant_173";"Chinese"
4817;"06-12-2023";366.2;219;"User_219";"Chennai";"Regular";377;"Restaurant_377";"Mexican"
4818;"16-01-2023";869.64;2633;"User_2633";"Hyderabad";"Gold";136;"Restaurant_136";"Indian"
4819;"21-11-2023";1100.43;936;"User_936";"Pune";"Gold";449;"Restaurant_449";"Indian"
4820;"27-07-2023";1129.72;1281;"User_1281";"Pune";"Gold";88;"Restaurant_88";"Indian"
4821;"29-07-2023";1388.26;143;"User_143";"Bangalore";"Gold";78;"Restaurant_78";"Indian"
4822;"22-10-2023";115.69;1745;"User_1745";"Hyderabad";"Gold";434;"Restaurant_434";"Italian"
4823;"11-12-2023";695.26;1229;"User_1229";"Bangalore";"Regular";356;"Restaurant_356";"Indian"
4824;"23-06-2023";731.83;2802;"User_2802";"Hyderabad";"Gold";197;"Restaurant_197";"Mexican"
4825;"09-11-2023";718.08;1775;"User_1775";"Chennai";"Regular";118;"Restaurant_118";"Mexican"
4826;"15-09-2023";1418.58;1545;"User_1545";"Hyderabad";"Regular";9;"Restaurant_9";"Italian"
4827;"23-03-2023";859.73;76;"User_76";"Pune";"Regular";407;"Restaurant_407";"Mexican"
4828;"28-10-2023";949.29;161;"User_161";"Pune";"Gold";13;"Restaurant_13";"Indian"
4829;"15-06-2023";661.49;1562;"User_1562";"Chennai";"Regular";247;"Restaurant_247";"Mexican"
4830;"06-06-2023";1018.83;986;"User_986";"Chennai";"Gold";73;"Restaurant_73";"Mexican"
4831;"25-05-2023";1292.85;1991;"User_1991";"Pune";"Regular";143;"Restaurant_143";"Chinese"
4832;"24-03-2023";676.84;2131;"User_2131";"Pune";"Gold";466;"Restaurant_466";"Italian"
4833;"29-03-2023";1208.79;1964;"User_1964";"Chennai";"Gold";319;"Restaurant_319";"Indian"
4834;"10-01-2023";434.49;375;"User_375";"Chennai";"Gold";252;"Restaurant_252";"Indian"
4835;"01-08-2023";1168.05;1543;"User_1543";"Chennai";"Gold";1;"Restaurant_1";"Chinese"
4836;"24-12-2023";390.32;770;"User_770";"Bangalore";"Regular";451;"Restaurant_451";"Chinese"
4837;"14-03-2023";1110.67;1936;"User_1936";"Bangalore";"Gold";314;"Restaurant_314";"Indian"
4838;"21-12-2023";1433.79;2057;"User_2057";"Chennai";"Gold";182;"Restaurant_182";"Mexican"
4839;"21-02-2023";1359.68;2955;"User_2955";"Bangalore";"Gold";109;"Restaurant_109";"Chinese"
4840;"25-03-2023";102.22;1880;"User_1880";"Chennai";"Gold";409;"Restaurant_409";"Mexican"
4841;"23-02-2023";1318.62;2956;"User_2956";"Hyderabad";"Regular";260;"Restaurant_260";"Indian"
4842;"21-11-2023";193.66;1097;"User_1097";"Chennai";"Gold";140;"Restaurant_140";"Italian"
4843;"29-11-2023";792.64;2264;"User_2264";"Bangalore";"Gold";470;"Restaurant_470";"Italian"
4844;"03-04-2023";1144.32;303;"User_303";"Pune";"Regular";240;"Restaurant_240";"Indian"
4845;"23-10-2023";1292.96;2925;"User_2925";"Bangalore";"Regular";326;"Restaurant_326";"Italian"
4846;"01-01-2024";175.16;975;"User_975";"Pune";"Regular";384;"Restaurant_384";"Mexican"
4847;"13-06-2023";161.39;358;"User_358";"Bangalore";"Gold";167;"Restaurant_167";"Italian"
4848;"07-08-2023";474.32;995;"User_995";"Hyderabad";"Regular";202;"Restaurant_202";"Indian"
4849;"17-12-2023";657.55;2805;"User_2805";"Bangalore";"Regular";57;"Restaurant_57";"Mexican"
4850;"16-07-2023";901.37;2174;"User_2174";"Pune";"Gold";279;"Restaurant_279";"Italian"
4851;"02-08-2023";1036.88;37;"User_37";"Bangalore";"Regular";407;"Restaurant_407";"Mexican"
4852;"15-06-2023";1000.9;400;"User_400";"Hyderabad";"Regular";87;"Restaurant_87";"Mexican"
4853;"03-11-2023";1423.71;2323;"User_2323";"Bangalore";"Gold";446;"Restaurant_446";"Indian"
4854;"13-12-2023";472.7;686;"User_686";"Chennai";"Regular";310;"Restaurant_310";"Indian"
4855;"16-05-2023";253.78;1478;"User_1478";"Pune";"Gold";427;"Restaurant_427";"Indian"
4856;"01-04-2023";1078.21;1417;"User_1417";"Chennai";"Gold";99;"Restaurant_99";"Italian"
4857;"13-12-2023";1057.18;2594;"User_2594";"Pune";"Regular";34;"Restaurant_34";"Chinese"
4858;"11-02-2023";419.61;2204;"User_2204";"Chennai";"Gold";390;"Restaurant_390";"Mexican"
4859;"01-12-2023";743.94;979;"User_979";"Hyderabad";"Gold";60;"Restaurant_60";"Mexican"
4860;"21-07-2023";485.88;1543;"User_1543";"Chennai";"Gold";33;"Restaurant_33";"Italian"
4861;"05-07-2023";415.9;1889;"User_1889";"Pune";"Regular";407;"Restaurant_407";"Mexican"
4862;"07-03-2023";1143.04;1729;"User_1729";"Chennai";"Gold";372;"Restaurant_372";"Italian"
4863;"21-07-2023";1200.8;2473;"User_2473";"Hyderabad";"Regular";473;"Restaurant_473";"Italian"
4864;"19-10-2023";834.03;1089;"User_1089";"Hyderabad";"Regular";384;"Restaurant_384";"Mexican"
4865;"02-11-2023";1392.3;1003;"User_1003";"Bangalore";"Regular";105;"Restaurant_105";"Mexican"
4866;"16-08-2023";529.28;2269;"User_2269";"Hyderabad";"Regular";201;"Restaurant_201";"Mexican"
4867;"23-03-2023";182.73;2647;"User_2647";"Hyderabad";"Gold";338;"Restaurant_338";"Mexican"
4868;"28-02-2023";290.12;2551;"User_2551";"Pune";"Gold";437;"Restaurant_437";"Indian"
4869;"28-12-2023";1097.4;580;"User_580";"Pune";"Regular";38;"Restaurant_38";"Italian"
4870;"13-01-2023";1490.9;2190;"User_2190";"Pune";"Regular";224;"Restaurant_224";"Chinese"
4871;"27-02-2023";1481.45;44;"User_44";"Chennai";"Gold";87;"Restaurant_87";"Mexican"
4872;"20-01-2023";863.86;262;"User_262";"Chennai";"Gold";342;"Restaurant_342";"Mexican"
4873;"04-07-2023";781.52;2048;"User_2048";"Chennai";"Gold";216;"Restaurant_216";"Italian"
4874;"29-09-2023";1279.46;1470;"User_1470";"Pune";"Regular";341;"Restaurant_341";"Chinese"
4875;"05-09-2023";1420.81;118;"User_118";"Pune";"Regular";343;"Restaurant_343";"Mexican"
4876;"02-07-2023";513.57;809;"User_809";"Pune";"Gold";370;"Restaurant_370";"Chinese"
4877;"15-12-2023";863.38;605;"User_605";"Bangalore";"Gold";406;"Restaurant_406";"Chinese"
4878;"13-07-2023";608.04;2459;"User_2459";"Pune";"Gold";165;"Restaurant_165";"Mexican"
4879;"18-04-2023";1082.14;1208;"User_1208";"Hyderabad";"Regular";395;"Restaurant_395";"Mexican"
4880;"28-01-2023";1091.66;1244;"User_1244";"Hyderabad";"Gold";129;"Restaurant_129";"Indian"
4881;"08-03-2023";1105.76;1420;"User_1420";"Pune";"Gold";327;"Restaurant_327";"Indian"
4882;"31-05-2023";1116.41;940;"User_940";"Hyderabad";"Regular";432;"Restaurant_432";"Mexican"
4883;"18-08-2023";508.95;1433;"User_1433";"Hyderabad";"Gold";70;"Restaurant_70";"Chinese"
4884;"11-06-2023";123.83;2246;"User_2246";"Pune";"Gold";481;"Restaurant_481";"Indian"
4885;"06-10-2023";335.37;2772;"User_2772";"Bangalore";"Gold";47;"Restaurant_47";"Indian"
4886;"26-08-2023";246.23;2374;"User_2374";"Bangalore";"Regular";371;"Restaurant_371";"Chinese"
4887;"20-04-2023";1360.76;1423;"User_1423";"Hyderabad";"Gold";469;"Restaurant_469";"Italian"
4888;"27-04-2023";1240.58;498;"User_498";"Pune";"Regular";428;"Restaurant_428";"Mexican"
4889;"10-07-2023";1032.14;2284;"User_2284";"Pune";"Regular";13;"Restaurant_13";"Indian"
4890;"18-04-2023";545.93;1519;"User_1519";"Chennai";"Gold";221;"Restaurant_221";"Chinese"
4891;"09-11-2023";602.13;662;"User_662";"Hyderabad";"Regular";209;"Restaurant_209";"Indian"
4892;"31-10-2023";662.62;1971;"User_1971";"Hyderabad";"Gold";469;"Restaurant_469";"Italian"
4893;"22-10-2023";1038.93;2452;"User_2452";"Pune";"Gold";446;"Restaurant_446";"Indian"
4894;"29-07-2023";249.42;2882;"User_2882";"Pune";"Gold";142;"Restaurant_142";"Indian"
4895;"22-03-2023";208.95;767;"User_767";"Hyderabad";"Gold";406;"Restaurant_406";"Chinese"
4896;"16-06-2023";1408.96;995;"User_995";"Hyderabad";"Regular";269;"Restaurant_269";"Indian"
4897;"28-05-2023";1499.66;168;"User_168";"Hyderabad";"Gold";77;"Restaurant_77";"Mexican"
4898;"27-06-2023";142.63;2460;"User_2460";"Pune";"Gold";321;"Restaurant_321";"Chinese"
4899;"07-10-2023";1076.21;1932;"User_1932";"Bangalore";"Regular";159;"Restaurant_159";"Mexican"
4900;"30-10-2023";655.05;304;"User_304";"Pune";"Regular";231;"Restaurant_231";"Indian"
4901;"25-06-2023";1339.8;2075;"User_2075";"Hyderabad";"Gold";228;"Restaurant_228";"Mexican"
4902;"03-03-2023";1001.86;668;"User_668";"Bangalore";"Regular";417;"Restaurant_417";"Mexican"
4903;"11-11-2023";1004.38;1407;"User_1407";"Pune";"Gold";278;"Restaurant_278";"Indian"
4904;"29-05-2023";1408.07;1461;"User_1461";"Chennai";"Regular";303;"Restaurant_303";"Mexican"
4905;"18-04-2023";750.58;2968;"User_2968";"Chennai";"Regular";196;"Restaurant_196";"Italian"
4906;"27-04-2023";1056.25;2039;"User_2039";"Pune";"Regular";339;"Restaurant_339";"Indian"
4907;"07-03-2023";341.81;670;"User_670";"Pune";"Gold";9;"Restaurant_9";"Italian"
4908;"24-01-2023";406.81;367;"User_367";"Bangalore";"Gold";182;"Restaurant_182";"Mexican"
4909;"20-03-2023";386.16;200;"User_200";"Hyderabad";"Regular";69;"Restaurant_69";"Chinese"
4910;"01-10-2023";138.21;2087;"User_2087";"Bangalore";"Regular";348;"Restaurant_348";"Italian"
4911;"13-02-2023";378.67;1002;"User_1002";"Pune";"Regular";261;"Restaurant_261";"Italian"
4912;"26-03-2023";607.3;663;"User_663";"Hyderabad";"Regular";305;"Restaurant_305";"Indian"
4913;"09-05-2023";897.92;2325;"User_2325";"Pune";"Gold";22;"Restaurant_22";"Chinese"
4914;"28-07-2023";1245.19;1574;"User_1574";"Hyderabad";"Gold";127;"Restaurant_127";"Chinese"
4915;"02-02-2023";1080.07;761;"User_761";"Pune";"Regular";80;"Restaurant_80";"Italian"
4916;"26-04-2023";1348.28;1900;"User_1900";"Bangalore";"Gold";489;"Restaurant_489";"Italian"
4917;"02-01-2023";1057.89;2176;"User_2176";"Pune";"Regular";470;"Restaurant_470";"Italian"
4918;"17-08-2023";157.39;2785;"User_2785";"Pune";"Gold";284;"Restaurant_284";"Indian"
4919;"25-10-2023";165.51;2506;"User_2506";"Bangalore";"Gold";204;"Restaurant_204";"Mexican"
4920;"04-03-2023";651.07;2363;"User_2363";"Bangalore";"Regular";96;"Restaurant_96";"Mexican"
4921;"27-11-2023";295.94;2973;"User_2973";"Hyderabad";"Gold";383;"Restaurant_383";"Indian"
4922;"01-10-2023";1396.71;2944;"User_2944";"Hyderabad";"Gold";394;"Restaurant_394";"Mexican"
4923;"02-07-2023";1318.99;2963;"User_2963";"Pune";"Regular";48;"Restaurant_48";"Mexican"
4924;"20-01-2023";487.61;2935;"User_2935";"Hyderabad";"Gold";266;"Restaurant_266";"Italian"
4925;"04-04-2023";1139.21;55;"User_55";"Bangalore";"Regular";121;"Restaurant_121";"Indian"
4926;"03-01-2023";1371.31;460;"User_460";"Chennai";"Regular";81;"Restaurant_81";"Chinese"
4927;"07-07-2023";410.3;24;"User_24";"Hyderabad";"Regular";275;"Restaurant_275";"Italian"
4928;"30-09-2023";331.68;2620;"User_2620";"Pune";"Gold";49;"Restaurant_49";"Italian"
4929;"18-06-2023";171.96;712;"User_712";"Bangalore";"Regular";239;"Restaurant_239";"Indian"
4930;"10-04-2023";169.68;1136;"User_1136";"Hyderabad";"Gold";405;"Restaurant_405";"Indian"
4931;"24-06-2023";1072.99;165;"User_165";"Chennai";"Regular";227;"Restaurant_227";"Italian"
4932;"04-04-2023";710.59;255;"User_255";"Chennai";"Gold";362;"Restaurant_362";"Indian"
4933;"21-08-2023";388.46;882;"User_882";"Pune";"Gold";103;"Restaurant_103";"Mexican"
4934;"28-06-2023";398.79;2199;"User_2199";"Chennai";"Gold";181;"Restaurant_181";"Indian"
4935;"16-10-2023";935.17;1799;"User_1799";"Chennai";"Gold";170;"Restaurant_170";"Mexican"
4936;"15-04-2023";626.55;496;"User_496";"Chennai";"Regular";185;"Restaurant_185";"Mexican"
4937;"28-08-2023";1380.34;188;"User_188";"Hyderabad";"Regular";439;"Restaurant_439";"Mexican"
4938;"11-01-2023";1088.22;2289;"User_2289";"Pune";"Gold";172;"Restaurant_172";"Italian"
4939;"28-08-2023";1240.45;1538;"User_1538";"Bangalore";"Regular";308;"Restaurant_308";"Italian"
4940;"04-03-2023";890.5;2291;"User_2291";"Bangalore";"Regular";436;"Restaurant_436";"Mexican"
4941;"27-08-2023";302.32;1814;"User_1814";"Chennai";"Regular";487;"Restaurant_487";"Chinese"
4942;"21-01-2023";676.3;1164;"User_1164";"Bangalore";"Regular";363;"Restaurant_363";"Italian"
4943;"09-03-2023";289.26;1660;"User_1660";"Bangalore";"Regular";442;"Restaurant_442";"Italian"
4944;"21-07-2023";419.27;1657;"User_1657";"Hyderabad";"Gold";332;"Restaurant_332";"Chinese"
4945;"02-11-2023";917.93;1815;"User_1815";"Pune";"Gold";56;"Restaurant_56";"Italian"
4946;"15-08-2023";1474.25;850;"User_850";"Chennai";"Regular";219;"Restaurant_219";"Mexican"
4947;"27-05-2023";1264.09;461;"User_461";"Bangalore";"Gold";39;"Restaurant_39";"Indian"
4948;"22-02-2023";1018.14;425;"User_425";"Pune";"Gold";319;"Restaurant_319";"Indian"
4949;"31-08-2023";878.29;1407;"User_1407";"Pune";"Gold";178;"Restaurant_178";"Mexican"
4950;"19-05-2023";1155.15;99;"User_99";"Pune";"Regular";298;"Restaurant_298";"Mexican"
4951;"16-03-2023";456.43;838;"User_838";"Bangalore";"Gold";159;"Restaurant_159";"Mexican"
4952;"12-12-2023";1182.42;564;"User_564";"Pune";"Regular";256;"Restaurant_256";"Italian"
4953;"27-12-2023";902.07;577;"User_577";"Chennai";"Gold";68;"Restaurant_68";"Italian"
4954;"12-02-2023";1095.44;2859;"User_2859";"Hyderabad";"Regular";374;"Restaurant_374";"Mexican"
4955;"30-01-2023";1114.43;1828;"User_1828";"Chennai";"Regular";36;"Restaurant_36";"Italian"
4956;"09-10-2023";1171.87;2658;"User_2658";"Bangalore";"Regular";126;"Restaurant_126";"Italian"
4957;"22-09-2023";1129.83;149;"User_149";"Bangalore";"Regular";24;"Restaurant_24";"Mexican"
4958;"16-07-2023";1087.75;2567;"User_2567";"Bangalore";"Gold";414;"Restaurant_414";"Chinese"
4959;"04-04-2023";1098.37;2931;"User_2931";"Chennai";"Regular";440;"Restaurant_440";"Mexican"
4960;"03-01-2023";261.68;621;"User_621";"Bangalore";"Regular";5;"Restaurant_5";"Chinese"
4961;"26-08-2023";418.47;1673;"User_1673";"Chennai";"Regular";137;"Restaurant_137";"Indian"
4962;"02-07-2023";1309.36;2349;"User_2349";"Pune";"Regular";467;"Restaurant_467";"Italian"
4963;"14-01-2023";1059.78;1626;"User_1626";"Chennai";"Gold";46;"Restaurant_46";"Chinese"
4964;"18-01-2023";1487.82;2533;"User_2533";"Pune";"Regular";290;"Restaurant_290";"Chinese"
4965;"14-10-2023";1346.02;697;"User_697";"Bangalore";"Gold";250;"Restaurant_250";"Mexican"
4966;"31-08-2023";1492.85;2263;"User_2263";"Hyderabad";"Gold";212;"Restaurant_212";"Indian"
4967;"17-04-2023";474.13;2621;"User_2621";"Hyderabad";"Regular";404;"Restaurant_404";"Indian"
4968;"13-03-2023";1479.57;1969;"User_1969";"Bangalore";"Regular";386;"Restaurant_386";"Italian"
4969;"10-12-2023";840.96;752;"User_752";"Hyderabad";"Gold";498;"Restaurant_498";"Chinese"
4970;"17-09-2023";1142.14;1706;"User_1706";"Hyderabad";"Regular";31;"Restaurant_31";"Mexican"
4971;"17-05-2023";1079.41;2914;"User_2914";"Pune";"Regular";297;"Restaurant_297";"Italian"
4972;"18-06-2023";753.86;2248;"User_2248";"Hyderabad";"Regular";179;"Restaurant_179";"Italian"
4973;"09-01-2023";1405.03;1461;"User_1461";"Chennai";"Regular";59;"Restaurant_59";"Chinese"
4974;"30-11-2023";116.16;963;"User_963";"Chennai";"Gold";276;"Restaurant_276";"Italian"
4975;"20-04-2023";1321.07;650;"User_650";"Chennai";"Gold";408;"Restaurant_408";"Mexican"
4976;"02-09-2023";1106.27;2164;"User_2164";"Chennai";"Gold";250;"Restaurant_250";"Mexican"
4977;"22-09-2023";1010.74;2853;"User_2853";"Chennai";"Regular";466;"Restaurant_466";"Italian"
4978;"20-07-2023";152.26;2323;"User_2323";"Bangalore";"Gold";433;"Restaurant_433";"Italian"
4979;"13-10-2023";599.57;2038;"User_2038";"Chennai";"Regular";215;"Restaurant_215";"Mexican"
4980;"22-08-2023";838.25;473;"User_473";"Pune";"Regular";407;"Restaurant_407";"Mexican"
4981;"22-07-2023";463.24;1186;"User_1186";"Hyderabad";"Regular";172;"Restaurant_172";"Italian"
4982;"11-07-2023";136.39;2864;"User_2864";"Chennai";"Gold";249;"Restaurant_249";"Italian"
4983;"07-11-2023";119.94;292;"User_292";"Hyderabad";"Gold";362;"Restaurant_362";"Indian"
4984;"16-12-2023";800.83;2615;"User_2615";"Bangalore";"Regular";252;"Restaurant_252";"Indian"
4985;"10-09-2023";947.65;2021;"User_2021";"Pune";"Gold";21;"Restaurant_21";"Indian"
4986;"03-11-2023";680.85;1995;"User_1995";"Chennai";"Gold";481;"Restaurant_481";"Indian"
4987;"22-04-2023";643.45;16;"User_16";"Chennai";"Gold";21;"Restaurant_21";"Indian"
4988;"28-10-2023";906.32;1988;"User_1988";"Chennai";"Regular";91;"Restaurant_91";"Italian"
4989;"12-04-2023";1369.32;392;"User_392";"Chennai";"Regular";208;"Restaurant_208";"Mexican"
4990;"12-03-2023";1159.87;477;"User_477";"Pune";"Gold";135;"Restaurant_135";"Indian"
4991;"23-07-2023";368.3;2793;"User_2793";"Bangalore";"Gold";89;"Restaurant_89";"Indian"
4992;"10-09-2023";1196.03;1649;"User_1649";"Chennai";"Gold";45;"Restaurant_45";"Mexican"
4993;"30-03-2023";366.02;2109;"User_2109";"Bangalore";"Gold";459;"Restaurant_459";"Italian"
4994;"14-01-2023";1445.25;1643;"User_1643";"Chennai";"Regular";73;"Restaurant_73";"Mexican"
4995;"30-10-2023";774.87;1071;"User_1071";"Hyderabad";"Gold";478;"Restaurant_478";"Chinese"
4996;"04-07-2023";157.79;2035;"User_2035";"Pune";"Regular";139;"Restaurant_139";"Mexican"
4997;"23-02-2023";914.9;663;"User_663";"Hyderabad";"Regular";15;"Restaurant_15";"Chinese"
4998;"16-05-2023";286.45;1274;"User_1274";"Chennai";"Gold";54;"Restaurant_54";"Italian"
4999;"29-09-2023";344.93;609;"User_609";"Bangalore";"Gold";142;"Restaurant_142";"Indian"
5000;"24-10-2023";943.66;1478;"User_1478";"Pune";"Gold";294;"Restaurant_294";"Italian"
5001;"13-02-2023";841.11;2587;"User_2587";"Bangalore";"Gold";343;"Restaurant_343";"Mexican"
5002;"08-07-2023";142.0;1728;"User_1728";"Bangalore";"Gold";147;"Restaurant_147";"Italian"
5003;"27-07-2023";539.27;472;"User_472";"Hyderabad";"Gold";80;"Restaurant_80";"Italian"
5004;"05-06-2023";1242.77;1516;"User_1516";"Pune";"Gold";242;"Restaurant_242";"Mexican"
5005;"12-01-2023";436.84;2581;"User_2581";"Pune";"Gold";412;"Restaurant_412";"Mexican"
5006;"29-12-2023";792.52;998;"User_998";"Bangalore";"Regular";229;"Restaurant_229";"Italian"
5007;"05-06-2023";994.01;1607;"User_1607";"Bangalore";"Regular";496;"Restaurant_496";"Indian"
5008;"03-01-2023";1096.34;1444;"User_1444";"Bangalore";"Gold";345;"Restaurant_345";"Chinese"
5009;"23-06-2023";671.07;1489;"User_1489";"Bangalore";"Regular";192;"Restaurant_192";"Italian"
5010;"21-11-2023";419.29;735;"User_735";"Bangalore";"Gold";81;"Restaurant_81";"Chinese"
5011;"09-02-2023";291.97;1988;"User_1988";"Chennai";"Regular";411;"Restaurant_411";"Indian"
5012;"09-08-2023";578.1;1363;"User_1363";"Bangalore";"Gold";287;"Restaurant_287";"Chinese"
5013;"11-12-2023";716.88;584;"User_584";"Bangalore";"Gold";285;"Restaurant_285";"Mexican"
5014;"29-10-2023";545.92;1878;"User_1878";"Bangalore";"Regular";347;"Restaurant_347";"Chinese"
5015;"06-02-2023";534.75;2369;"User_2369";"Chennai";"Gold";18;"Restaurant_18";"Italian"
5016;"05-05-2023";745.29;2680;"User_2680";"Bangalore";"Gold";429;"Restaurant_429";"Chinese"
5017;"25-09-2023";763.0;127;"User_127";"Chennai";"Gold";70;"Restaurant_70";"Chinese"
5018;"22-01-2023";977.52;958;"User_958";"Chennai";"Gold";433;"Restaurant_433";"Italian"
5019;"08-04-2023";430.66;11;"User_11";"Chennai";"Gold";144;"Restaurant_144";"Chinese"
5020;"30-10-2023";1376.1;716;"User_716";"Pune";"Gold";476;"Restaurant_476";"Mexican"
5021;"19-07-2023";220.61;1522;"User_1522";"Chennai";"Gold";194;"Restaurant_194";"Chinese"
5022;"31-05-2023";1141.38;2265;"User_2265";"Pune";"Gold";101;"Restaurant_101";"Mexican"
5023;"19-08-2023";663.51;2821;"User_2821";"Hyderabad";"Gold";214;"Restaurant_214";"Chinese"
5024;"06-11-2023";145.28;267;"User_267";"Hyderabad";"Regular";191;"Restaurant_191";"Indian"
5025;"29-10-2023";769.38;297;"User_297";"Bangalore";"Regular";433;"Restaurant_433";"Italian"
5026;"17-03-2023";124.78;209;"User_209";"Pune";"Regular";133;"Restaurant_133";"Italian"
5027;"13-09-2023";1128.37;367;"User_367";"Bangalore";"Gold";285;"Restaurant_285";"Mexican"
5028;"11-12-2023";1317.23;2917;"User_2917";"Bangalore";"Gold";147;"Restaurant_147";"Italian"
5029;"12-04-2023";1169.96;1678;"User_1678";"Pune";"Gold";365;"Restaurant_365";"Italian"
5030;"04-11-2023";240.9;2589;"User_2589";"Bangalore";"Gold";96;"Restaurant_96";"Mexican"
5031;"19-08-2023";694.69;2100;"User_2100";"Hyderabad";"Regular";101;"Restaurant_101";"Mexican"
5032;"05-09-2023";262.46;946;"User_946";"Hyderabad";"Regular";402;"Restaurant_402";"Mexican"
5033;"01-05-2023";1266.27;2146;"User_2146";"Chennai";"Gold";315;"Restaurant_315";"Mexican"
5034;"02-03-2023";568.78;997;"User_997";"Chennai";"Gold";242;"Restaurant_242";"Mexican"
5035;"02-10-2023";230.69;2129;"User_2129";"Chennai";"Gold";218;"Restaurant_218";"Indian"
5036;"13-05-2023";1153.35;1208;"User_1208";"Hyderabad";"Regular";316;"Restaurant_316";"Chinese"
5037;"11-06-2023";641.4;1713;"User_1713";"Pune";"Gold";94;"Restaurant_94";"Chinese"
5038;"10-12-2023";277.95;2415;"User_2415";"Pune";"Regular";491;"Restaurant_491";"Chinese"
5039;"07-01-2023";778.35;976;"User_976";"Bangalore";"Regular";95;"Restaurant_95";"Indian"
5040;"08-12-2023";1400.95;503;"User_503";"Bangalore";"Gold";385;"Restaurant_385";"Chinese"
5041;"25-06-2023";615.7;2973;"User_2973";"Hyderabad";"Gold";464;"Restaurant_464";"Italian"
5042;"14-12-2023";281.88;1835;"User_1835";"Bangalore";"Regular";107;"Restaurant_107";"Mexican"
5043;"17-12-2023";735.22;1670;"User_1670";"Pune";"Regular";375;"Restaurant_375";"Chinese"
5044;"22-12-2023";210.24;1433;"User_1433";"Hyderabad";"Gold";38;"Restaurant_38";"Italian"
5045;"29-07-2023";968.12;1544;"User_1544";"Pune";"Gold";474;"Restaurant_474";"Mexican"
5046;"03-08-2023";1169.26;930;"User_930";"Bangalore";"Regular";353;"Restaurant_353";"Indian"
5047;"14-03-2023";923.46;2595;"User_2595";"Bangalore";"Regular";65;"Restaurant_65";"Mexican"
5048;"15-02-2023";356.12;1858;"User_1858";"Hyderabad";"Regular";284;"Restaurant_284";"Indian"
5049;"26-08-2023";321.54;1537;"User_1537";"Bangalore";"Regular";415;"Restaurant_415";"Indian"
5050;"04-11-2023";742.85;2028;"User_2028";"Bangalore";"Regular";78;"Restaurant_78";"Indian"
5051;"27-08-2023";490.67;2054;"User_2054";"Chennai";"Regular";28;"Restaurant_28";"Chinese"
5052;"20-04-2023";752.78;1040;"User_1040";"Chennai";"Regular";88;"Restaurant_88";"Indian"
5053;"18-07-2023";199.16;244;"User_244";"Pune";"Regular";241;"Restaurant_241";"Chinese"
5054;"07-02-2023";889.37;1396;"User_1396";"Pune";"Gold";256;"Restaurant_256";"Italian"
5055;"14-07-2023";707.2;882;"User_882";"Pune";"Gold";390;"Restaurant_390";"Mexican"
5056;"05-01-2023";1169.12;1769;"User_1769";"Hyderabad";"Gold";453;"Restaurant_453";"Chinese"
5057;"15-04-2023";1492.63;889;"User_889";"Pune";"Gold";248;"Restaurant_248";"Italian"
5058;"28-12-2023";1171.44;2520;"User_2520";"Hyderabad";"Gold";462;"Restaurant_462";"Italian"
5059;"31-01-2023";595.49;429;"User_429";"Hyderabad";"Gold";377;"Restaurant_377";"Mexican"
5060;"14-02-2023";908.64;1132;"User_1132";"Pune";"Regular";394;"Restaurant_394";"Mexican"
5061;"23-03-2023";1293.54;856;"User_856";"Pune";"Regular";5;"Restaurant_5";"Chinese"
5062;"06-12-2023";741.86;979;"User_979";"Hyderabad";"Gold";207;"Restaurant_207";"Italian"
5063;"22-07-2023";863.65;535;"User_535";"Pune";"Gold";80;"Restaurant_80";"Italian"
5064;"12-04-2023";315.89;1170;"User_1170";"Chennai";"Regular";279;"Restaurant_279";"Italian"
5065;"28-11-2023";1243.82;303;"User_303";"Pune";"Regular";49;"Restaurant_49";"Italian"
5066;"26-08-2023";1004.52;1379;"User_1379";"Chennai";"Regular";466;"Restaurant_466";"Italian"
5067;"26-07-2023";835.18;1985;"User_1985";"Chennai";"Gold";323;"Restaurant_323";"Mexican"
5068;"20-09-2023";1044.02;2454;"User_2454";"Chennai";"Regular";378;"Restaurant_378";"Italian"
5069;"05-10-2023";757.43;2604;"User_2604";"Hyderabad";"Gold";214;"Restaurant_214";"Chinese"
5070;"21-08-2023";1499.34;534;"User_534";"Bangalore";"Gold";117;"Restaurant_117";"Indian"
5071;"01-05-2023";111.78;316;"User_316";"Pune";"Gold";221;"Restaurant_221";"Chinese"
5072;"09-07-2023";1050.19;721;"User_721";"Chennai";"Gold";317;"Restaurant_317";"Mexican"
5073;"07-08-2023";332.9;2641;"User_2641";"Chennai";"Regular";487;"Restaurant_487";"Chinese"
5074;"23-11-2023";1032.21;2004;"User_2004";"Hyderabad";"Regular";290;"Restaurant_290";"Chinese"
5075;"17-03-2023";553.94;824;"User_824";"Hyderabad";"Regular";465;"Restaurant_465";"Italian"
5076;"20-07-2023";663.12;2588;"User_2588";"Hyderabad";"Regular";187;"Restaurant_187";"Chinese"
5077;"18-01-2023";1105.83;2041;"User_2041";"Pune";"Regular";133;"Restaurant_133";"Italian"
5078;"16-02-2023";1175.47;1939;"User_1939";"Bangalore";"Gold";433;"Restaurant_433";"Italian"
5079;"31-03-2023";388.43;2891;"User_2891";"Chennai";"Gold";366;"Restaurant_366";"Indian"
5080;"25-02-2023";1357.75;295;"User_295";"Pune";"Regular";39;"Restaurant_39";"Indian"
5081;"04-09-2023";179.32;2971;"User_2971";"Hyderabad";"Regular";117;"Restaurant_117";"Indian"
5082;"11-06-2023";1158.69;552;"User_552";"Hyderabad";"Regular";412;"Restaurant_412";"Mexican"
5083;"21-09-2023";434.24;661;"User_661";"Bangalore";"Regular";237;"Restaurant_237";"Italian"
5084;"12-09-2023";747.83;1614;"User_1614";"Chennai";"Regular";386;"Restaurant_386";"Italian"
5085;"18-05-2023";237.48;2800;"User_2800";"Chennai";"Regular";432;"Restaurant_432";"Mexican"
5086;"05-01-2023";1444.96;2489;"User_2489";"Hyderabad";"Regular";386;"Restaurant_386";"Italian"
5087;"16-03-2023";728.54;2340;"User_2340";"Pune";"Gold";154;"Restaurant_154";"Chinese"
5088;"29-03-2023";1239.03;1386;"User_1386";"Hyderabad";"Gold";136;"Restaurant_136";"Indian"
5089;"03-01-2023";1052.87;2523;"User_2523";"Pune";"Gold";329;"Restaurant_329";"Chinese"
5090;"16-08-2023";1029.91;2287;"User_2287";"Bangalore";"Gold";464;"Restaurant_464";"Italian"
5091;"11-03-2023";831.83;1686;"User_1686";"Hyderabad";"Gold";373;"Restaurant_373";"Indian"
5092;"16-06-2023";1326.95;636;"User_636";"Chennai";"Regular";362;"Restaurant_362";"Indian"
5093;"05-06-2023";250.72;1439;"User_1439";"Pune";"Regular";319;"Restaurant_319";"Indian"
5094;"13-11-2023";1374.98;1264;"User_1264";"Chennai";"Regular";74;"Restaurant_74";"Chinese"
5095;"14-09-2023";808.07;2086;"User_2086";"Pune";"Regular";459;"Restaurant_459";"Italian"
5096;"31-12-2023";1473.59;2850;"User_2850";"Hyderabad";"Gold";10;"Restaurant_10";"Chinese"
5097;"13-10-2023";630.98;695;"User_695";"Pune";"Gold";73;"Restaurant_73";"Mexican"
5098;"13-09-2023";786.41;1027;"User_1027";"Chennai";"Gold";438;"Restaurant_438";"Italian"
5099;"25-12-2023";333.08;1919;"User_1919";"Chennai";"Gold";260;"Restaurant_260";"Indian"
5100;"08-07-2023";1054.11;1990;"User_1990";"Chennai";"Regular";178;"Restaurant_178";"Mexican"
5101;"13-03-2023";527.39;1794;"User_1794";"Pune";"Gold";250;"Restaurant_250";"Mexican"
5102;"05-09-2023";492.7;564;"User_564";"Pune";"Regular";436;"Restaurant_436";"Mexican"
5103;"11-01-2023";449.09;2944;"User_2944";"Hyderabad";"Gold";80;"Restaurant_80";"Italian"
5104;"16-09-2023";139.03;2715;"User_2715";"Bangalore";"Gold";63;"Restaurant_63";"Italian"
5105;"03-01-2023";395.33;2327;"User_2327";"Bangalore";"Regular";52;"Restaurant_52";"Mexican"
5106;"21-02-2023";1457.55;735;"User_735";"Bangalore";"Gold";82;"Restaurant_82";"Chinese"
5107;"28-12-2023";1439.68;2085;"User_2085";"Bangalore";"Regular";497;"Restaurant_497";"Mexican"
5108;"03-09-2023";1264.15;2615;"User_2615";"Bangalore";"Regular";231;"Restaurant_231";"Indian"
5109;"16-03-2023";632.21;586;"User_586";"Bangalore";"Gold";203;"Restaurant_203";"Chinese"
5110;"10-03-2023";990.96;387;"User_387";"Bangalore";"Regular";333;"Restaurant_333";"Chinese"
5111;"10-07-2023";814.82;2737;"User_2737";"Hyderabad";"Regular";484;"Restaurant_484";"Mexican"
5112;"19-12-2023";987.82;2093;"User_2093";"Hyderabad";"Regular";354;"Restaurant_354";"Indian"
5113;"23-04-2023";959.28;1889;"User_1889";"Pune";"Regular";494;"Restaurant_494";"Mexican"
5114;"02-02-2023";722.98;1669;"User_1669";"Hyderabad";"Regular";488;"Restaurant_488";"Chinese"
5115;"07-06-2023";846.31;2559;"User_2559";"Bangalore";"Regular";276;"Restaurant_276";"Italian"
5116;"05-07-2023";1147.35;1728;"User_1728";"Bangalore";"Gold";254;"Restaurant_254";"Indian"
5117;"10-05-2023";1472.24;242;"User_242";"Chennai";"Regular";429;"Restaurant_429";"Chinese"
5118;"24-05-2023";201.0;743;"User_743";"Bangalore";"Gold";384;"Restaurant_384";"Mexican"
5119;"28-11-2023";838.03;556;"User_556";"Chennai";"Regular";495;"Restaurant_495";"Italian"
5120;"20-09-2023";979.01;1084;"User_1084";"Bangalore";"Gold";396;"Restaurant_396";"Mexican"
5121;"29-09-2023";1119.22;1299;"User_1299";"Bangalore";"Regular";491;"Restaurant_491";"Chinese"
5122;"01-06-2023";1017.42;1757;"User_1757";"Chennai";"Gold";345;"Restaurant_345";"Chinese"
5123;"04-03-2023";909.49;2136;"User_2136";"Hyderabad";"Regular";174;"Restaurant_174";"Mexican"
5124;"31-12-2023";664.9;2880;"User_2880";"Pune";"Gold";455;"Restaurant_455";"Chinese"
5125;"06-03-2023";816.89;650;"User_650";"Chennai";"Gold";275;"Restaurant_275";"Italian"
5126;"20-11-2023";1330.8;119;"User_119";"Pune";"Regular";29;"Restaurant_29";"Italian"
5127;"11-02-2023";177.7;1186;"User_1186";"Hyderabad";"Regular";324;"Restaurant_324";"Mexican"
5128;"05-02-2023";164.05;1001;"User_1001";"Bangalore";"Regular";65;"Restaurant_65";"Mexican"
5129;"20-10-2023";745.38;1168;"User_1168";"Hyderabad";"Regular";11;"Restaurant_11";"Chinese"
5130;"02-01-2023";147.2;2884;"User_2884";"Bangalore";"Gold";314;"Restaurant_314";"Indian"
5131;"06-12-2023";1228.54;825;"User_825";"Chennai";"Gold";443;"Restaurant_443";"Mexican"
5132;"15-10-2023";1290.39;1542;"User_1542";"Bangalore";"Regular";7;"Restaurant_7";"Italian"
5133;"16-07-2023";1069.98;2855;"User_2855";"Chennai";"Gold";332;"Restaurant_332";"Chinese"
5134;"12-05-2023";971.64;1933;"User_1933";"Hyderabad";"Regular";290;"Restaurant_290";"Chinese"
5135;"10-09-2023";132.57;2898;"User_2898";"Hyderabad";"Regular";113;"Restaurant_113";"Chinese"
5136;"31-10-2023";765.97;471;"User_471";"Hyderabad";"Gold";250;"Restaurant_250";"Mexican"
5137;"18-06-2023";1285.85;1796;"User_1796";"Chennai";"Regular";204;"Restaurant_204";"Mexican"
5138;"22-07-2023";1387.71;2653;"User_2653";"Bangalore";"Gold";275;"Restaurant_275";"Italian"
5139;"29-01-2023";137.86;1960;"User_1960";"Chennai";"Gold";444;"Restaurant_444";"Chinese"
5140;"13-10-2023";919.25;2922;"User_2922";"Chennai";"Gold";499;"Restaurant_499";"Mexican"
5141;"29-12-2023";1357.11;1854;"User_1854";"Chennai";"Gold";379;"Restaurant_379";"Mexican"
5142;"14-06-2023";1158.78;2140;"User_2140";"Hyderabad";"Regular";103;"Restaurant_103";"Mexican"
5143;"11-07-2023";503.53;1393;"User_1393";"Bangalore";"Gold";13;"Restaurant_13";"Indian"
5144;"10-10-2023";1360.57;635;"User_635";"Pune";"Regular";480;"Restaurant_480";"Chinese"
5145;"21-03-2023";1417.78;2653;"User_2653";"Bangalore";"Gold";138;"Restaurant_138";"Indian"
5146;"01-01-2024";824.74;87;"User_87";"Hyderabad";"Regular";311;"Restaurant_311";"Italian"
5147;"07-10-2023";716.5;510;"User_510";"Chennai";"Regular";346;"Restaurant_346";"Indian"
5148;"23-02-2023";640.36;1553;"User_1553";"Pune";"Regular";29;"Restaurant_29";"Italian"
5149;"27-07-2023";345.28;1926;"User_1926";"Pune";"Gold";163;"Restaurant_163";"Italian"
5150;"05-04-2023";695.06;2766;"User_2766";"Bangalore";"Gold";434;"Restaurant_434";"Italian"
5151;"20-05-2023";1493.46;2822;"User_2822";"Bangalore";"Regular";253;"Restaurant_253";"Italian"
5152;"20-02-2023";836.72;1718;"User_1718";"Pune";"Regular";184;"Restaurant_184";"Mexican"
5153;"07-01-2023";316.31;789;"User_789";"Pune";"Regular";480;"Restaurant_480";"Chinese"
5154;"16-01-2023";684.34;2767;"User_2767";"Hyderabad";"Regular";365;"Restaurant_365";"Italian"
5155;"25-03-2023";751.45;251;"User_251";"Pune";"Gold";389;"Restaurant_389";"Italian"
5156;"25-12-2023";759.17;761;"User_761";"Pune";"Regular";158;"Restaurant_158";"Indian"
5157;"08-06-2023";693.55;234;"User_234";"Chennai";"Regular";203;"Restaurant_203";"Chinese"
5158;"08-07-2023";1290.51;701;"User_701";"Hyderabad";"Regular";294;"Restaurant_294";"Italian"
5159;"17-03-2023";525.19;138;"User_138";"Hyderabad";"Gold";60;"Restaurant_60";"Mexican"
5160;"08-08-2023";849.26;2991;"User_2991";"Pune";"Gold";344;"Restaurant_344";"Indian"
5161;"26-09-2023";990.6;201;"User_201";"Chennai";"Gold";98;"Restaurant_98";"Indian"
5162;"01-04-2023";1170.21;2697;"User_2697";"Bangalore";"Gold";289;"Restaurant_289";"Italian"
5163;"26-08-2023";517.66;1638;"User_1638";"Chennai";"Regular";422;"Restaurant_422";"Mexican"
5164;"04-06-2023";1020.19;1211;"User_1211";"Chennai";"Gold";478;"Restaurant_478";"Chinese"
5165;"20-08-2023";1394.17;1805;"User_1805";"Bangalore";"Regular";394;"Restaurant_394";"Mexican"
5166;"18-04-2023";818.59;588;"User_588";"Pune";"Regular";1;"Restaurant_1";"Chinese"
5167;"04-02-2023";965.34;1094;"User_1094";"Bangalore";"Regular";489;"Restaurant_489";"Italian"
5168;"14-04-2023";165.69;1465;"User_1465";"Pune";"Regular";100;"Restaurant_100";"Indian"
5169;"04-02-2023";924.0;2509;"User_2509";"Pune";"Gold";266;"Restaurant_266";"Italian"
5170;"04-12-2023";1313.52;284;"User_284";"Chennai";"Regular";55;"Restaurant_55";"Indian"
5171;"22-12-2023";589.82;2058;"User_2058";"Hyderabad";"Regular";90;"Restaurant_90";"Italian"
5172;"21-11-2023";237.62;780;"User_780";"Bangalore";"Gold";166;"Restaurant_166";"Chinese"
5173;"22-06-2023";1332.87;2886;"User_2886";"Bangalore";"Regular";359;"Restaurant_359";"Mexican"
5174;"10-06-2023";1315.02;1020;"User_1020";"Hyderabad";"Regular";170;"Restaurant_170";"Mexican"
5175;"13-12-2023";1393.12;2405;"User_2405";"Bangalore";"Regular";160;"Restaurant_160";"Chinese"
5176;"13-03-2023";512.55;1449;"User_1449";"Pune";"Gold";163;"Restaurant_163";"Italian"
5177;"24-01-2023";1295.98;786;"User_786";"Hyderabad";"Gold";429;"Restaurant_429";"Chinese"
5178;"25-01-2023";919.31;1795;"User_1795";"Chennai";"Regular";178;"Restaurant_178";"Mexican"
5179;"27-10-2023";602.64;1300;"User_1300";"Chennai";"Regular";111;"Restaurant_111";"Mexican"
5180;"03-11-2023";237.2;721;"User_721";"Chennai";"Gold";171;"Restaurant_171";"Mexican"
5181;"30-06-2023";647.2;1466;"User_1466";"Chennai";"Gold";415;"Restaurant_415";"Indian"
5182;"19-10-2023";127.49;2291;"User_2291";"Bangalore";"Regular";73;"Restaurant_73";"Mexican"
5183;"01-01-2023";1120.75;2102;"User_2102";"Bangalore";"Gold";205;"Restaurant_205";"Italian"
5184;"14-05-2023";1391.45;2776;"User_2776";"Chennai";"Gold";370;"Restaurant_370";"Chinese"
5185;"30-04-2023";946.59;1907;"User_1907";"Pune";"Gold";195;"Restaurant_195";"Indian"
5186;"17-10-2023";1434.35;2080;"User_2080";"Bangalore";"Gold";455;"Restaurant_455";"Chinese"
5187;"15-08-2023";294.67;1759;"User_1759";"Chennai";"Regular";464;"Restaurant_464";"Italian"
5188;"14-09-2023";784.2;277;"User_277";"Pune";"Gold";44;"Restaurant_44";"Indian"
5189;"26-10-2023";1276.46;1155;"User_1155";"Hyderabad";"Gold";75;"Restaurant_75";"Chinese"
5190;"20-09-2023";844.21;2899;"User_2899";"Bangalore";"Regular";456;"Restaurant_456";"Chinese"
5191;"06-11-2023";1420.81;379;"User_379";"Chennai";"Gold";262;"Restaurant_262";"Chinese"
5192;"19-01-2023";1403.38;1697;"User_1697";"Bangalore";"Regular";316;"Restaurant_316";"Chinese"
5193;"19-04-2023";236.65;1344;"User_1344";"Hyderabad";"Gold";122;"Restaurant_122";"Indian"
5194;"16-01-2023";1027.73;1974;"User_1974";"Pune";"Gold";191;"Restaurant_191";"Indian"
5195;"03-04-2023";431.54;505;"User_505";"Hyderabad";"Gold";93;"Restaurant_93";"Chinese"
5196;"21-09-2023";642.77;2800;"User_2800";"Chennai";"Regular";445;"Restaurant_445";"Indian"
5197;"02-04-2023";1010.38;192;"User_192";"Chennai";"Regular";393;"Restaurant_393";"Italian"
5198;"05-01-2023";1161.62;74;"User_74";"Pune";"Regular";229;"Restaurant_229";"Italian"
5199;"07-08-2023";863.07;1480;"User_1480";"Pune";"Gold";46;"Restaurant_46";"Chinese"
5200;"20-11-2023";976.86;1825;"User_1825";"Hyderabad";"Regular";47;"Restaurant_47";"Indian"
5201;"03-04-2023";373.51;312;"User_312";"Hyderabad";"Gold";258;"Restaurant_258";"Indian"
5202;"10-12-2023";622.6;1625;"User_1625";"Hyderabad";"Regular";77;"Restaurant_77";"Mexican"
5203;"11-03-2023";259.66;1569;"User_1569";"Pune";"Gold";277;"Restaurant_277";"Mexican"
5204;"26-01-2023";578.17;2017;"User_2017";"Chennai";"Gold";50;"Restaurant_50";"Mexican"
5205;"29-08-2023";1355.16;2805;"User_2805";"Bangalore";"Regular";30;"Restaurant_30";"Mexican"
5206;"21-08-2023";125.91;1628;"User_1628";"Hyderabad";"Gold";295;"Restaurant_295";"Chinese"
5207;"11-10-2023";1471.16;918;"User_918";"Bangalore";"Gold";338;"Restaurant_338";"Mexican"
5208;"03-12-2023";976.9;1533;"User_1533";"Chennai";"Regular";342;"Restaurant_342";"Mexican"
5209;"12-11-2023";1413.16;64;"User_64";"Pune";"Regular";222;"Restaurant_222";"Italian"
5210;"08-09-2023";807.17;2137;"User_2137";"Pune";"Gold";487;"Restaurant_487";"Chinese"
5211;"25-06-2023";676.87;551;"User_551";"Hyderabad";"Regular";297;"Restaurant_297";"Italian"
5212;"04-02-2023";121.44;2337;"User_2337";"Bangalore";"Gold";54;"Restaurant_54";"Italian"
5213;"05-08-2023";1060.22;1227;"User_1227";"Hyderabad";"Gold";451;"Restaurant_451";"Chinese"
5214;"15-03-2023";730.08;505;"User_505";"Hyderabad";"Gold";362;"Restaurant_362";"Indian"
5215;"05-11-2023";284.39;2037;"User_2037";"Chennai";"Gold";284;"Restaurant_284";"Indian"
5216;"08-03-2023";1470.85;2883;"User_2883";"Chennai";"Regular";454;"Restaurant_454";"Italian"
5217;"12-12-2023";1276.77;2217;"User_2217";"Pune";"Regular";488;"Restaurant_488";"Chinese"
5218;"14-02-2023";328.19;2083;"User_2083";"Hyderabad";"Regular";150;"Restaurant_150";"Indian"
5219;"18-08-2023";1483.35;2734;"User_2734";"Bangalore";"Regular";202;"Restaurant_202";"Indian"
5220;"22-06-2023";292.18;769;"User_769";"Hyderabad";"Regular";123;"Restaurant_123";"Chinese"
5221;"08-02-2023";357.57;2856;"User_2856";"Hyderabad";"Regular";441;"Restaurant_441";"Indian"
5222;"03-05-2023";330.33;1969;"User_1969";"Bangalore";"Regular";14;"Restaurant_14";"Indian"
5223;"22-02-2023";1091.1;1845;"User_1845";"Hyderabad";"Regular";57;"Restaurant_57";"Mexican"
5224;"09-08-2023";1499.04;1650;"User_1650";"Bangalore";"Gold";307;"Restaurant_307";"Mexican"
5225;"08-03-2023";538.72;1947;"User_1947";"Bangalore";"Regular";172;"Restaurant_172";"Italian"
5226;"05-08-2023";460.07;1121;"User_1121";"Chennai";"Gold";154;"Restaurant_154";"Chinese"
5227;"15-01-2023";799.64;1875;"User_1875";"Chennai";"Gold";455;"Restaurant_455";"Chinese"
5228;"15-08-2023";859.08;173;"User_173";"Bangalore";"Regular";87;"Restaurant_87";"Mexican"
5229;"26-09-2023";382.83;2642;"User_2642";"Pune";"Gold";309;"Restaurant_309";"Indian"
5230;"17-09-2023";1313.52;1231;"User_1231";"Chennai";"Gold";137;"Restaurant_137";"Indian"
5231;"17-12-2023";981.65;1335;"User_1335";"Bangalore";"Regular";38;"Restaurant_38";"Italian"
5232;"07-10-2023";489.34;384;"User_384";"Pune";"Gold";225;"Restaurant_225";"Italian"
5233;"11-05-2023";825.13;255;"User_255";"Chennai";"Gold";245;"Restaurant_245";"Mexican"
5234;"10-01-2023";773.56;1022;"User_1022";"Bangalore";"Regular";164;"Restaurant_164";"Italian"
5235;"04-07-2023";369.95;1760;"User_1760";"Chennai";"Regular";210;"Restaurant_210";"Indian"
5236;"06-10-2023";994.64;2008;"User_2008";"Bangalore";"Gold";417;"Restaurant_417";"Mexican"
5237;"26-02-2023";1204.22;2391;"User_2391";"Hyderabad";"Regular";69;"Restaurant_69";"Chinese"
5238;"22-03-2023";943.36;2023;"User_2023";"Bangalore";"Regular";199;"Restaurant_199";"Italian"
5239;"23-03-2023";545.61;1611;"User_1611";"Pune";"Regular";208;"Restaurant_208";"Mexican"
5240;"17-01-2023";423.5;2831;"User_2831";"Hyderabad";"Regular";461;"Restaurant_461";"Italian"
5241;"16-11-2023";264.03;1483;"User_1483";"Chennai";"Gold";446;"Restaurant_446";"Indian"
5242;"02-06-2023";1187.52;698;"User_698";"Hyderabad";"Regular";104;"Restaurant_104";"Chinese"
5243;"10-12-2023";1024.3;2240;"User_2240";"Hyderabad";"Regular";45;"Restaurant_45";"Mexican"
5244;"08-05-2023";723.29;2855;"User_2855";"Chennai";"Gold";37;"Restaurant_37";"Mexican"
5245;"17-07-2023";1137.71;2534;"User_2534";"Bangalore";"Regular";402;"Restaurant_402";"Mexican"
5246;"14-05-2023";1141.83;2184;"User_2184";"Hyderabad";"Regular";393;"Restaurant_393";"Italian"
5247;"26-05-2023";510.16;1668;"User_1668";"Hyderabad";"Gold";13;"Restaurant_13";"Indian"
5248;"26-04-2023";440.26;126;"User_126";"Hyderabad";"Gold";125;"Restaurant_125";"Chinese"
5249;"08-11-2023";706.18;2462;"User_2462";"Chennai";"Gold";392;"Restaurant_392";"Italian"
5250;"04-03-2023";1224.84;1122;"User_1122";"Chennai";"Regular";34;"Restaurant_34";"Chinese"
5251;"12-12-2023";734.73;2355;"User_2355";"Pune";"Regular";371;"Restaurant_371";"Chinese"
5252;"08-10-2023";1398.47;606;"User_606";"Hyderabad";"Gold";418;"Restaurant_418";"Chinese"
5253;"30-06-2023";901.96;1886;"User_1886";"Hyderabad";"Gold";173;"Restaurant_173";"Chinese"
5254;"13-06-2023";1091.09;2338;"User_2338";"Pune";"Regular";464;"Restaurant_464";"Italian"
5255;"07-05-2023";232.4;978;"User_978";"Pune";"Regular";493;"Restaurant_493";"Mexican"
5256;"04-07-2023";1468.93;2409;"User_2409";"Chennai";"Regular";271;"Restaurant_271";"Chinese"
5257;"07-04-2023";845.16;440;"User_440";"Chennai";"Gold";444;"Restaurant_444";"Chinese"
5258;"14-09-2023";396.63;794;"User_794";"Bangalore";"Regular";231;"Restaurant_231";"Indian"
5259;"24-11-2023";1295.14;2131;"User_2131";"Pune";"Gold";62;"Restaurant_62";"Indian"
5260;"21-10-2023";237.11;1698;"User_1698";"Pune";"Regular";143;"Restaurant_143";"Chinese"
5261;"30-08-2023";144.35;290;"User_290";"Hyderabad";"Regular";235;"Restaurant_235";"Italian"
5262;"17-02-2023";752.07;1877;"User_1877";"Pune";"Regular";67;"Restaurant_67";"Mexican"
5263;"30-12-2023";1157.78;1688;"User_1688";"Bangalore";"Gold";412;"Restaurant_412";"Mexican"
5264;"09-02-2023";1433.61;1402;"User_1402";"Pune";"Regular";369;"Restaurant_369";"Italian"
5265;"13-03-2023";1280.13;1582;"User_1582";"Hyderabad";"Regular";335;"Restaurant_335";"Italian"
5266;"12-04-2023";1355.18;1980;"User_1980";"Pune";"Gold";335;"Restaurant_335";"Italian"
5267;"11-03-2023";168.5;1185;"User_1185";"Bangalore";"Gold";473;"Restaurant_473";"Italian"
5268;"13-06-2023";703.26;1313;"User_1313";"Bangalore";"Regular";178;"Restaurant_178";"Mexican"
5269;"27-02-2023";1004.28;1412;"User_1412";"Chennai";"Regular";451;"Restaurant_451";"Chinese"
5270;"06-07-2023";269.47;272;"User_272";"Pune";"Regular";365;"Restaurant_365";"Italian"
5271;"21-04-2023";398.49;2602;"User_2602";"Bangalore";"Gold";75;"Restaurant_75";"Chinese"
5272;"29-08-2023";658.11;2605;"User_2605";"Hyderabad";"Gold";416;"Restaurant_416";"Chinese"
5273;"26-05-2023";246.06;2862;"User_2862";"Pune";"Regular";29;"Restaurant_29";"Italian"
5274;"26-11-2023";554.17;801;"User_801";"Bangalore";"Regular";310;"Restaurant_310";"Indian"
5275;"07-11-2023";558.76;449;"User_449";"Pune";"Regular";205;"Restaurant_205";"Italian"
5276;"22-10-2023";653.91;1256;"User_1256";"Pune";"Regular";258;"Restaurant_258";"Indian"
5277;"08-03-2023";985.13;1834;"User_1834";"Bangalore";"Gold";193;"Restaurant_193";"Chinese"
5278;"06-01-2023";1116.38;260;"User_260";"Bangalore";"Regular";307;"Restaurant_307";"Mexican"
5279;"12-04-2023";163.14;1948;"User_1948";"Pune";"Regular";241;"Restaurant_241";"Chinese"
5280;"26-10-2023";1077.54;2988;"User_2988";"Pune";"Gold";427;"Restaurant_427";"Indian"
5281;"22-02-2023";1171.84;2210;"User_2210";"Bangalore";"Regular";466;"Restaurant_466";"Italian"
5282;"09-01-2023";413.47;1450;"User_1450";"Pune";"Gold";13;"Restaurant_13";"Indian"
5283;"23-05-2023";1303.58;754;"User_754";"Pune";"Regular";431;"Restaurant_431";"Mexican"
5284;"11-09-2023";255.38;191;"User_191";"Chennai";"Regular";83;"Restaurant_83";"Chinese"
5285;"13-01-2023";790.99;1139;"User_1139";"Hyderabad";"Regular";137;"Restaurant_137";"Indian"
5286;"01-10-2023";1018.65;131;"User_131";"Chennai";"Gold";308;"Restaurant_308";"Italian"
5287;"07-05-2023";1034.77;362;"User_362";"Chennai";"Gold";458;"Restaurant_458";"Italian"
5288;"13-09-2023";412.44;858;"User_858";"Hyderabad";"Gold";289;"Restaurant_289";"Italian"
5289;"10-02-2023";556.5;1194;"User_1194";"Chennai";"Regular";414;"Restaurant_414";"Chinese"
5290;"25-06-2023";1082.07;1313;"User_1313";"Bangalore";"Regular";423;"Restaurant_423";"Indian"
5291;"28-11-2023";473.53;1613;"User_1613";"Chennai";"Gold";54;"Restaurant_54";"Italian"
5292;"11-02-2023";642.15;2351;"User_2351";"Bangalore";"Gold";285;"Restaurant_285";"Mexican"
5293;"10-07-2023";425.98;518;"User_518";"Hyderabad";"Regular";319;"Restaurant_319";"Indian"
5294;"26-09-2023";356.11;107;"User_107";"Pune";"Regular";445;"Restaurant_445";"Indian"
5295;"19-09-2023";612.17;2336;"User_2336";"Pune";"Gold";12;"Restaurant_12";"Mexican"
5296;"31-10-2023";317.43;2778;"User_2778";"Hyderabad";"Regular";277;"Restaurant_277";"Mexican"
5297;"15-08-2023";1350.25;1074;"User_1074";"Pune";"Regular";376;"Restaurant_376";"Indian"
5298;"23-06-2023";1480.21;1696;"User_1696";"Bangalore";"Regular";281;"Restaurant_281";"Italian"
5299;"14-06-2023";1269.7;2504;"User_2504";"Hyderabad";"Regular";331;"Restaurant_331";"Mexican"
5300;"18-11-2023";581.42;2043;"User_2043";"Hyderabad";"Gold";291;"Restaurant_291";"Mexican"
5301;"26-07-2023";1481.84;1882;"User_1882";"Pune";"Regular";176;"Restaurant_176";"Italian"
5302;"22-07-2023";167.37;1128;"User_1128";"Pune";"Gold";206;"Restaurant_206";"Mexican"
5303;"17-07-2023";451.06;2362;"User_2362";"Chennai";"Regular";457;"Restaurant_457";"Indian"
5304;"26-10-2023";179.66;2403;"User_2403";"Pune";"Gold";239;"Restaurant_239";"Indian"
5305;"14-07-2023";234.27;866;"User_866";"Bangalore";"Gold";121;"Restaurant_121";"Indian"
5306;"02-09-2023";602.04;326;"User_326";"Hyderabad";"Regular";481;"Restaurant_481";"Indian"
5307;"12-01-2023";1373.86;1646;"User_1646";"Bangalore";"Gold";295;"Restaurant_295";"Chinese"
5308;"04-03-2023";1060.93;1852;"User_1852";"Hyderabad";"Regular";251;"Restaurant_251";"Chinese"
5309;"05-02-2023";1027.41;2413;"User_2413";"Chennai";"Gold";457;"Restaurant_457";"Indian"
5310;"14-01-2023";1255.66;2997;"User_2997";"Hyderabad";"Regular";193;"Restaurant_193";"Chinese"
5311;"01-04-2023";915.03;1192;"User_1192";"Bangalore";"Regular";312;"Restaurant_312";"Chinese"
5312;"20-02-2023";1068.72;121;"User_121";"Pune";"Regular";235;"Restaurant_235";"Italian"
5313;"29-12-2023";218.45;1127;"User_1127";"Pune";"Gold";141;"Restaurant_141";"Mexican"
5314;"05-01-2023";931.16;369;"User_369";"Bangalore";"Gold";48;"Restaurant_48";"Mexican"
5315;"17-09-2023";346.92;825;"User_825";"Chennai";"Gold";91;"Restaurant_91";"Italian"
5316;"27-06-2023";661.28;1078;"User_1078";"Hyderabad";"Gold";4;"Restaurant_4";"Chinese"
5317;"08-12-2023";484.79;1615;"User_1615";"Hyderabad";"Regular";222;"Restaurant_222";"Italian"
5318;"27-12-2023";513.78;2716;"User_2716";"Pune";"Regular";376;"Restaurant_376";"Indian"
5319;"28-12-2023";1219.59;1507;"User_1507";"Pune";"Regular";235;"Restaurant_235";"Italian"
5320;"20-01-2023";1148.08;345;"User_345";"Chennai";"Gold";58;"Restaurant_58";"Indian"
5321;"18-12-2023";367.1;2578;"User_2578";"Hyderabad";"Regular";368;"Restaurant_368";"Indian"
5322;"19-11-2023";724.58;905;"User_905";"Bangalore";"Regular";368;"Restaurant_368";"Indian"
5323;"20-05-2023";654.38;1789;"User_1789";"Pune";"Gold";73;"Restaurant_73";"Mexican"
5324;"16-11-2023";399.98;2547;"User_2547";"Chennai";"Regular";118;"Restaurant_118";"Mexican"
5325;"15-09-2023";968.29;1556;"User_1556";"Bangalore";"Regular";478;"Restaurant_478";"Chinese"
5326;"04-10-2023";1302.69;557;"User_557";"Bangalore";"Regular";63;"Restaurant_63";"Italian"
5327;"24-11-2023";715.35;2369;"User_2369";"Chennai";"Gold";409;"Restaurant_409";"Mexican"
5328;"12-08-2023";1292.14;1246;"User_1246";"Chennai";"Gold";267;"Restaurant_267";"Chinese"
5329;"12-01-2023";1013.29;2531;"User_2531";"Hyderabad";"Gold";467;"Restaurant_467";"Italian"
5330;"25-02-2023";1125.77;732;"User_732";"Bangalore";"Regular";195;"Restaurant_195";"Indian"
5331;"04-02-2023";129.32;2110;"User_2110";"Chennai";"Regular";412;"Restaurant_412";"Mexican"
5332;"21-08-2023";1412.81;2579;"User_2579";"Bangalore";"Gold";173;"Restaurant_173";"Chinese"
5333;"16-08-2023";1420.38;774;"User_774";"Bangalore";"Gold";190;"Restaurant_190";"Chinese"
5334;"31-03-2023";1001.78;2165;"User_2165";"Chennai";"Gold";54;"Restaurant_54";"Italian"
5335;"05-06-2023";1491.21;2659;"User_2659";"Hyderabad";"Gold";484;"Restaurant_484";"Mexican"
5336;"15-12-2023";1486.11;2914;"User_2914";"Pune";"Regular";187;"Restaurant_187";"Chinese"
5337;"30-07-2023";1443.08;1301;"User_1301";"Hyderabad";"Regular";157;"Restaurant_157";"Italian"
5338;"04-12-2023";1059.97;2985;"User_2985";"Hyderabad";"Regular";259;"Restaurant_259";"Mexican"
5339;"22-06-2023";1193.43;2908;"User_2908";"Pune";"Gold";219;"Restaurant_219";"Mexican"
5340;"26-05-2023";1358.83;2384;"User_2384";"Pune";"Regular";121;"Restaurant_121";"Indian"
5341;"08-08-2023";254.28;2660;"User_2660";"Bangalore";"Gold";165;"Restaurant_165";"Mexican"
5342;"12-07-2023";1488.2;2874;"User_2874";"Hyderabad";"Regular";199;"Restaurant_199";"Italian"
5343;"14-09-2023";1320.38;1930;"User_1930";"Chennai";"Gold";220;"Restaurant_220";"Mexican"
5344;"12-06-2023";532.27;2996;"User_2996";"Hyderabad";"Gold";240;"Restaurant_240";"Indian"
5345;"25-04-2023";412.7;169;"User_169";"Bangalore";"Gold";276;"Restaurant_276";"Italian"
5346;"20-07-2023";332.38;1078;"User_1078";"Hyderabad";"Gold";76;"Restaurant_76";"Italian"
5347;"28-04-2023";898.11;1000;"User_1000";"Pune";"Gold";43;"Restaurant_43";"Chinese"
5348;"28-05-2023";1350.28;2377;"User_2377";"Bangalore";"Regular";21;"Restaurant_21";"Indian"
5349;"23-09-2023";815.46;2156;"User_2156";"Bangalore";"Gold";358;"Restaurant_358";"Indian"
5350;"30-01-2023";1464.73;1214;"User_1214";"Pune";"Gold";378;"Restaurant_378";"Italian"
5351;"17-04-2023";496.12;316;"User_316";"Pune";"Gold";306;"Restaurant_306";"Chinese"
5352;"02-03-2023";1015.48;2747;"User_2747";"Chennai";"Regular";64;"Restaurant_64";"Chinese"
5353;"17-09-2023";896.57;1342;"User_1342";"Pune";"Regular";437;"Restaurant_437";"Indian"
5354;"08-03-2023";576.93;1748;"User_1748";"Bangalore";"Gold";423;"Restaurant_423";"Indian"
5355;"23-10-2023";1224.13;1824;"User_1824";"Bangalore";"Regular";104;"Restaurant_104";"Chinese"
5356;"20-10-2023";374.75;1465;"User_1465";"Pune";"Regular";416;"Restaurant_416";"Chinese"
5357;"23-02-2023";1288.49;713;"User_713";"Pune";"Gold";126;"Restaurant_126";"Italian"
5358;"25-05-2023";692.1;2947;"User_2947";"Pune";"Regular";50;"Restaurant_50";"Mexican"
5359;"04-04-2023";434.84;1372;"User_1372";"Chennai";"Gold";405;"Restaurant_405";"Indian"
5360;"09-04-2023";630.25;1115;"User_1115";"Chennai";"Regular";235;"Restaurant_235";"Italian"
5361;"12-06-2023";1320.74;737;"User_737";"Bangalore";"Gold";288;"Restaurant_288";"Mexican"
5362;"04-10-2023";1335.55;115;"User_115";"Pune";"Gold";345;"Restaurant_345";"Chinese"
5363;"02-02-2023";515.48;1600;"User_1600";"Chennai";"Regular";234;"Restaurant_234";"Chinese"
5364;"24-07-2023";990.96;3000;"User_3000";"Hyderabad";"Gold";88;"Restaurant_88";"Indian"
5365;"07-03-2023";475.61;2677;"User_2677";"Pune";"Regular";417;"Restaurant_417";"Mexican"
5366;"02-02-2023";272.27;51;"User_51";"Hyderabad";"Regular";313;"Restaurant_313";"Indian"
5367;"28-10-2023";926.43;7;"User_7";"Chennai";"Gold";302;"Restaurant_302";"Mexican"
5368;"12-09-2023";1268.66;755;"User_755";"Chennai";"Regular";428;"Restaurant_428";"Mexican"
5369;"04-02-2023";760.44;2100;"User_2100";"Hyderabad";"Regular";401;"Restaurant_401";"Indian"
5370;"17-12-2023";1182.24;1144;"User_1144";"Chennai";"Gold";61;"Restaurant_61";"Italian"
5371;"18-09-2023";325.99;1102;"User_1102";"Chennai";"Regular";358;"Restaurant_358";"Indian"
5372;"06-10-2023";962.65;2357;"User_2357";"Hyderabad";"Regular";120;"Restaurant_120";"Italian"
5373;"04-01-2023";473.24;2932;"User_2932";"Chennai";"Gold";156;"Restaurant_156";"Italian"
5374;"01-09-2023";506.18;2651;"User_2651";"Pune";"Gold";361;"Restaurant_361";"Indian"
5375;"05-10-2023";135.76;2008;"User_2008";"Bangalore";"Gold";134;"Restaurant_134";"Mexican"
5376;"02-01-2023";299.03;2344;"User_2344";"Hyderabad";"Regular";452;"Restaurant_452";"Chinese"
5377;"15-02-2023";1479.93;239;"User_239";"Pune";"Gold";198;"Restaurant_198";"Mexican"
5378;"21-08-2023";684.44;209;"User_209";"Pune";"Regular";287;"Restaurant_287";"Chinese"
5379;"20-09-2023";555.46;1302;"User_1302";"Bangalore";"Regular";115;"Restaurant_115";"Chinese"
5380;"12-05-2023";1200.75;1409;"User_1409";"Bangalore";"Gold";34;"Restaurant_34";"Chinese"
5381;"23-03-2023";1012.73;1700;"User_1700";"Hyderabad";"Regular";163;"Restaurant_163";"Italian"
5382;"11-05-2023";749.09;2398;"User_2398";"Bangalore";"Gold";23;"Restaurant_23";"Chinese"
5383;"15-01-2023";1083.01;1530;"User_1530";"Bangalore";"Gold";118;"Restaurant_118";"Mexican"
5384;"04-07-2023";1294.95;2664;"User_2664";"Hyderabad";"Regular";421;"Restaurant_421";"Indian"
5385;"10-11-2023";701.19;728;"User_728";"Hyderabad";"Gold";429;"Restaurant_429";"Chinese"
5386;"12-10-2023";1462.82;2022;"User_2022";"Bangalore";"Regular";123;"Restaurant_123";"Chinese"
5387;"15-03-2023";488.0;1482;"User_1482";"Bangalore";"Regular";286;"Restaurant_286";"Italian"
5388;"16-10-2023";162.63;2257;"User_2257";"Chennai";"Gold";390;"Restaurant_390";"Mexican"
5389;"26-05-2023";158.57;2743;"User_2743";"Hyderabad";"Regular";458;"Restaurant_458";"Italian"
5390;"09-11-2023";142.95;204;"User_204";"Bangalore";"Regular";71;"Restaurant_71";"Indian"
5391;"05-12-2023";1197.31;2194;"User_2194";"Chennai";"Regular";266;"Restaurant_266";"Italian"
5392;"05-01-2023";1242.27;2562;"User_2562";"Pune";"Regular";248;"Restaurant_248";"Italian"
5393;"02-02-2023";615.66;392;"User_392";"Chennai";"Regular";245;"Restaurant_245";"Mexican"
5394;"13-08-2023";759.23;2383;"User_2383";"Chennai";"Gold";287;"Restaurant_287";"Chinese"
5395;"21-05-2023";1117.1;109;"User_109";"Chennai";"Regular";379;"Restaurant_379";"Mexican"
5396;"22-10-2023";1197.55;678;"User_678";"Bangalore";"Regular";471;"Restaurant_471";"Indian"
5397;"13-05-2023";535.6;1575;"User_1575";"Bangalore";"Gold";495;"Restaurant_495";"Italian"
5398;"26-10-2023";1267.79;464;"User_464";"Chennai";"Regular";19;"Restaurant_19";"Indian"
5399;"09-09-2023";974.38;2727;"User_2727";"Chennai";"Regular";383;"Restaurant_383";"Indian"
5400;"06-12-2023";782.91;2277;"User_2277";"Hyderabad";"Regular";352;"Restaurant_352";"Italian"
5401;"10-04-2023";1066.0;1586;"User_1586";"Hyderabad";"Regular";21;"Restaurant_21";"Indian"
5402;"04-05-2023";1156.89;2718;"User_2718";"Hyderabad";"Regular";440;"Restaurant_440";"Mexican"
5403;"14-02-2023";1032.43;1931;"User_1931";"Bangalore";"Regular";420;"Restaurant_420";"Italian"
5404;"29-04-2023";1381.91;2752;"User_2752";"Bangalore";"Gold";174;"Restaurant_174";"Mexican"
5405;"29-09-2023";587.67;1184;"User_1184";"Pune";"Gold";206;"Restaurant_206";"Mexican"
5406;"22-07-2023";1139.95;2232;"User_2232";"Pune";"Gold";381;"Restaurant_381";"Italian"
5407;"17-01-2023";398.2;2037;"User_2037";"Chennai";"Gold";316;"Restaurant_316";"Chinese"
5408;"05-04-2023";569.86;344;"User_344";"Chennai";"Gold";113;"Restaurant_113";"Chinese"
5409;"07-03-2023";791.1;265;"User_265";"Chennai";"Regular";56;"Restaurant_56";"Italian"
5410;"01-09-2023";640.68;1166;"User_1166";"Bangalore";"Regular";127;"Restaurant_127";"Chinese"
5411;"07-02-2023";1056.97;2371;"User_2371";"Pune";"Gold";443;"Restaurant_443";"Mexican"
5412;"29-06-2023";946.89;2988;"User_2988";"Pune";"Gold";60;"Restaurant_60";"Mexican"
5413;"10-06-2023";299.56;982;"User_982";"Hyderabad";"Regular";162;"Restaurant_162";"Italian"
5414;"07-03-2023";213.72;1014;"User_1014";"Pune";"Gold";432;"Restaurant_432";"Mexican"
5415;"12-02-2023";1160.9;95;"User_95";"Bangalore";"Gold";82;"Restaurant_82";"Chinese"
5416;"05-11-2023";470.62;286;"User_286";"Pune";"Gold";469;"Restaurant_469";"Italian"
5417;"28-08-2023";135.5;992;"User_992";"Bangalore";"Gold";498;"Restaurant_498";"Chinese"
5418;"16-07-2023";375.98;2705;"User_2705";"Pune";"Regular";4;"Restaurant_4";"Chinese"
5419;"12-11-2023";824.91;2700;"User_2700";"Chennai";"Gold";407;"Restaurant_407";"Mexican"
5420;"04-05-2023";1367.76;1527;"User_1527";"Chennai";"Regular";74;"Restaurant_74";"Chinese"
5421;"17-02-2023";1163.82;534;"User_534";"Bangalore";"Gold";431;"Restaurant_431";"Mexican"
5422;"30-01-2023";100.93;1429;"User_1429";"Chennai";"Gold";291;"Restaurant_291";"Mexican"
5423;"05-12-2023";842.7;2589;"User_2589";"Bangalore";"Gold";176;"Restaurant_176";"Italian"
5424;"22-02-2023";1265.65;501;"User_501";"Bangalore";"Gold";133;"Restaurant_133";"Italian"
5425;"10-10-2023";963.61;950;"User_950";"Chennai";"Regular";359;"Restaurant_359";"Mexican"
5426;"04-10-2023";1355.54;1645;"User_1645";"Hyderabad";"Gold";92;"Restaurant_92";"Mexican"
5427;"29-04-2023";505.73;458;"User_458";"Bangalore";"Regular";13;"Restaurant_13";"Indian"
5428;"09-09-2023";250.17;2083;"User_2083";"Hyderabad";"Regular";12;"Restaurant_12";"Mexican"
5429;"10-10-2023";483.57;635;"User_635";"Pune";"Regular";437;"Restaurant_437";"Indian"
5430;"25-08-2023";110.92;199;"User_199";"Pune";"Gold";256;"Restaurant_256";"Italian"
5431;"12-10-2023";1143.58;1643;"User_1643";"Chennai";"Regular";200;"Restaurant_200";"Chinese"
5432;"06-02-2023";310.57;915;"User_915";"Hyderabad";"Gold";220;"Restaurant_220";"Mexican"
5433;"14-01-2023";207.64;1186;"User_1186";"Hyderabad";"Regular";490;"Restaurant_490";"Italian"
5434;"24-02-2023";548.07;1260;"User_1260";"Pune";"Gold";330;"Restaurant_330";"Italian"
5435;"18-08-2023";225.42;1939;"User_1939";"Bangalore";"Gold";54;"Restaurant_54";"Italian"
5436;"06-02-2023";662.78;2086;"User_2086";"Pune";"Regular";184;"Restaurant_184";"Mexican"
5437;"20-10-2023";1078.76;402;"User_402";"Hyderabad";"Regular";253;"Restaurant_253";"Italian"
5438;"23-07-2023";1490.89;1043;"User_1043";"Pune";"Gold";217;"Restaurant_217";"Indian"
5439;"20-05-2023";456.82;2425;"User_2425";"Chennai";"Gold";414;"Restaurant_414";"Chinese"
5440;"18-07-2023";961.03;930;"User_930";"Bangalore";"Regular";492;"Restaurant_492";"Italian"
5441;"12-10-2023";934.53;774;"User_774";"Bangalore";"Gold";438;"Restaurant_438";"Italian"
5442;"25-12-2023";1324.6;211;"User_211";"Bangalore";"Regular";417;"Restaurant_417";"Mexican"
5443;"07-04-2023";107.21;155;"User_155";"Pune";"Gold";408;"Restaurant_408";"Mexican"
5444;"26-03-2023";711.15;312;"User_312";"Hyderabad";"Gold";348;"Restaurant_348";"Italian"
5445;"29-06-2023";1310.37;2651;"User_2651";"Pune";"Gold";437;"Restaurant_437";"Indian"
5446;"23-01-2023";1107.3;535;"User_535";"Pune";"Gold";497;"Restaurant_497";"Mexican"
5447;"08-09-2023";780.14;1239;"User_1239";"Bangalore";"Regular";115;"Restaurant_115";"Chinese"
5448;"27-11-2023";776.37;1841;"User_1841";"Chennai";"Regular";106;"Restaurant_106";"Indian"
5449;"19-11-2023";1126.72;2842;"User_2842";"Chennai";"Gold";459;"Restaurant_459";"Italian"
5450;"09-10-2023";753.13;933;"User_933";"Hyderabad";"Regular";324;"Restaurant_324";"Mexican"
5451;"14-11-2023";755.28;154;"User_154";"Hyderabad";"Regular";214;"Restaurant_214";"Chinese"
5452;"20-01-2023";1001.99;973;"User_973";"Hyderabad";"Regular";262;"Restaurant_262";"Chinese"
5453;"24-10-2023";1119.71;973;"User_973";"Hyderabad";"Regular";101;"Restaurant_101";"Mexican"
5454;"12-10-2023";1007.21;871;"User_871";"Chennai";"Gold";230;"Restaurant_230";"Chinese"
5455;"07-08-2023";708.29;1219;"User_1219";"Bangalore";"Regular";174;"Restaurant_174";"Mexican"
5456;"20-01-2023";351.71;2633;"User_2633";"Hyderabad";"Gold";86;"Restaurant_86";"Indian"
5457;"23-07-2023";1310.31;2223;"User_2223";"Chennai";"Regular";352;"Restaurant_352";"Italian"
5458;"02-09-2023";1017.8;1774;"User_1774";"Bangalore";"Regular";94;"Restaurant_94";"Chinese"
5459;"08-10-2023";251.91;1313;"User_1313";"Bangalore";"Regular";364;"Restaurant_364";"Mexican"
5460;"07-05-2023";1424.34;2908;"User_2908";"Pune";"Gold";203;"Restaurant_203";"Chinese"
5461;"22-08-2023";322.4;2122;"User_2122";"Pune";"Regular";321;"Restaurant_321";"Chinese"
5462;"30-03-2023";930.94;2237;"User_2237";"Chennai";"Gold";369;"Restaurant_369";"Italian"
5463;"25-03-2023";1366.88;1779;"User_1779";"Chennai";"Regular";148;"Restaurant_148";"Italian"
5464;"22-01-2023";1233.77;1081;"User_1081";"Hyderabad";"Gold";170;"Restaurant_170";"Mexican"
5465;"19-09-2023";1084.83;575;"User_575";"Bangalore";"Gold";177;"Restaurant_177";"Indian"
5466;"14-10-2023";237.05;252;"User_252";"Pune";"Regular";349;"Restaurant_349";"Indian"
5467;"27-02-2023";499.31;743;"User_743";"Bangalore";"Gold";156;"Restaurant_156";"Italian"
5468;"01-11-2023";1124.59;329;"User_329";"Hyderabad";"Regular";60;"Restaurant_60";"Mexican"
5469;"25-09-2023";727.08;2366;"User_2366";"Bangalore";"Regular";214;"Restaurant_214";"Chinese"
5470;"10-06-2023";569.3;1583;"User_1583";"Hyderabad";"Gold";187;"Restaurant_187";"Chinese"
5471;"01-03-2023";882.66;374;"User_374";"Hyderabad";"Regular";80;"Restaurant_80";"Italian"
5472;"24-12-2023";331.26;1462;"User_1462";"Hyderabad";"Regular";481;"Restaurant_481";"Indian"
5473;"28-10-2023";185.06;373;"User_373";"Hyderabad";"Regular";112;"Restaurant_112";"Chinese"
5474;"14-10-2023";844.33;89;"User_89";"Chennai";"Regular";295;"Restaurant_295";"Chinese"
5475;"16-08-2023";491.82;2297;"User_2297";"Bangalore";"Gold";433;"Restaurant_433";"Italian"
5476;"31-05-2023";716.27;457;"User_457";"Chennai";"Regular";281;"Restaurant_281";"Italian"
5477;"21-06-2023";965.14;2462;"User_2462";"Chennai";"Gold";170;"Restaurant_170";"Mexican"
5478;"10-11-2023";340.34;279;"User_279";"Pune";"Gold";252;"Restaurant_252";"Indian"
5479;"30-09-2023";905.37;679;"User_679";"Chennai";"Regular";91;"Restaurant_91";"Italian"
5480;"31-12-2023";438.31;1970;"User_1970";"Bangalore";"Regular";21;"Restaurant_21";"Indian"
5481;"28-05-2023";153.43;49;"User_49";"Chennai";"Regular";387;"Restaurant_387";"Mexican"
5482;"14-05-2023";1005.21;625;"User_625";"Bangalore";"Gold";137;"Restaurant_137";"Indian"
5483;"01-01-2023";821.02;1294;"User_1294";"Chennai";"Regular";184;"Restaurant_184";"Mexican"
5484;"15-06-2023";520.91;1153;"User_1153";"Hyderabad";"Gold";95;"Restaurant_95";"Indian"
5485;"07-02-2023";936.22;2899;"User_2899";"Bangalore";"Regular";107;"Restaurant_107";"Mexican"
5486;"18-07-2023";346.38;574;"User_574";"Chennai";"Regular";442;"Restaurant_442";"Italian"
5487;"07-11-2023";912.88;2915;"User_2915";"Chennai";"Gold";467;"Restaurant_467";"Italian"
5488;"21-05-2023";830.96;2875;"User_2875";"Hyderabad";"Gold";435;"Restaurant_435";"Italian"
5489;"09-07-2023";293.07;1515;"User_1515";"Bangalore";"Regular";196;"Restaurant_196";"Italian"
5490;"14-02-2023";172.75;1896;"User_1896";"Pune";"Regular";272;"Restaurant_272";"Indian"
5491;"23-04-2023";458.72;1220;"User_1220";"Hyderabad";"Regular";285;"Restaurant_285";"Mexican"
5492;"02-09-2023";767.89;326;"User_326";"Hyderabad";"Regular";437;"Restaurant_437";"Indian"
5493;"06-01-2023";993.09;1490;"User_1490";"Hyderabad";"Regular";86;"Restaurant_86";"Indian"
5494;"19-02-2023";970.1;45;"User_45";"Hyderabad";"Gold";482;"Restaurant_482";"Chinese"
5495;"10-05-2023";820.63;2390;"User_2390";"Hyderabad";"Gold";1;"Restaurant_1";"Chinese"
5496;"24-12-2023";1053.37;1598;"User_1598";"Bangalore";"Gold";367;"Restaurant_367";"Indian"
5497;"26-10-2023";1344.32;2341;"User_2341";"Bangalore";"Regular";60;"Restaurant_60";"Mexican"
5498;"08-06-2023";1194.05;1207;"User_1207";"Chennai";"Regular";279;"Restaurant_279";"Italian"
5499;"25-11-2023";125.68;931;"User_931";"Pune";"Regular";389;"Restaurant_389";"Italian"
5500;"20-10-2023";204.17;717;"User_717";"Chennai";"Gold";478;"Restaurant_478";"Chinese"
5501;"17-01-2023";466.49;576;"User_576";"Pune";"Gold";125;"Restaurant_125";"Chinese"
5502;"05-05-2023";1262.83;2883;"User_2883";"Chennai";"Regular";374;"Restaurant_374";"Mexican"
5503;"17-02-2023";276.14;719;"User_719";"Chennai";"Gold";203;"Restaurant_203";"Chinese"
5504;"14-08-2023";872.36;98;"User_98";"Pune";"Regular";425;"Restaurant_425";"Chinese"
5505;"19-08-2023";1066.84;466;"User_466";"Pune";"Regular";263;"Restaurant_263";"Indian"
5506;"13-08-2023";1468.34;135;"User_135";"Chennai";"Regular";346;"Restaurant_346";"Indian"
5507;"10-12-2023";1131.19;2115;"User_2115";"Pune";"Gold";265;"Restaurant_265";"Chinese"
5508;"17-07-2023";1237.19;601;"User_601";"Hyderabad";"Regular";58;"Restaurant_58";"Indian"
5509;"29-12-2023";1302.28;2797;"User_2797";"Hyderabad";"Gold";451;"Restaurant_451";"Chinese"
5510;"07-02-2023";687.24;894;"User_894";"Chennai";"Regular";371;"Restaurant_371";"Chinese"
5511;"30-12-2023";732.16;336;"User_336";"Hyderabad";"Regular";406;"Restaurant_406";"Chinese"
5512;"23-11-2023";471.22;1091;"User_1091";"Pune";"Gold";200;"Restaurant_200";"Chinese"
5513;"08-07-2023";741.23;786;"User_786";"Hyderabad";"Gold";176;"Restaurant_176";"Italian"
5514;"28-10-2023";426.37;1659;"User_1659";"Pune";"Regular";403;"Restaurant_403";"Indian"
5515;"15-08-2023";886.14;2421;"User_2421";"Hyderabad";"Gold";441;"Restaurant_441";"Indian"
5516;"03-08-2023";250.75;2996;"User_2996";"Hyderabad";"Gold";95;"Restaurant_95";"Indian"
5517;"27-03-2023";1291.67;1621;"User_1621";"Hyderabad";"Gold";268;"Restaurant_268";"Indian"
5518;"25-11-2023";462.33;2532;"User_2532";"Hyderabad";"Gold";314;"Restaurant_314";"Indian"
5519;"16-03-2023";1164.25;2402;"User_2402";"Bangalore";"Gold";480;"Restaurant_480";"Chinese"
5520;"11-08-2023";1431.77;1626;"User_1626";"Chennai";"Gold";249;"Restaurant_249";"Italian"
5521;"01-11-2023";1265.99;634;"User_634";"Hyderabad";"Regular";166;"Restaurant_166";"Chinese"
5522;"03-10-2023";834.96;1549;"User_1549";"Pune";"Regular";29;"Restaurant_29";"Italian"
5523;"17-03-2023";667.08;671;"User_671";"Chennai";"Regular";136;"Restaurant_136";"Indian"
5524;"06-04-2023";1344.33;1539;"User_1539";"Hyderabad";"Regular";28;"Restaurant_28";"Chinese"
5525;"02-06-2023";1363.78;2762;"User_2762";"Pune";"Gold";217;"Restaurant_217";"Indian"
5526;"30-10-2023";906.08;748;"User_748";"Pune";"Regular";208;"Restaurant_208";"Mexican"
5527;"13-06-2023";809.8;1768;"User_1768";"Chennai";"Regular";120;"Restaurant_120";"Italian"
5528;"20-01-2023";1488.52;2931;"User_2931";"Chennai";"Regular";449;"Restaurant_449";"Indian"
5529;"03-02-2023";1439.84;1479;"User_1479";"Pune";"Regular";220;"Restaurant_220";"Mexican"
5530;"24-05-2023";1173.6;1398;"User_1398";"Chennai";"Regular";271;"Restaurant_271";"Chinese"
5531;"04-04-2023";642.5;2606;"User_2606";"Bangalore";"Regular";422;"Restaurant_422";"Mexican"
5532;"15-06-2023";726.71;656;"User_656";"Pune";"Gold";369;"Restaurant_369";"Italian"
5533;"26-09-2023";944.69;1311;"User_1311";"Bangalore";"Regular";340;"Restaurant_340";"Chinese"
5534;"14-06-2023";445.72;1384;"User_1384";"Bangalore";"Gold";418;"Restaurant_418";"Chinese"
5535;"10-08-2023";1107.83;751;"User_751";"Hyderabad";"Gold";457;"Restaurant_457";"Indian"
5536;"10-09-2023";1019.55;1210;"User_1210";"Chennai";"Gold";480;"Restaurant_480";"Chinese"
5537;"03-09-2023";238.97;445;"User_445";"Chennai";"Regular";165;"Restaurant_165";"Mexican"
5538;"15-12-2023";758.12;2742;"User_2742";"Hyderabad";"Gold";143;"Restaurant_143";"Chinese"
5539;"13-04-2023";897.62;606;"User_606";"Hyderabad";"Gold";401;"Restaurant_401";"Indian"
5540;"17-11-2023";1115.45;2722;"User_2722";"Pune";"Gold";397;"Restaurant_397";"Indian"
5541;"29-09-2023";1131.84;1669;"User_1669";"Hyderabad";"Regular";10;"Restaurant_10";"Chinese"
5542;"16-05-2023";1300.55;735;"User_735";"Bangalore";"Gold";122;"Restaurant_122";"Indian"
5543;"11-12-2023";162.56;2920;"User_2920";"Bangalore";"Gold";332;"Restaurant_332";"Chinese"
5544;"15-05-2023";232.04;118;"User_118";"Pune";"Regular";494;"Restaurant_494";"Mexican"
5545;"03-07-2023";1021.18;1014;"User_1014";"Pune";"Gold";439;"Restaurant_439";"Mexican"
5546;"10-03-2023";592.18;1685;"User_1685";"Chennai";"Regular";236;"Restaurant_236";"Italian"
5547;"21-02-2023";252.76;52;"User_52";"Chennai";"Regular";240;"Restaurant_240";"Indian"
5548;"21-01-2023";697.5;1615;"User_1615";"Hyderabad";"Regular";103;"Restaurant_103";"Mexican"
5549;"04-11-2023";1175.81;413;"User_413";"Pune";"Gold";317;"Restaurant_317";"Mexican"
5550;"18-02-2023";907.11;225;"User_225";"Chennai";"Regular";252;"Restaurant_252";"Indian"
5551;"10-10-2023";1468.03;1624;"User_1624";"Pune";"Gold";402;"Restaurant_402";"Mexican"
5552;"15-04-2023";100.2;597;"User_597";"Hyderabad";"Regular";10;"Restaurant_10";"Chinese"
5553;"10-03-2023";1175.85;2749;"User_2749";"Pune";"Regular";420;"Restaurant_420";"Italian"
5554;"29-07-2023";1090.01;1853;"User_1853";"Hyderabad";"Gold";401;"Restaurant_401";"Indian"
5555;"22-09-2023";527.96;2505;"User_2505";"Bangalore";"Gold";145;"Restaurant_145";"Italian"
5556;"08-10-2023";879.72;2725;"User_2725";"Bangalore";"Gold";428;"Restaurant_428";"Mexican"
5557;"08-10-2023";1135.88;1398;"User_1398";"Chennai";"Regular";100;"Restaurant_100";"Indian"
5558;"06-07-2023";488.78;1482;"User_1482";"Bangalore";"Regular";305;"Restaurant_305";"Indian"
5559;"26-05-2023";657.45;46;"User_46";"Bangalore";"Regular";33;"Restaurant_33";"Italian"
5560;"12-04-2023";371.32;1846;"User_1846";"Chennai";"Regular";110;"Restaurant_110";"Mexican"
5561;"25-12-2023";451.48;747;"User_747";"Pune";"Regular";441;"Restaurant_441";"Indian"
5562;"04-07-2023";271.14;1144;"User_1144";"Chennai";"Gold";139;"Restaurant_139";"Mexican"
5563;"05-11-2023";326.12;1138;"User_1138";"Hyderabad";"Gold";282;"Restaurant_282";"Indian"
5564;"08-02-2023";384.96;1201;"User_1201";"Bangalore";"Gold";65;"Restaurant_65";"Mexican"
5565;"03-09-2023";1478.16;1566;"User_1566";"Pune";"Regular";123;"Restaurant_123";"Chinese"
5566;"26-09-2023";1242.18;1952;"User_1952";"Pune";"Regular";43;"Restaurant_43";"Chinese"
5567;"20-10-2023";505.1;1491;"User_1491";"Bangalore";"Regular";226;"Restaurant_226";"Indian"
5568;"06-04-2023";1460.53;1845;"User_1845";"Hyderabad";"Regular";216;"Restaurant_216";"Italian"
5569;"11-11-2023";661.33;2052;"User_2052";"Pune";"Regular";270;"Restaurant_270";"Mexican"
5570;"11-09-2023";713.75;1345;"User_1345";"Pune";"Regular";494;"Restaurant_494";"Mexican"
5571;"13-07-2023";251.54;878;"User_878";"Chennai";"Regular";261;"Restaurant_261";"Italian"
5572;"25-09-2023";367.26;660;"User_660";"Chennai";"Gold";203;"Restaurant_203";"Chinese"
5573;"09-12-2023";1215.24;2802;"User_2802";"Hyderabad";"Gold";102;"Restaurant_102";"Italian"
5574;"05-10-2023";1039.11;1375;"User_1375";"Pune";"Regular";97;"Restaurant_97";"Mexican"
5575;"22-03-2023";427.97;390;"User_390";"Chennai";"Gold";471;"Restaurant_471";"Indian"
5576;"09-12-2023";122.87;1025;"User_1025";"Pune";"Gold";167;"Restaurant_167";"Italian"
5577;"02-10-2023";1340.14;2395;"User_2395";"Hyderabad";"Regular";166;"Restaurant_166";"Chinese"
5578;"06-01-2023";1040.88;2279;"User_2279";"Pune";"Gold";207;"Restaurant_207";"Italian"
5579;"23-06-2023";154.81;1113;"User_1113";"Pune";"Regular";10;"Restaurant_10";"Chinese"
5580;"16-09-2023";1388.59;1840;"User_1840";"Hyderabad";"Regular";25;"Restaurant_25";"Chinese"
5581;"04-08-2023";902.88;1716;"User_1716";"Pune";"Regular";324;"Restaurant_324";"Mexican"
5582;"26-11-2023";1411.89;2519;"User_2519";"Chennai";"Gold";428;"Restaurant_428";"Mexican"
5583;"23-06-2023";410.94;1500;"User_1500";"Hyderabad";"Regular";334;"Restaurant_334";"Indian"
5584;"06-12-2023";1225.34;902;"User_902";"Bangalore";"Gold";57;"Restaurant_57";"Mexican"
5585;"30-05-2023";420.11;1653;"User_1653";"Bangalore";"Gold";47;"Restaurant_47";"Indian"
5586;"23-12-2023";1077.23;2705;"User_2705";"Pune";"Regular";50;"Restaurant_50";"Mexican"
5587;"12-03-2023";874.66;2419;"User_2419";"Chennai";"Gold";83;"Restaurant_83";"Chinese"
5588;"20-09-2023";892.23;1613;"User_1613";"Chennai";"Gold";238;"Restaurant_238";"Chinese"
5589;"16-12-2023";1212.83;2532;"User_2532";"Hyderabad";"Gold";326;"Restaurant_326";"Italian"
5590;"05-03-2023";1208.77;1735;"User_1735";"Pune";"Regular";204;"Restaurant_204";"Mexican"
5591;"19-05-2023";1052.93;332;"User_332";"Bangalore";"Regular";350;"Restaurant_350";"Mexican"
5592;"17-09-2023";742.97;2501;"User_2501";"Chennai";"Gold";270;"Restaurant_270";"Mexican"
5593;"11-10-2023";1177.13;1495;"User_1495";"Chennai";"Regular";301;"Restaurant_301";"Italian"
5594;"27-12-2023";497.93;1510;"User_1510";"Hyderabad";"Gold";252;"Restaurant_252";"Indian"
5595;"03-06-2023";492.31;2864;"User_2864";"Chennai";"Gold";163;"Restaurant_163";"Italian"
5596;"27-06-2023";1062.23;2758;"User_2758";"Hyderabad";"Gold";351;"Restaurant_351";"Mexican"
5597;"16-09-2023";366.1;2090;"User_2090";"Hyderabad";"Regular";104;"Restaurant_104";"Chinese"
5598;"23-09-2023";617.7;1208;"User_1208";"Hyderabad";"Regular";448;"Restaurant_448";"Mexican"
5599;"25-03-2023";254.39;2741;"User_2741";"Pune";"Regular";94;"Restaurant_94";"Chinese"
5600;"26-12-2023";563.73;205;"User_205";"Pune";"Gold";128;"Restaurant_128";"Indian"
5601;"25-10-2023";1247.77;2135;"User_2135";"Chennai";"Gold";485;"Restaurant_485";"Mexican"
5602;"10-02-2023";1345.52;990;"User_990";"Bangalore";"Regular";42;"Restaurant_42";"Chinese"
5603;"12-07-2023";1174.34;2880;"User_2880";"Pune";"Gold";394;"Restaurant_394";"Mexican"
5604;"22-08-2023";934.14;253;"User_253";"Chennai";"Regular";407;"Restaurant_407";"Mexican"
5605;"18-10-2023";985.83;1851;"User_1851";"Bangalore";"Gold";133;"Restaurant_133";"Italian"
5606;"19-08-2023";592.69;1127;"User_1127";"Pune";"Gold";324;"Restaurant_324";"Mexican"
5607;"02-04-2023";765.74;2913;"User_2913";"Pune";"Gold";110;"Restaurant_110";"Mexican"
5608;"23-06-2023";214.35;1950;"User_1950";"Bangalore";"Gold";452;"Restaurant_452";"Chinese"
5609;"27-05-2023";964.38;1792;"User_1792";"Hyderabad";"Gold";191;"Restaurant_191";"Indian"
5610;"08-06-2023";1240.48;1849;"User_1849";"Bangalore";"Gold";325;"Restaurant_325";"Italian"
5611;"08-10-2023";499.52;1355;"User_1355";"Pune";"Gold";167;"Restaurant_167";"Italian"
5612;"05-06-2023";1340.82;1989;"User_1989";"Bangalore";"Regular";212;"Restaurant_212";"Indian"
5613;"02-01-2023";1380.36;1908;"User_1908";"Bangalore";"Gold";105;"Restaurant_105";"Mexican"
5614;"24-07-2023";1320.72;1170;"User_1170";"Chennai";"Regular";243;"Restaurant_243";"Chinese"
5615;"04-06-2023";148.17;1310;"User_1310";"Bangalore";"Gold";305;"Restaurant_305";"Indian"
5616;"01-03-2023";1204.31;2724;"User_2724";"Chennai";"Gold";357;"Restaurant_357";"Italian"
5617;"05-07-2023";804.25;54;"User_54";"Chennai";"Regular";73;"Restaurant_73";"Mexican"
5618;"19-01-2023";613.58;1788;"User_1788";"Pune";"Gold";208;"Restaurant_208";"Mexican"
5619;"23-05-2023";872.33;940;"User_940";"Hyderabad";"Regular";69;"Restaurant_69";"Chinese"
5620;"14-08-2023";1231.4;358;"User_358";"Bangalore";"Gold";111;"Restaurant_111";"Mexican"
5621;"17-08-2023";1064.7;2793;"User_2793";"Bangalore";"Gold";332;"Restaurant_332";"Chinese"
5622;"17-08-2023";358.15;210;"User_210";"Chennai";"Regular";455;"Restaurant_455";"Chinese"
5623;"07-12-2023";469.19;2107;"User_2107";"Hyderabad";"Gold";105;"Restaurant_105";"Mexican"
5624;"27-10-2023";1201.35;1198;"User_1198";"Chennai";"Gold";71;"Restaurant_71";"Indian"
5625;"17-08-2023";168.04;1550;"User_1550";"Pune";"Regular";332;"Restaurant_332";"Chinese"
5626;"23-01-2023";1286.88;1612;"User_1612";"Chennai";"Gold";281;"Restaurant_281";"Italian"
5627;"01-04-2023";1204.71;1064;"User_1064";"Pune";"Regular";451;"Restaurant_451";"Chinese"
5628;"21-11-2023";856.52;1774;"User_1774";"Bangalore";"Regular";345;"Restaurant_345";"Chinese"
5629;"22-09-2023";353.49;2920;"User_2920";"Bangalore";"Gold";143;"Restaurant_143";"Chinese"
5630;"19-09-2023";1475.39;2904;"User_2904";"Chennai";"Regular";479;"Restaurant_479";"Indian"
5631;"24-07-2023";951.04;91;"User_91";"Chennai";"Regular";45;"Restaurant_45";"Mexican"
5632;"10-12-2023";348.33;2772;"User_2772";"Bangalore";"Gold";80;"Restaurant_80";"Italian"
5633;"17-06-2023";484.8;746;"User_746";"Bangalore";"Regular";284;"Restaurant_284";"Indian"
5634;"19-08-2023";1441.22;107;"User_107";"Pune";"Regular";405;"Restaurant_405";"Indian"
5635;"09-11-2023";735.93;1348;"User_1348";"Hyderabad";"Regular";297;"Restaurant_297";"Italian"
5636;"15-03-2023";1421.46;2840;"User_2840";"Bangalore";"Gold";435;"Restaurant_435";"Italian"
5637;"15-05-2023";891.8;2577;"User_2577";"Pune";"Regular";110;"Restaurant_110";"Mexican"
5638;"09-09-2023";1102.87;567;"User_567";"Hyderabad";"Gold";49;"Restaurant_49";"Italian"
5639;"04-04-2023";175.83;1007;"User_1007";"Bangalore";"Gold";119;"Restaurant_119";"Chinese"
5640;"20-11-2023";340.19;1798;"User_1798";"Hyderabad";"Gold";55;"Restaurant_55";"Indian"
5641;"18-10-2023";1353.68;2586;"User_2586";"Hyderabad";"Regular";66;"Restaurant_66";"Italian"
5642;"15-08-2023";357.16;641;"User_641";"Hyderabad";"Gold";163;"Restaurant_163";"Italian"
5643;"14-06-2023";824.5;987;"User_987";"Bangalore";"Regular";435;"Restaurant_435";"Italian"
5644;"30-06-2023";1381.89;2390;"User_2390";"Hyderabad";"Gold";436;"Restaurant_436";"Mexican"
5645;"18-04-2023";675.8;1299;"User_1299";"Bangalore";"Regular";2;"Restaurant_2";"Indian"
5646;"02-03-2023";949.3;2880;"User_2880";"Pune";"Gold";12;"Restaurant_12";"Mexican"
5647;"21-12-2023";785.31;2024;"User_2024";"Chennai";"Regular";204;"Restaurant_204";"Mexican"
5648;"05-10-2023";1012.09;2709;"User_2709";"Bangalore";"Gold";397;"Restaurant_397";"Indian"
5649;"18-10-2023";946.55;778;"User_778";"Hyderabad";"Gold";157;"Restaurant_157";"Italian"
5650;"08-08-2023";880.27;2189;"User_2189";"Bangalore";"Regular";195;"Restaurant_195";"Indian"
5651;"01-11-2023";953.02;2186;"User_2186";"Chennai";"Gold";271;"Restaurant_271";"Chinese"
5652;"19-12-2023";1127.76;808;"User_808";"Bangalore";"Gold";319;"Restaurant_319";"Indian"
5653;"14-06-2023";1181.55;2517;"User_2517";"Pune";"Gold";171;"Restaurant_171";"Mexican"
5654;"13-08-2023";689.74;1603;"User_1603";"Chennai";"Gold";288;"Restaurant_288";"Mexican"
5655;"03-03-2023";502.38;754;"User_754";"Pune";"Regular";459;"Restaurant_459";"Italian"
5656;"04-06-2023";243.78;1335;"User_1335";"Bangalore";"Regular";461;"Restaurant_461";"Italian"
5657;"01-04-2023";730.91;376;"User_376";"Chennai";"Gold";257;"Restaurant_257";"Italian"
5658;"18-04-2023";1454.61;1785;"User_1785";"Bangalore";"Gold";2;"Restaurant_2";"Indian"
5659;"06-04-2023";510.53;1447;"User_1447";"Bangalore";"Regular";255;"Restaurant_255";"Mexican"
5660;"06-11-2023";754.0;1119;"User_1119";"Bangalore";"Gold";203;"Restaurant_203";"Chinese"
5661;"24-08-2023";1324.56;881;"User_881";"Hyderabad";"Regular";452;"Restaurant_452";"Chinese"
5662;"15-02-2023";561.11;2602;"User_2602";"Bangalore";"Gold";450;"Restaurant_450";"Mexican"
5663;"10-07-2023";375.81;1095;"User_1095";"Pune";"Regular";159;"Restaurant_159";"Mexican"
5664;"28-01-2023";881.19;2866;"User_2866";"Hyderabad";"Regular";15;"Restaurant_15";"Chinese"
5665;"20-03-2023";1129.08;739;"User_739";"Hyderabad";"Gold";58;"Restaurant_58";"Indian"
5666;"15-08-2023";107.57;1065;"User_1065";"Chennai";"Regular";350;"Restaurant_350";"Mexican"
5667;"27-01-2023";1044.41;67;"User_67";"Chennai";"Regular";157;"Restaurant_157";"Italian"
5668;"28-09-2023";454.4;1579;"User_1579";"Bangalore";"Regular";132;"Restaurant_132";"Indian"
5669;"17-05-2023";633.15;95;"User_95";"Bangalore";"Gold";416;"Restaurant_416";"Chinese"
5670;"29-01-2023";1201.67;15;"User_15";"Bangalore";"Regular";279;"Restaurant_279";"Italian"
5671;"01-03-2023";680.21;2674;"User_2674";"Hyderabad";"Gold";471;"Restaurant_471";"Indian"
5672;"02-08-2023";990.17;2036;"User_2036";"Bangalore";"Regular";475;"Restaurant_475";"Italian"
5673;"19-06-2023";693.03;1373;"User_1373";"Hyderabad";"Regular";163;"Restaurant_163";"Italian"
5674;"13-02-2023";1498.11;1143;"User_1143";"Pune";"Regular";296;"Restaurant_296";"Italian"
5675;"28-10-2023";615.86;2545;"User_2545";"Hyderabad";"Gold";63;"Restaurant_63";"Italian"
5676;"05-10-2023";625.03;85;"User_85";"Pune";"Gold";466;"Restaurant_466";"Italian"
5677;"17-01-2023";138.2;1928;"User_1928";"Chennai";"Gold";184;"Restaurant_184";"Mexican"
5678;"22-04-2023";256.31;138;"User_138";"Hyderabad";"Gold";173;"Restaurant_173";"Chinese"
5679;"12-06-2023";1082.76;1219;"User_1219";"Bangalore";"Regular";110;"Restaurant_110";"Mexican"
5680;"09-05-2023";1129.73;1964;"User_1964";"Chennai";"Gold";24;"Restaurant_24";"Mexican"
5681;"14-10-2023";1044.21;1984;"User_1984";"Pune";"Gold";305;"Restaurant_305";"Indian"
5682;"18-07-2023";826.56;2674;"User_2674";"Hyderabad";"Gold";92;"Restaurant_92";"Mexican"
5683;"28-10-2023";1273.54;1580;"User_1580";"Pune";"Gold";88;"Restaurant_88";"Indian"
5684;"03-04-2023";690.85;1302;"User_1302";"Bangalore";"Regular";110;"Restaurant_110";"Mexican"
5685;"07-08-2023";986.7;2778;"User_2778";"Hyderabad";"Regular";310;"Restaurant_310";"Indian"
5686;"05-12-2023";959.95;1359;"User_1359";"Chennai";"Regular";13;"Restaurant_13";"Indian"
5687;"07-04-2023";1436.01;778;"User_778";"Hyderabad";"Gold";240;"Restaurant_240";"Indian"
5688;"07-08-2023";459.56;2290;"User_2290";"Hyderabad";"Gold";467;"Restaurant_467";"Italian"
5689;"22-02-2023";414.38;2010;"User_2010";"Bangalore";"Regular";15;"Restaurant_15";"Chinese"
5690;"24-04-2023";841.87;1762;"User_1762";"Bangalore";"Regular";143;"Restaurant_143";"Chinese"
5691;"24-05-2023";449.78;187;"User_187";"Chennai";"Gold";305;"Restaurant_305";"Indian"
5692;"25-08-2023";1406.18;2255;"User_2255";"Chennai";"Gold";285;"Restaurant_285";"Mexican"
5693;"03-06-2023";918.62;281;"User_281";"Chennai";"Regular";133;"Restaurant_133";"Italian"
5694;"14-03-2023";287.47;811;"User_811";"Pune";"Gold";390;"Restaurant_390";"Mexican"
5695;"24-07-2023";1254.74;2793;"User_2793";"Bangalore";"Gold";198;"Restaurant_198";"Mexican"
5696;"26-10-2023";1291.43;2746;"User_2746";"Bangalore";"Regular";266;"Restaurant_266";"Italian"
5697;"02-08-2023";1085.47;482;"User_482";"Hyderabad";"Regular";310;"Restaurant_310";"Indian"
5698;"16-04-2023";118.34;2415;"User_2415";"Pune";"Regular";287;"Restaurant_287";"Chinese"
5699;"26-08-2023";1411.18;1111;"User_1111";"Hyderabad";"Gold";304;"Restaurant_304";"Italian"
5700;"13-02-2023";1467.38;2356;"User_2356";"Hyderabad";"Regular";51;"Restaurant_51";"Italian"
5701;"20-10-2023";1252.29;1951;"User_1951";"Pune";"Gold";402;"Restaurant_402";"Mexican"
5702;"28-07-2023";150.66;93;"User_93";"Bangalore";"Regular";454;"Restaurant_454";"Italian"
5703;"19-04-2023";1250.01;837;"User_837";"Bangalore";"Gold";197;"Restaurant_197";"Mexican"
5704;"26-01-2023";878.48;32;"User_32";"Bangalore";"Regular";348;"Restaurant_348";"Italian"
5705;"16-10-2023";310.67;287;"User_287";"Bangalore";"Regular";73;"Restaurant_73";"Mexican"
5706;"08-04-2023";1100.03;2834;"User_2834";"Chennai";"Regular";109;"Restaurant_109";"Chinese"
5707;"10-07-2023";1086.33;190;"User_190";"Bangalore";"Gold";46;"Restaurant_46";"Chinese"
5708;"22-05-2023";962.77;1763;"User_1763";"Pune";"Regular";435;"Restaurant_435";"Italian"
5709;"26-08-2023";483.43;1166;"User_1166";"Bangalore";"Regular";127;"Restaurant_127";"Chinese"
5710;"13-04-2023";1231.24;345;"User_345";"Chennai";"Gold";1;"Restaurant_1";"Chinese"
5711;"06-08-2023";360.29;423;"User_423";"Chennai";"Gold";1;"Restaurant_1";"Chinese"
5712;"19-04-2023";672.44;1648;"User_1648";"Hyderabad";"Regular";268;"Restaurant_268";"Indian"
5713;"30-07-2023";284.76;2281;"User_2281";"Bangalore";"Gold";435;"Restaurant_435";"Italian"
5714;"29-05-2023";749.28;654;"User_654";"Chennai";"Regular";446;"Restaurant_446";"Indian"
5715;"19-02-2023";445.16;2599;"User_2599";"Bangalore";"Gold";453;"Restaurant_453";"Chinese"
5716;"05-05-2023";1240.76;1662;"User_1662";"Bangalore";"Gold";8;"Restaurant_8";"Indian"
5717;"11-03-2023";283.58;2062;"User_2062";"Hyderabad";"Gold";304;"Restaurant_304";"Italian"
5718;"10-05-2023";950.66;2046;"User_2046";"Bangalore";"Gold";140;"Restaurant_140";"Italian"
5719;"13-10-2023";1400.13;1223;"User_1223";"Chennai";"Regular";294;"Restaurant_294";"Italian"
5720;"05-10-2023";921.24;1485;"User_1485";"Pune";"Regular";230;"Restaurant_230";"Chinese"
5721;"07-07-2023";921.37;2;"User_2";"Pune";"Gold";127;"Restaurant_127";"Chinese"
5722;"25-04-2023";140.46;942;"User_942";"Bangalore";"Regular";170;"Restaurant_170";"Mexican"
5723;"30-01-2023";1339.59;734;"User_734";"Hyderabad";"Gold";165;"Restaurant_165";"Mexican"
5724;"13-11-2023";327.96;1280;"User_1280";"Hyderabad";"Regular";19;"Restaurant_19";"Indian"
5725;"28-05-2023";1411.74;1511;"User_1511";"Chennai";"Regular";219;"Restaurant_219";"Mexican"
5726;"17-12-2023";502.91;2695;"User_2695";"Pune";"Regular";414;"Restaurant_414";"Chinese"
5727;"19-10-2023";544.85;841;"User_841";"Pune";"Gold";117;"Restaurant_117";"Indian"
5728;"20-01-2023";932.46;1213;"User_1213";"Pune";"Regular";233;"Restaurant_233";"Italian"
5729;"22-12-2023";621.66;1518;"User_1518";"Chennai";"Gold";458;"Restaurant_458";"Italian"
5730;"15-11-2023";1229.56;1986;"User_1986";"Bangalore";"Regular";259;"Restaurant_259";"Mexican"
5731;"27-11-2023";352.56;1458;"User_1458";"Bangalore";"Regular";201;"Restaurant_201";"Mexican"
5732;"01-01-2023";1089.66;2735;"User_2735";"Chennai";"Gold";188;"Restaurant_188";"Chinese"
5733;"02-07-2023";874.95;837;"User_837";"Bangalore";"Gold";289;"Restaurant_289";"Italian"
5734;"30-11-2023";778.62;304;"User_304";"Pune";"Regular";127;"Restaurant_127";"Chinese"
5735;"28-08-2023";938.02;1190;"User_1190";"Chennai";"Gold";331;"Restaurant_331";"Mexican"
5736;"17-05-2023";1061.64;2526;"User_2526";"Pune";"Regular";171;"Restaurant_171";"Mexican"
5737;"29-12-2023";1404.25;1107;"User_1107";"Pune";"Gold";88;"Restaurant_88";"Indian"
5738;"15-04-2023";822.05;2917;"User_2917";"Bangalore";"Gold";456;"Restaurant_456";"Chinese"
5739;"09-12-2023";349.17;713;"User_713";"Pune";"Gold";474;"Restaurant_474";"Mexican"
5740;"24-07-2023";1202.96;2511;"User_2511";"Chennai";"Gold";22;"Restaurant_22";"Chinese"
5741;"14-12-2023";1154.72;634;"User_634";"Hyderabad";"Regular";120;"Restaurant_120";"Italian"
5742;"23-06-2023";495.57;2848;"User_2848";"Hyderabad";"Gold";75;"Restaurant_75";"Chinese"
5743;"21-09-2023";1451.91;597;"User_597";"Hyderabad";"Regular";17;"Restaurant_17";"Indian"
5744;"05-04-2023";588.26;2341;"User_2341";"Bangalore";"Regular";156;"Restaurant_156";"Italian"
5745;"02-08-2023";1183.74;2235;"User_2235";"Chennai";"Gold";125;"Restaurant_125";"Chinese"
5746;"24-09-2023";976.11;798;"User_798";"Pune";"Regular";71;"Restaurant_71";"Indian"
5747;"20-08-2023";1151.26;2937;"User_2937";"Hyderabad";"Regular";274;"Restaurant_274";"Mexican"
5748;"07-09-2023";557.08;2302;"User_2302";"Chennai";"Regular";170;"Restaurant_170";"Mexican"
5749;"05-07-2023";1096.56;1740;"User_1740";"Pune";"Regular";423;"Restaurant_423";"Indian"
5750;"16-10-2023";288.78;1239;"User_1239";"Bangalore";"Regular";483;"Restaurant_483";"Chinese"
5751;"17-04-2023";1142.84;1223;"User_1223";"Chennai";"Regular";150;"Restaurant_150";"Indian"
5752;"22-03-2023";1267.42;839;"User_839";"Chennai";"Gold";207;"Restaurant_207";"Italian"
5753;"26-05-2023";650.32;1357;"User_1357";"Hyderabad";"Regular";406;"Restaurant_406";"Chinese"
5754;"30-08-2023";646.63;975;"User_975";"Pune";"Regular";279;"Restaurant_279";"Italian"
5755;"22-05-2023";298.86;1440;"User_1440";"Hyderabad";"Gold";361;"Restaurant_361";"Indian"
5756;"09-10-2023";1463.89;2519;"User_2519";"Chennai";"Gold";443;"Restaurant_443";"Mexican"
5757;"19-12-2023";713.56;1681;"User_1681";"Chennai";"Regular";491;"Restaurant_491";"Chinese"
5758;"24-11-2023";660.6;206;"User_206";"Hyderabad";"Regular";187;"Restaurant_187";"Chinese"
5759;"05-10-2023";1485.17;627;"User_627";"Pune";"Regular";423;"Restaurant_423";"Indian"
5760;"25-04-2023";1088.76;2862;"User_2862";"Pune";"Regular";65;"Restaurant_65";"Mexican"
5761;"17-06-2023";1375.17;1928;"User_1928";"Chennai";"Gold";39;"Restaurant_39";"Indian"
5762;"23-07-2023";850.03;2775;"User_2775";"Bangalore";"Gold";94;"Restaurant_94";"Chinese"
5763;"07-09-2023";286.22;1862;"User_1862";"Pune";"Gold";333;"Restaurant_333";"Chinese"
5764;"09-09-2023";1493.3;2759;"User_2759";"Hyderabad";"Regular";432;"Restaurant_432";"Mexican"
5765;"27-11-2023";1293.42;2742;"User_2742";"Hyderabad";"Gold";161;"Restaurant_161";"Mexican"
5766;"17-10-2023";1177.45;1438;"User_1438";"Bangalore";"Gold";257;"Restaurant_257";"Italian"
5767;"12-07-2023";1289.66;1;"User_1";"Chennai";"Regular";375;"Restaurant_375";"Chinese"
5768;"05-08-2023";1090.69;479;"User_479";"Chennai";"Regular";497;"Restaurant_497";"Mexican"
5769;"05-12-2023";1026.06;1468;"User_1468";"Chennai";"Gold";423;"Restaurant_423";"Indian"
5770;"05-12-2023";1455.6;379;"User_379";"Chennai";"Gold";270;"Restaurant_270";"Mexican"
5771;"25-12-2023";1489.38;2330;"User_2330";"Hyderabad";"Regular";136;"Restaurant_136";"Indian"
5772;"26-01-2023";1370.68;1780;"User_1780";"Pune";"Regular";495;"Restaurant_495";"Italian"
5773;"11-07-2023";1097.43;854;"User_854";"Hyderabad";"Gold";183;"Restaurant_183";"Chinese"
5774;"27-01-2023";955.96;2920;"User_2920";"Bangalore";"Gold";33;"Restaurant_33";"Italian"
5775;"04-06-2023";174.18;1532;"User_1532";"Bangalore";"Regular";51;"Restaurant_51";"Italian"
5776;"20-02-2023";1052.94;2264;"User_2264";"Bangalore";"Gold";364;"Restaurant_364";"Mexican"
5777;"31-05-2023";154.51;1018;"User_1018";"Bangalore";"Gold";84;"Restaurant_84";"Chinese"
5778;"01-04-2023";197.67;1866;"User_1866";"Bangalore";"Gold";142;"Restaurant_142";"Indian"
5779;"29-04-2023";1342.83;392;"User_392";"Chennai";"Regular";476;"Restaurant_476";"Mexican"
5780;"03-02-2023";141.67;2873;"User_2873";"Pune";"Gold";60;"Restaurant_60";"Mexican"
5781;"22-09-2023";1484.73;1387;"User_1387";"Pune";"Gold";500;"Restaurant_500";"Chinese"
5782;"20-10-2023";1196.67;2329;"User_2329";"Pune";"Regular";146;"Restaurant_146";"Indian"
5783;"21-06-2023";967.92;2148;"User_2148";"Pune";"Regular";29;"Restaurant_29";"Italian"
5784;"02-02-2023";1342.83;2246;"User_2246";"Pune";"Gold";37;"Restaurant_37";"Mexican"
5785;"16-08-2023";445.18;451;"User_451";"Hyderabad";"Regular";83;"Restaurant_83";"Chinese"
5786;"15-09-2023";172.73;354;"User_354";"Chennai";"Regular";377;"Restaurant_377";"Mexican"
5787;"01-11-2023";835.3;2150;"User_2150";"Pune";"Gold";163;"Restaurant_163";"Italian"
5788;"16-09-2023";831.01;1974;"User_1974";"Pune";"Gold";480;"Restaurant_480";"Chinese"
5789;"21-03-2023";1169.33;2428;"User_2428";"Bangalore";"Gold";170;"Restaurant_170";"Mexican"
5790;"12-11-2023";612.7;839;"User_839";"Chennai";"Gold";108;"Restaurant_108";"Chinese"
5791;"04-05-2023";952.79;514;"User_514";"Bangalore";"Gold";3;"Restaurant_3";"Mexican"
5792;"05-06-2023";1385.02;2751;"User_2751";"Bangalore";"Gold";50;"Restaurant_50";"Mexican"
5793;"22-02-2023";743.07;868;"User_868";"Bangalore";"Gold";497;"Restaurant_497";"Mexican"
5794;"30-05-2023";247.71;1032;"User_1032";"Bangalore";"Regular";9;"Restaurant_9";"Italian"
5795;"02-03-2023";105.23;1417;"User_1417";"Chennai";"Gold";483;"Restaurant_483";"Chinese"
5796;"09-01-2023";562.93;1401;"User_1401";"Hyderabad";"Gold";91;"Restaurant_91";"Italian"
5797;"12-08-2023";217.11;1210;"User_1210";"Chennai";"Gold";143;"Restaurant_143";"Chinese"
5798;"31-12-2023";742.69;1932;"User_1932";"Bangalore";"Regular";145;"Restaurant_145";"Italian"
5799;"17-01-2023";479.64;2038;"User_2038";"Chennai";"Regular";270;"Restaurant_270";"Mexican"
5800;"13-01-2023";1435.9;873;"User_873";"Pune";"Gold";13;"Restaurant_13";"Indian"
5801;"11-10-2023";416.68;998;"User_998";"Bangalore";"Regular";63;"Restaurant_63";"Italian"
5802;"18-05-2023";1396.66;878;"User_878";"Chennai";"Regular";112;"Restaurant_112";"Chinese"
5803;"20-06-2023";1319.04;1775;"User_1775";"Chennai";"Regular";365;"Restaurant_365";"Italian"
5804;"12-10-2023";1430.5;669;"User_669";"Chennai";"Gold";367;"Restaurant_367";"Indian"
5805;"09-01-2023";1424.0;2453;"User_2453";"Pune";"Regular";431;"Restaurant_431";"Mexican"
5806;"13-10-2023";1383.07;841;"User_841";"Pune";"Gold";318;"Restaurant_318";"Indian"
5807;"27-08-2023";988.26;2157;"User_2157";"Bangalore";"Gold";399;"Restaurant_399";"Chinese"
5808;"11-10-2023";1062.86;2771;"User_2771";"Chennai";"Regular";223;"Restaurant_223";"Italian"
5809;"22-03-2023";1003.26;1824;"User_1824";"Bangalore";"Regular";480;"Restaurant_480";"Chinese"
5810;"17-05-2023";700.31;1304;"User_1304";"Pune";"Gold";318;"Restaurant_318";"Indian"
5811;"08-05-2023";937.84;1668;"User_1668";"Hyderabad";"Gold";122;"Restaurant_122";"Indian"
5812;"14-11-2023";576.16;479;"User_479";"Chennai";"Regular";143;"Restaurant_143";"Chinese"
5813;"14-12-2023";1082.81;1678;"User_1678";"Pune";"Gold";351;"Restaurant_351";"Mexican"
5814;"11-05-2023";1253.35;920;"User_920";"Chennai";"Regular";486;"Restaurant_486";"Italian"
5815;"14-02-2023";727.74;1449;"User_1449";"Pune";"Gold";384;"Restaurant_384";"Mexican"
5816;"02-10-2023";1026.55;332;"User_332";"Bangalore";"Regular";85;"Restaurant_85";"Mexican"
5817;"12-03-2023";1371.59;277;"User_277";"Pune";"Gold";1;"Restaurant_1";"Chinese"
5818;"15-03-2023";414.07;2624;"User_2624";"Hyderabad";"Regular";8;"Restaurant_8";"Indian"
5819;"04-03-2023";1467.83;734;"User_734";"Hyderabad";"Gold";467;"Restaurant_467";"Italian"
5820;"24-12-2023";1231.53;1190;"User_1190";"Chennai";"Gold";30;"Restaurant_30";"Mexican"
5821;"15-09-2023";751.54;822;"User_822";"Bangalore";"Gold";290;"Restaurant_290";"Chinese"
5822;"16-11-2023";1409.35;597;"User_597";"Hyderabad";"Regular";9;"Restaurant_9";"Italian"
5823;"06-08-2023";464.49;1937;"User_1937";"Bangalore";"Regular";316;"Restaurant_316";"Chinese"
5824;"10-10-2023";1481.61;1274;"User_1274";"Chennai";"Gold";492;"Restaurant_492";"Italian"
5825;"19-11-2023";819.86;796;"User_796";"Pune";"Regular";90;"Restaurant_90";"Italian"
5826;"14-12-2023";1198.97;1703;"User_1703";"Pune";"Gold";37;"Restaurant_37";"Mexican"
5827;"16-02-2023";882.93;435;"User_435";"Hyderabad";"Gold";188;"Restaurant_188";"Chinese"
5828;"31-03-2023";1357.97;918;"User_918";"Bangalore";"Gold";479;"Restaurant_479";"Indian"
5829;"04-08-2023";1316.39;488;"User_488";"Pune";"Gold";285;"Restaurant_285";"Mexican"
5830;"15-01-2023";186.99;880;"User_880";"Pune";"Regular";403;"Restaurant_403";"Indian"
5831;"23-12-2023";457.25;2358;"User_2358";"Bangalore";"Regular";330;"Restaurant_330";"Italian"
5832;"09-09-2023";1226.13;720;"User_720";"Hyderabad";"Gold";153;"Restaurant_153";"Italian"
5833;"01-06-2023";774.28;2660;"User_2660";"Bangalore";"Gold";96;"Restaurant_96";"Mexican"
5834;"16-02-2023";219.63;1059;"User_1059";"Hyderabad";"Regular";320;"Restaurant_320";"Italian"
5835;"04-10-2023";802.1;685;"User_685";"Pune";"Gold";140;"Restaurant_140";"Italian"
5836;"20-02-2023";1036.26;378;"User_378";"Pune";"Gold";153;"Restaurant_153";"Italian"
5837;"04-06-2023";1177.42;1821;"User_1821";"Hyderabad";"Regular";340;"Restaurant_340";"Chinese"
5838;"17-09-2023";777.5;918;"User_918";"Bangalore";"Gold";328;"Restaurant_328";"Mexican"
5839;"31-07-2023";998.96;1937;"User_1937";"Bangalore";"Regular";124;"Restaurant_124";"Mexican"
5840;"14-05-2023";1435.4;2517;"User_2517";"Pune";"Gold";355;"Restaurant_355";"Indian"
5841;"31-05-2023";1067.3;318;"User_318";"Pune";"Regular";364;"Restaurant_364";"Mexican"
5842;"16-11-2023";1326.46;1419;"User_1419";"Pune";"Gold";240;"Restaurant_240";"Indian"
5843;"26-06-2023";1126.84;478;"User_478";"Pune";"Regular";311;"Restaurant_311";"Italian"
5844;"27-04-2023";1302.7;1467;"User_1467";"Pune";"Regular";424;"Restaurant_424";"Indian"
5845;"28-07-2023";616.09;706;"User_706";"Bangalore";"Gold";257;"Restaurant_257";"Italian"
5846;"30-01-2023";1249.63;2955;"User_2955";"Bangalore";"Gold";218;"Restaurant_218";"Indian"
5847;"10-03-2023";1054.69;2057;"User_2057";"Chennai";"Gold";331;"Restaurant_331";"Mexican"
5848;"26-10-2023";1060.71;1033;"User_1033";"Bangalore";"Regular";490;"Restaurant_490";"Italian"
5849;"02-03-2023";952.44;2106;"User_2106";"Bangalore";"Regular";293;"Restaurant_293";"Italian"
5850;"19-06-2023";551.56;1151;"User_1151";"Hyderabad";"Gold";190;"Restaurant_190";"Chinese"
5851;"08-03-2023";337.58;1628;"User_1628";"Hyderabad";"Gold";433;"Restaurant_433";"Italian"
5852;"18-11-2023";1175.4;2089;"User_2089";"Hyderabad";"Gold";294;"Restaurant_294";"Italian"
5853;"05-04-2023";508.73;2432;"User_2432";"Pune";"Regular";50;"Restaurant_50";"Mexican"
5854;"27-07-2023";1447.32;2283;"User_2283";"Hyderabad";"Gold";287;"Restaurant_287";"Chinese"
5855;"05-04-2023";610.36;291;"User_291";"Hyderabad";"Gold";376;"Restaurant_376";"Indian"
5856;"26-08-2023";1229.48;1844;"User_1844";"Hyderabad";"Gold";178;"Restaurant_178";"Mexican"
5857;"22-01-2023";1288.72;669;"User_669";"Chennai";"Gold";234;"Restaurant_234";"Chinese"
5858;"05-10-2023";306.87;1468;"User_1468";"Chennai";"Gold";439;"Restaurant_439";"Mexican"
5859;"20-08-2023";295.21;2585;"User_2585";"Pune";"Gold";421;"Restaurant_421";"Indian"
5860;"13-12-2023";590.67;1098;"User_1098";"Bangalore";"Regular";40;"Restaurant_40";"Indian"
5861;"07-08-2023";1062.62;417;"User_417";"Bangalore";"Regular";495;"Restaurant_495";"Italian"
5862;"14-03-2023";276.11;590;"User_590";"Bangalore";"Regular";255;"Restaurant_255";"Mexican"
5863;"30-09-2023";1396.62;1697;"User_1697";"Bangalore";"Regular";182;"Restaurant_182";"Mexican"
5864;"25-08-2023";539.14;686;"User_686";"Chennai";"Regular";486;"Restaurant_486";"Italian"
5865;"20-05-2023";563.57;2835;"User_2835";"Bangalore";"Gold";350;"Restaurant_350";"Mexican"
5866;"02-08-2023";1489.68;2500;"User_2500";"Chennai";"Gold";102;"Restaurant_102";"Italian"
5867;"10-03-2023";528.97;1300;"User_1300";"Chennai";"Regular";187;"Restaurant_187";"Chinese"
5868;"09-09-2023";1137.18;1350;"User_1350";"Bangalore";"Gold";460;"Restaurant_460";"Chinese"
5869;"14-09-2023";177.7;2079;"User_2079";"Pune";"Regular";45;"Restaurant_45";"Mexican"
5870;"28-05-2023";174.88;1673;"User_1673";"Chennai";"Regular";169;"Restaurant_169";"Italian"
5871;"21-01-2023";1333.79;1367;"User_1367";"Bangalore";"Gold";361;"Restaurant_361";"Indian"
5872;"19-01-2023";1482.74;2719;"User_2719";"Bangalore";"Regular";135;"Restaurant_135";"Indian"
5873;"02-03-2023";107.86;2794;"User_2794";"Pune";"Regular";104;"Restaurant_104";"Chinese"
5874;"16-08-2023";460.85;350;"User_350";"Chennai";"Regular";201;"Restaurant_201";"Mexican"
5875;"29-01-2023";1059.73;736;"User_736";"Pune";"Gold";287;"Restaurant_287";"Chinese"
5876;"01-03-2023";218.23;706;"User_706";"Bangalore";"Gold";480;"Restaurant_480";"Chinese"
5877;"10-08-2023";1452.92;176;"User_176";"Hyderabad";"Gold";493;"Restaurant_493";"Mexican"
5878;"25-09-2023";1155.78;1117;"User_1117";"Hyderabad";"Regular";341;"Restaurant_341";"Chinese"
5879;"19-09-2023";905.13;1672;"User_1672";"Bangalore";"Gold";443;"Restaurant_443";"Mexican"
5880;"08-09-2023";713.62;2091;"User_2091";"Chennai";"Gold";155;"Restaurant_155";"Mexican"
5881;"15-03-2023";286.75;208;"User_208";"Bangalore";"Regular";224;"Restaurant_224";"Chinese"
5882;"25-08-2023";1346.28;1600;"User_1600";"Chennai";"Regular";35;"Restaurant_35";"Chinese"
5883;"11-04-2023";1224.8;2081;"User_2081";"Bangalore";"Regular";323;"Restaurant_323";"Mexican"
5884;"03-09-2023";463.42;1414;"User_1414";"Bangalore";"Regular";260;"Restaurant_260";"Indian"
5885;"28-12-2023";1328.19;2228;"User_2228";"Chennai";"Regular";82;"Restaurant_82";"Chinese"
5886;"31-07-2023";1363.97;2726;"User_2726";"Bangalore";"Regular";438;"Restaurant_438";"Italian"
5887;"01-03-2023";528.59;2863;"User_2863";"Bangalore";"Regular";18;"Restaurant_18";"Italian"
5888;"29-11-2023";639.12;2621;"User_2621";"Hyderabad";"Regular";207;"Restaurant_207";"Italian"
5889;"14-02-2023";531.74;292;"User_292";"Hyderabad";"Gold";303;"Restaurant_303";"Mexican"
5890;"05-09-2023";833.21;1972;"User_1972";"Bangalore";"Gold";4;"Restaurant_4";"Chinese"
5891;"13-03-2023";146.04;2613;"User_2613";"Bangalore";"Regular";32;"Restaurant_32";"Italian"
5892;"29-05-2023";206.01;2133;"User_2133";"Pune";"Regular";177;"Restaurant_177";"Indian"
5893;"26-05-2023";232.65;774;"User_774";"Bangalore";"Gold";261;"Restaurant_261";"Italian"
5894;"10-11-2023";1283.7;1099;"User_1099";"Bangalore";"Regular";435;"Restaurant_435";"Italian"
5895;"13-11-2023";829.45;2207;"User_2207";"Chennai";"Gold";348;"Restaurant_348";"Italian"
5896;"14-08-2023";1040.59;2606;"User_2606";"Bangalore";"Regular";232;"Restaurant_232";"Mexican"
5897;"24-07-2023";973.52;15;"User_15";"Bangalore";"Regular";15;"Restaurant_15";"Chinese"
5898;"22-09-2023";393.5;2651;"User_2651";"Pune";"Gold";145;"Restaurant_145";"Italian"
5899;"05-12-2023";872.39;1068;"User_1068";"Bangalore";"Regular";63;"Restaurant_63";"Italian"
5900;"04-04-2023";1399.64;2479;"User_2479";"Bangalore";"Regular";489;"Restaurant_489";"Italian"
5901;"03-10-2023";1247.09;1995;"User_1995";"Chennai";"Gold";182;"Restaurant_182";"Mexican"
5902;"23-03-2023";140.68;2579;"User_2579";"Bangalore";"Gold";188;"Restaurant_188";"Chinese"
5903;"08-10-2023";994.93;1137;"User_1137";"Chennai";"Regular";211;"Restaurant_211";"Chinese"
5904;"01-03-2023";1324.46;2513;"User_2513";"Bangalore";"Regular";160;"Restaurant_160";"Chinese"
5905;"27-10-2023";865.74;2612;"User_2612";"Hyderabad";"Regular";471;"Restaurant_471";"Indian"
5906;"18-03-2023";1236.74;2804;"User_2804";"Hyderabad";"Regular";356;"Restaurant_356";"Indian"
5907;"27-04-2023";207.96;1800;"User_1800";"Bangalore";"Regular";364;"Restaurant_364";"Mexican"
5908;"21-02-2023";779.38;420;"User_420";"Pune";"Regular";100;"Restaurant_100";"Indian"
5909;"31-05-2023";114.63;2533;"User_2533";"Pune";"Regular";462;"Restaurant_462";"Italian"
5910;"16-10-2023";449.99;2195;"User_2195";"Bangalore";"Regular";135;"Restaurant_135";"Indian"
5911;"18-07-2023";1408.02;1467;"User_1467";"Pune";"Regular";27;"Restaurant_27";"Italian"
5912;"10-11-2023";1326.93;1001;"User_1001";"Bangalore";"Regular";219;"Restaurant_219";"Mexican"
5913;"01-03-2023";708.77;909;"User_909";"Bangalore";"Regular";122;"Restaurant_122";"Indian"
5914;"06-12-2023";207.55;2512;"User_2512";"Bangalore";"Regular";439;"Restaurant_439";"Mexican"
5915;"30-10-2023";973.31;400;"User_400";"Hyderabad";"Regular";54;"Restaurant_54";"Italian"
5916;"26-04-2023";903.59;2192;"User_2192";"Chennai";"Regular";169;"Restaurant_169";"Italian"
5917;"27-02-2023";304.24;1401;"User_1401";"Hyderabad";"Gold";163;"Restaurant_163";"Italian"
5918;"26-04-2023";1300.06;2865;"User_2865";"Hyderabad";"Regular";409;"Restaurant_409";"Mexican"
5919;"13-06-2023";1084.95;2249;"User_2249";"Chennai";"Regular";179;"Restaurant_179";"Italian"
5920;"12-01-2023";823.78;2548;"User_2548";"Pune";"Regular";201;"Restaurant_201";"Mexican"
5921;"25-03-2023";496.86;2168;"User_2168";"Chennai";"Gold";68;"Restaurant_68";"Italian"
5922;"18-02-2023";1245.54;2957;"User_2957";"Hyderabad";"Regular";277;"Restaurant_277";"Mexican"
5923;"28-04-2023";811.86;1973;"User_1973";"Bangalore";"Regular";377;"Restaurant_377";"Mexican"
5924;"25-02-2023";450.19;2877;"User_2877";"Chennai";"Gold";440;"Restaurant_440";"Mexican"
5925;"09-12-2023";1438.75;722;"User_722";"Pune";"Gold";40;"Restaurant_40";"Indian"
5926;"27-12-2023";874.13;606;"User_606";"Hyderabad";"Gold";431;"Restaurant_431";"Mexican"
5927;"28-03-2023";1194.56;16;"User_16";"Chennai";"Gold";16;"Restaurant_16";"Indian"
5928;"11-08-2023";978.38;678;"User_678";"Bangalore";"Regular";78;"Restaurant_78";"Indian"
5929;"06-05-2023";912.48;425;"User_425";"Pune";"Gold";197;"Restaurant_197";"Mexican"
5930;"27-12-2023";461.43;1662;"User_1662";"Bangalore";"Gold";74;"Restaurant_74";"Chinese"
5931;"11-11-2023";757.32;637;"User_637";"Hyderabad";"Gold";240;"Restaurant_240";"Indian"
5932;"18-09-2023";903.12;29;"User_29";"Hyderabad";"Gold";137;"Restaurant_137";"Indian"
5933;"26-01-2023";1268.66;1508;"User_1508";"Pune";"Gold";156;"Restaurant_156";"Italian"
5934;"21-05-2023";322.23;2060;"User_2060";"Pune";"Regular";246;"Restaurant_246";"Mexican"
5935;"23-09-2023";1384.25;18;"User_18";"Bangalore";"Regular";405;"Restaurant_405";"Indian"
5936;"21-02-2023";1060.15;1619;"User_1619";"Bangalore";"Regular";133;"Restaurant_133";"Italian"
5937;"08-07-2023";267.67;2863;"User_2863";"Bangalore";"Regular";233;"Restaurant_233";"Italian"
5938;"25-09-2023";689.47;2425;"User_2425";"Chennai";"Gold";31;"Restaurant_31";"Mexican"
5939;"19-10-2023";306.33;43;"User_43";"Bangalore";"Regular";448;"Restaurant_448";"Mexican"
5940;"10-10-2023";398.75;620;"User_620";"Pune";"Regular";399;"Restaurant_399";"Chinese"
5941;"07-06-2023";171.01;1284;"User_1284";"Chennai";"Regular";402;"Restaurant_402";"Mexican"
5942;"12-12-2023";1231.5;2838;"User_2838";"Hyderabad";"Gold";85;"Restaurant_85";"Mexican"
5943;"15-12-2023";139.06;937;"User_937";"Chennai";"Gold";74;"Restaurant_74";"Chinese"
5944;"13-05-2023";303.15;1602;"User_1602";"Hyderabad";"Gold";91;"Restaurant_91";"Italian"
5945;"04-01-2023";690.97;1683;"User_1683";"Chennai";"Gold";80;"Restaurant_80";"Italian"
5946;"22-05-2023";923.96;2475;"User_2475";"Pune";"Gold";315;"Restaurant_315";"Mexican"
5947;"23-03-2023";675.95;998;"User_998";"Bangalore";"Regular";54;"Restaurant_54";"Italian"
5948;"03-02-2023";1150.73;2378;"User_2378";"Chennai";"Gold";493;"Restaurant_493";"Mexican"
5949;"23-03-2023";1181.79;2640;"User_2640";"Bangalore";"Gold";192;"Restaurant_192";"Italian"
5950;"31-10-2023";260.22;1623;"User_1623";"Pune";"Gold";165;"Restaurant_165";"Mexican"
5951;"10-11-2023";553.45;88;"User_88";"Pune";"Gold";400;"Restaurant_400";"Mexican"
5952;"28-10-2023";599.22;1435;"User_1435";"Hyderabad";"Regular";60;"Restaurant_60";"Mexican"
5953;"13-02-2023";1271.79;1110;"User_1110";"Pune";"Gold";417;"Restaurant_417";"Mexican"
5954;"12-04-2023";629.79;554;"User_554";"Chennai";"Gold";219;"Restaurant_219";"Mexican"
5955;"05-02-2023";1173.54;1619;"User_1619";"Bangalore";"Regular";279;"Restaurant_279";"Italian"
5956;"04-01-2023";132.76;202;"User_202";"Chennai";"Regular";53;"Restaurant_53";"Indian"
5957;"22-11-2023";1356.35;2325;"User_2325";"Pune";"Gold";266;"Restaurant_266";"Italian"
5958;"29-04-2023";955.17;75;"User_75";"Hyderabad";"Gold";5;"Restaurant_5";"Chinese"
5959;"22-09-2023";999.81;2070;"User_2070";"Chennai";"Gold";25;"Restaurant_25";"Chinese"
5960;"23-06-2023";754.27;723;"User_723";"Bangalore";"Gold";324;"Restaurant_324";"Mexican"
5961;"02-12-2023";303.45;2571;"User_2571";"Pune";"Gold";130;"Restaurant_130";"Indian"
5962;"03-04-2023";942.95;1921;"User_1921";"Pune";"Gold";5;"Restaurant_5";"Chinese"
5963;"08-10-2023";1284.83;1857;"User_1857";"Hyderabad";"Regular";180;"Restaurant_180";"Chinese"
5964;"27-04-2023";644.49;134;"User_134";"Hyderabad";"Regular";133;"Restaurant_133";"Italian"
5965;"08-06-2023";619.42;1501;"User_1501";"Hyderabad";"Regular";161;"Restaurant_161";"Mexican"
5966;"13-10-2023";717.71;199;"User_199";"Pune";"Gold";330;"Restaurant_330";"Italian"
5967;"04-10-2023";1007.14;1312;"User_1312";"Hyderabad";"Regular";239;"Restaurant_239";"Indian"
5968;"12-10-2023";1482.87;129;"User_129";"Pune";"Gold";496;"Restaurant_496";"Indian"
5969;"28-12-2023";700.7;661;"User_661";"Bangalore";"Regular";125;"Restaurant_125";"Chinese"
5970;"03-04-2023";1488.89;102;"User_102";"Hyderabad";"Regular";49;"Restaurant_49";"Italian"
5971;"21-11-2023";108.55;1861;"User_1861";"Bangalore";"Regular";389;"Restaurant_389";"Italian"
5972;"13-06-2023";345.02;2322;"User_2322";"Pune";"Gold";178;"Restaurant_178";"Mexican"
5973;"22-11-2023";519.35;1376;"User_1376";"Hyderabad";"Gold";54;"Restaurant_54";"Italian"
5974;"10-01-2023";1350.43;1694;"User_1694";"Chennai";"Gold";477;"Restaurant_477";"Indian"
5975;"10-05-2023";1286.5;1177;"User_1177";"Bangalore";"Regular";414;"Restaurant_414";"Chinese"
5976;"30-07-2023";1051.8;1060;"User_1060";"Chennai";"Gold";56;"Restaurant_56";"Italian"
5977;"22-04-2023";1020.17;1415;"User_1415";"Bangalore";"Regular";188;"Restaurant_188";"Chinese"
5978;"02-12-2023";930.34;2449;"User_2449";"Pune";"Gold";151;"Restaurant_151";"Chinese"
5979;"09-05-2023";242.39;2292;"User_2292";"Hyderabad";"Gold";16;"Restaurant_16";"Indian"
5980;"01-11-2023";1149.43;1802;"User_1802";"Hyderabad";"Regular";478;"Restaurant_478";"Chinese"
5981;"25-01-2023";1189.38;1201;"User_1201";"Bangalore";"Gold";126;"Restaurant_126";"Italian"
5982;"03-05-2023";1111.11;766;"User_766";"Chennai";"Gold";218;"Restaurant_218";"Indian"
5983;"15-05-2023";601.77;640;"User_640";"Hyderabad";"Regular";317;"Restaurant_317";"Mexican"
5984;"21-01-2023";655.85;2652;"User_2652";"Pune";"Regular";301;"Restaurant_301";"Italian"
5985;"20-04-2023";1156.48;586;"User_586";"Bangalore";"Gold";243;"Restaurant_243";"Chinese"
5986;"30-01-2023";923.56;1365;"User_1365";"Chennai";"Regular";345;"Restaurant_345";"Chinese"
5987;"29-08-2023";257.56;2548;"User_2548";"Pune";"Regular";341;"Restaurant_341";"Chinese"
5988;"26-01-2023";997.52;2729;"User_2729";"Hyderabad";"Gold";144;"Restaurant_144";"Chinese"
5989;"17-04-2023";1316.62;1860;"User_1860";"Chennai";"Gold";134;"Restaurant_134";"Mexican"
5990;"25-07-2023";426.88;1780;"User_1780";"Pune";"Regular";52;"Restaurant_52";"Mexican"
5991;"18-11-2023";172.31;1669;"User_1669";"Hyderabad";"Regular";20;"Restaurant_20";"Indian"
5992;"18-07-2023";1013.87;43;"User_43";"Bangalore";"Regular";320;"Restaurant_320";"Italian"
5993;"12-11-2023";275.7;1002;"User_1002";"Pune";"Regular";177;"Restaurant_177";"Indian"
5994;"08-02-2023";273.28;922;"User_922";"Pune";"Gold";64;"Restaurant_64";"Chinese"
5995;"18-03-2023";148.33;2514;"User_2514";"Pune";"Regular";53;"Restaurant_53";"Indian"
5996;"21-05-2023";1438.03;2759;"User_2759";"Hyderabad";"Regular";362;"Restaurant_362";"Indian"
5997;"05-03-2023";717.02;2476;"User_2476";"Pune";"Regular";462;"Restaurant_462";"Italian"
5998;"16-04-2023";354.54;2079;"User_2079";"Pune";"Regular";429;"Restaurant_429";"Chinese"
5999;"03-01-2023";323.86;176;"User_176";"Hyderabad";"Gold";92;"Restaurant_92";"Mexican"
6000;"18-07-2023";1377.23;2058;"User_2058";"Hyderabad";"Regular";490;"Restaurant_490";"Italian"
6001;"25-01-2023";621.4;1362;"User_1362";"Hyderabad";"Gold";241;"Restaurant_241";"Chinese"
6002;"02-05-2023";224.3;1550;"User_1550";"Pune";"Regular";364;"Restaurant_364";"Mexican"
6003;"03-09-2023";594.79;133;"User_133";"Chennai";"Regular";491;"Restaurant_491";"Chinese"
6004;"24-11-2023";908.96;2753;"User_2753";"Bangalore";"Regular";299;"Restaurant_299";"Mexican"
6005;"06-03-2023";342.52;661;"User_661";"Bangalore";"Regular";229;"Restaurant_229";"Italian"
6006;"18-03-2023";895.63;1642;"User_1642";"Bangalore";"Gold";102;"Restaurant_102";"Italian"
6007;"05-11-2023";1016.18;543;"User_543";"Pune";"Regular";387;"Restaurant_387";"Mexican"
6008;"23-02-2023";1015.22;307;"User_307";"Bangalore";"Regular";469;"Restaurant_469";"Italian"
6009;"30-12-2023";1137.56;650;"User_650";"Chennai";"Gold";89;"Restaurant_89";"Indian"
6010;"26-03-2023";234.48;1300;"User_1300";"Chennai";"Regular";44;"Restaurant_44";"Indian"
6011;"27-03-2023";943.25;397;"User_397";"Pune";"Regular";359;"Restaurant_359";"Mexican"
6012;"19-10-2023";509.03;2457;"User_2457";"Chennai";"Gold";84;"Restaurant_84";"Chinese"
6013;"04-05-2023";242.81;2624;"User_2624";"Hyderabad";"Regular";176;"Restaurant_176";"Italian"
6014;"11-07-2023";141.69;1419;"User_1419";"Pune";"Gold";462;"Restaurant_462";"Italian"
6015;"04-06-2023";880.15;2325;"User_2325";"Pune";"Gold";141;"Restaurant_141";"Mexican"
6016;"15-09-2023";105.41;1377;"User_1377";"Pune";"Regular";231;"Restaurant_231";"Indian"
6017;"04-10-2023";1206.39;2710;"User_2710";"Bangalore";"Gold";371;"Restaurant_371";"Chinese"
6018;"05-12-2023";959.78;62;"User_62";"Bangalore";"Gold";424;"Restaurant_424";"Indian"
6019;"28-12-2023";176.46;1619;"User_1619";"Bangalore";"Regular";145;"Restaurant_145";"Italian"
6020;"04-05-2023";1213.03;2907;"User_2907";"Hyderabad";"Regular";439;"Restaurant_439";"Mexican"
6021;"23-09-2023";1263.62;726;"User_726";"Bangalore";"Gold";150;"Restaurant_150";"Indian"
6022;"26-07-2023";1396.44;1620;"User_1620";"Pune";"Gold";479;"Restaurant_479";"Indian"
6023;"01-09-2023";397.23;320;"User_320";"Hyderabad";"Gold";358;"Restaurant_358";"Indian"
6024;"30-11-2023";241.37;1956;"User_1956";"Bangalore";"Regular";169;"Restaurant_169";"Italian"
6025;"11-04-2023";1354.51;2272;"User_2272";"Chennai";"Regular";297;"Restaurant_297";"Italian"
6026;"30-03-2023";525.65;2131;"User_2131";"Pune";"Gold";113;"Restaurant_113";"Chinese"
6027;"29-07-2023";604.13;107;"User_107";"Pune";"Regular";463;"Restaurant_463";"Chinese"
6028;"13-04-2023";985.22;971;"User_971";"Pune";"Regular";135;"Restaurant_135";"Indian"
6029;"26-01-2023";513.05;2717;"User_2717";"Bangalore";"Regular";188;"Restaurant_188";"Chinese"
6030;"31-08-2023";989.14;178;"User_178";"Chennai";"Regular";123;"Restaurant_123";"Chinese"
6031;"10-03-2023";868.55;901;"User_901";"Bangalore";"Regular";96;"Restaurant_96";"Mexican"
6032;"13-02-2023";818.35;2994;"User_2994";"Bangalore";"Gold";474;"Restaurant_474";"Mexican"
6033;"29-05-2023";731.02;1488;"User_1488";"Hyderabad";"Gold";299;"Restaurant_299";"Mexican"
6034;"01-12-2023";1358.93;894;"User_894";"Chennai";"Regular";33;"Restaurant_33";"Italian"
6035;"18-12-2023";379.76;718;"User_718";"Chennai";"Regular";425;"Restaurant_425";"Chinese"
6036;"30-07-2023";141.18;621;"User_621";"Bangalore";"Regular";275;"Restaurant_275";"Italian"
6037;"14-04-2023";1298.12;1180;"User_1180";"Hyderabad";"Regular";94;"Restaurant_94";"Chinese"
6038;"27-07-2023";237.97;2051;"User_2051";"Bangalore";"Regular";79;"Restaurant_79";"Mexican"
6039;"05-11-2023";1475.16;1126;"User_1126";"Bangalore";"Gold";260;"Restaurant_260";"Indian"
6040;"23-10-2023";911.35;1810;"User_1810";"Chennai";"Regular";364;"Restaurant_364";"Mexican"
6041;"02-11-2023";836.66;112;"User_112";"Chennai";"Gold";28;"Restaurant_28";"Chinese"
6042;"24-11-2023";703.52;559;"User_559";"Hyderabad";"Regular";180;"Restaurant_180";"Chinese"
6043;"19-08-2023";1292.4;2473;"User_2473";"Hyderabad";"Regular";295;"Restaurant_295";"Chinese"
6044;"21-08-2023";1093.82;386;"User_386";"Pune";"Regular";281;"Restaurant_281";"Italian"
6045;"10-12-2023";719.96;1863;"User_1863";"Chennai";"Gold";82;"Restaurant_82";"Chinese"
6046;"02-06-2023";120.83;1292;"User_1292";"Hyderabad";"Regular";432;"Restaurant_432";"Mexican"
6047;"11-05-2023";874.49;292;"User_292";"Hyderabad";"Gold";269;"Restaurant_269";"Indian"
6048;"29-03-2023";1219.16;93;"User_93";"Bangalore";"Regular";484;"Restaurant_484";"Mexican"
6049;"10-09-2023";1233.39;1179;"User_1179";"Bangalore";"Regular";272;"Restaurant_272";"Indian"
6050;"30-03-2023";1278.18;1743;"User_1743";"Chennai";"Gold";278;"Restaurant_278";"Indian"
6051;"11-04-2023";140.34;619;"User_619";"Bangalore";"Gold";139;"Restaurant_139";"Mexican"
6052;"04-06-2023";1340.6;1639;"User_1639";"Hyderabad";"Regular";261;"Restaurant_261";"Italian"
6053;"21-04-2023";282.24;1479;"User_1479";"Pune";"Regular";254;"Restaurant_254";"Indian"
6054;"30-12-2023";1362.32;36;"User_36";"Bangalore";"Gold";470;"Restaurant_470";"Italian"
6055;"29-03-2023";1029.06;1442;"User_1442";"Bangalore";"Gold";402;"Restaurant_402";"Mexican"
6056;"18-08-2023";1068.14;234;"User_234";"Chennai";"Regular";310;"Restaurant_310";"Indian"
6057;"18-03-2023";1409.57;220;"User_220";"Pune";"Gold";460;"Restaurant_460";"Chinese"
6058;"19-04-2023";669.43;1390;"User_1390";"Pune";"Regular";247;"Restaurant_247";"Mexican"
6059;"15-10-2023";487.43;486;"User_486";"Chennai";"Gold";307;"Restaurant_307";"Mexican"
6060;"26-02-2023";882.23;1611;"User_1611";"Pune";"Regular";290;"Restaurant_290";"Chinese"
6061;"25-10-2023";1305.52;1012;"User_1012";"Chennai";"Gold";248;"Restaurant_248";"Italian"
6062;"16-07-2023";624.29;1841;"User_1841";"Chennai";"Regular";228;"Restaurant_228";"Mexican"
6063;"25-08-2023";979.48;1291;"User_1291";"Chennai";"Gold";215;"Restaurant_215";"Mexican"
6064;"24-02-2023";329.39;2666;"User_2666";"Chennai";"Gold";475;"Restaurant_475";"Italian"
6065;"22-06-2023";1303.57;2920;"User_2920";"Bangalore";"Gold";396;"Restaurant_396";"Mexican"
6066;"03-06-2023";868.03;1664;"User_1664";"Bangalore";"Regular";416;"Restaurant_416";"Chinese"
6067;"26-04-2023";701.18;2373;"User_2373";"Chennai";"Gold";321;"Restaurant_321";"Chinese"
6068;"30-06-2023";437.08;1106;"User_1106";"Bangalore";"Gold";150;"Restaurant_150";"Indian"
6069;"03-03-2023";397.46;1083;"User_1083";"Hyderabad";"Regular";486;"Restaurant_486";"Italian"
6070;"23-04-2023";898.0;1042;"User_1042";"Pune";"Gold";256;"Restaurant_256";"Italian"
6071;"05-10-2023";589.55;1517;"User_1517";"Hyderabad";"Gold";251;"Restaurant_251";"Chinese"
6072;"19-04-2023";494.73;931;"User_931";"Pune";"Regular";344;"Restaurant_344";"Indian"
6073;"31-05-2023";723.2;2167;"User_2167";"Hyderabad";"Gold";313;"Restaurant_313";"Indian"
6074;"20-01-2023";827.04;2314;"User_2314";"Hyderabad";"Gold";183;"Restaurant_183";"Chinese"
6075;"12-08-2023";199.8;709;"User_709";"Hyderabad";"Regular";291;"Restaurant_291";"Mexican"
6076;"10-07-2023";646.47;2160;"User_2160";"Chennai";"Regular";347;"Restaurant_347";"Chinese"
6077;"20-09-2023";1098.33;1929;"User_1929";"Pune";"Gold";334;"Restaurant_334";"Indian"
6078;"23-07-2023";1321.99;974;"User_974";"Bangalore";"Regular";296;"Restaurant_296";"Italian"
6079;"08-07-2023";727.91;1981;"User_1981";"Bangalore";"Gold";353;"Restaurant_353";"Indian"
6080;"01-11-2023";1458.25;950;"User_950";"Chennai";"Regular";296;"Restaurant_296";"Italian"
6081;"24-03-2023";592.57;16;"User_16";"Chennai";"Gold";295;"Restaurant_295";"Chinese"
6082;"31-08-2023";1062.82;1089;"User_1089";"Hyderabad";"Regular";130;"Restaurant_130";"Indian"
6083;"10-11-2023";1002.84;1504;"User_1504";"Bangalore";"Regular";321;"Restaurant_321";"Chinese"
6084;"05-04-2023";589.5;1347;"User_1347";"Chennai";"Gold";187;"Restaurant_187";"Chinese"
6085;"11-02-2023";1354.93;2750;"User_2750";"Chennai";"Gold";357;"Restaurant_357";"Italian"
6086;"20-05-2023";758.73;1496;"User_1496";"Chennai";"Regular";451;"Restaurant_451";"Chinese"
6087;"26-06-2023";536.74;582;"User_582";"Chennai";"Gold";353;"Restaurant_353";"Indian"
6088;"09-10-2023";1348.07;2268;"User_2268";"Hyderabad";"Regular";121;"Restaurant_121";"Indian"
6089;"04-12-2023";1272.0;2981;"User_2981";"Chennai";"Gold";415;"Restaurant_415";"Indian"
6090;"07-12-2023";1269.61;155;"User_155";"Pune";"Gold";240;"Restaurant_240";"Indian"
6091;"22-09-2023";217.49;2759;"User_2759";"Hyderabad";"Regular";449;"Restaurant_449";"Indian"
6092;"28-07-2023";767.79;1504;"User_1504";"Bangalore";"Regular";329;"Restaurant_329";"Chinese"
6093;"20-10-2023";687.32;537;"User_537";"Bangalore";"Regular";168;"Restaurant_168";"Indian"
6094;"18-10-2023";960.87;2128;"User_2128";"Bangalore";"Gold";175;"Restaurant_175";"Chinese"
6095;"14-06-2023";573.77;2298;"User_2298";"Bangalore";"Regular";411;"Restaurant_411";"Indian"
6096;"03-02-2023";1280.73;181;"User_181";"Hyderabad";"Regular";359;"Restaurant_359";"Mexican"
6097;"30-05-2023";262.66;2141;"User_2141";"Bangalore";"Gold";358;"Restaurant_358";"Indian"
6098;"20-04-2023";1021.06;1599;"User_1599";"Pune";"Regular";109;"Restaurant_109";"Chinese"
6099;"23-10-2023";383.27;1414;"User_1414";"Bangalore";"Regular";215;"Restaurant_215";"Mexican"
6100;"06-05-2023";168.87;1539;"User_1539";"Hyderabad";"Regular";10;"Restaurant_10";"Chinese"
6101;"06-05-2023";659.01;2471;"User_2471";"Pune";"Gold";387;"Restaurant_387";"Mexican"
6102;"30-03-2023";528.97;1703;"User_1703";"Pune";"Gold";267;"Restaurant_267";"Chinese"
6103;"23-11-2023";710.99;2329;"User_2329";"Pune";"Regular";98;"Restaurant_98";"Indian"
6104;"10-04-2023";1475.1;1886;"User_1886";"Hyderabad";"Gold";42;"Restaurant_42";"Chinese"
6105;"25-02-2023";272.87;963;"User_963";"Chennai";"Gold";481;"Restaurant_481";"Indian"
6106;"28-09-2023";1126.73;315;"User_315";"Chennai";"Gold";96;"Restaurant_96";"Mexican"
6107;"12-06-2023";1325.6;2314;"User_2314";"Hyderabad";"Gold";180;"Restaurant_180";"Chinese"
6108;"24-02-2023";1136.38;1441;"User_1441";"Hyderabad";"Gold";138;"Restaurant_138";"Indian"
6109;"29-05-2023";1021.6;55;"User_55";"Bangalore";"Regular";28;"Restaurant_28";"Chinese"
6110;"24-02-2023";963.14;1531;"User_1531";"Bangalore";"Gold";252;"Restaurant_252";"Indian"
6111;"12-05-2023";1162.63;374;"User_374";"Hyderabad";"Regular";211;"Restaurant_211";"Chinese"
6112;"12-05-2023";1257.55;1524;"User_1524";"Chennai";"Regular";237;"Restaurant_237";"Italian"
6113;"04-06-2023";367.82;1433;"User_1433";"Hyderabad";"Gold";297;"Restaurant_297";"Italian"
6114;"12-01-2023";269.35;1205;"User_1205";"Chennai";"Gold";282;"Restaurant_282";"Indian"
6115;"22-06-2023";333.49;2811;"User_2811";"Bangalore";"Gold";220;"Restaurant_220";"Mexican"
6116;"07-11-2023";1197.99;2522;"User_2522";"Chennai";"Regular";196;"Restaurant_196";"Italian"
6117;"27-06-2023";605.15;281;"User_281";"Chennai";"Regular";69;"Restaurant_69";"Chinese"
6118;"18-10-2023";537.4;1763;"User_1763";"Pune";"Regular";472;"Restaurant_472";"Chinese"
6119;"10-07-2023";751.05;1110;"User_1110";"Pune";"Gold";461;"Restaurant_461";"Italian"
6120;"27-02-2023";1085.09;94;"User_94";"Chennai";"Regular";371;"Restaurant_371";"Chinese"
6121;"04-07-2023";114.51;2624;"User_2624";"Hyderabad";"Regular";98;"Restaurant_98";"Indian"
6122;"25-01-2023";955.96;1397;"User_1397";"Bangalore";"Gold";153;"Restaurant_153";"Italian"
6123;"24-03-2023";526.33;2407;"User_2407";"Chennai";"Regular";392;"Restaurant_392";"Italian"
6124;"31-08-2023";563.38;1919;"User_1919";"Chennai";"Gold";405;"Restaurant_405";"Indian"
6125;"10-10-2023";1047.35;1081;"User_1081";"Hyderabad";"Gold";67;"Restaurant_67";"Mexican"
6126;"07-08-2023";1472.88;585;"User_585";"Chennai";"Regular";142;"Restaurant_142";"Indian"
6127;"14-02-2023";504.09;2866;"User_2866";"Hyderabad";"Regular";38;"Restaurant_38";"Italian"
6128;"03-08-2023";1320.12;1266;"User_1266";"Bangalore";"Regular";143;"Restaurant_143";"Chinese"
6129;"03-04-2023";1122.01;1761;"User_1761";"Bangalore";"Gold";424;"Restaurant_424";"Indian"
6130;"23-11-2023";1109.19;900;"User_900";"Hyderabad";"Regular";309;"Restaurant_309";"Indian"
6131;"02-01-2023";370.65;320;"User_320";"Hyderabad";"Gold";384;"Restaurant_384";"Mexican"
6132;"30-10-2023";327.97;61;"User_61";"Pune";"Gold";231;"Restaurant_231";"Indian"
6133;"27-09-2023";531.39;302;"User_302";"Pune";"Gold";280;"Restaurant_280";"Chinese"
6134;"21-04-2023";1364.02;2923;"User_2923";"Hyderabad";"Regular";405;"Restaurant_405";"Indian"
6135;"28-02-2023";504.51;1704;"User_1704";"Pune";"Regular";145;"Restaurant_145";"Italian"
6136;"05-05-2023";455.82;2046;"User_2046";"Bangalore";"Gold";79;"Restaurant_79";"Mexican"
6137;"26-03-2023";1283.52;1437;"User_1437";"Hyderabad";"Gold";233;"Restaurant_233";"Italian"
6138;"09-10-2023";1254.5;510;"User_510";"Chennai";"Regular";136;"Restaurant_136";"Indian"
6139;"11-04-2023";1164.92;1022;"User_1022";"Bangalore";"Regular";410;"Restaurant_410";"Italian"
6140;"19-03-2023";1096.48;1690;"User_1690";"Hyderabad";"Gold";417;"Restaurant_417";"Mexican"
6141;"26-05-2023";1097.7;1213;"User_1213";"Pune";"Regular";141;"Restaurant_141";"Mexican"
6142;"06-05-2023";1457.74;675;"User_675";"Bangalore";"Gold";390;"Restaurant_390";"Mexican"
6143;"25-07-2023";1365.43;1078;"User_1078";"Hyderabad";"Gold";360;"Restaurant_360";"Indian"
6144;"26-08-2023";321.28;2175;"User_2175";"Pune";"Regular";129;"Restaurant_129";"Indian"
6145;"22-05-2023";192.81;406;"User_406";"Bangalore";"Regular";484;"Restaurant_484";"Mexican"
6146;"08-11-2023";1444.74;433;"User_433";"Pune";"Regular";363;"Restaurant_363";"Italian"
6147;"21-09-2023";1451.73;2410;"User_2410";"Hyderabad";"Gold";399;"Restaurant_399";"Chinese"
6148;"19-07-2023";1463.92;1979;"User_1979";"Bangalore";"Gold";373;"Restaurant_373";"Indian"
6149;"15-11-2023";359.24;2554;"User_2554";"Hyderabad";"Gold";23;"Restaurant_23";"Chinese"
6150;"12-01-2023";1188.79;1575;"User_1575";"Bangalore";"Gold";500;"Restaurant_500";"Chinese"
6151;"28-05-2023";126.83;1095;"User_1095";"Pune";"Regular";184;"Restaurant_184";"Mexican"
6152;"27-11-2023";120.96;19;"User_19";"Hyderabad";"Regular";185;"Restaurant_185";"Mexican"
6153;"09-06-2023";951.2;1877;"User_1877";"Pune";"Regular";387;"Restaurant_387";"Mexican"
6154;"14-09-2023";393.04;486;"User_486";"Chennai";"Gold";436;"Restaurant_436";"Mexican"
6155;"20-10-2023";156.17;466;"User_466";"Pune";"Regular";191;"Restaurant_191";"Indian"
6156;"01-01-2024";1070.86;545;"User_545";"Pune";"Regular";294;"Restaurant_294";"Italian"
6157;"15-09-2023";1350.2;2768;"User_2768";"Chennai";"Regular";22;"Restaurant_22";"Chinese"
6158;"07-05-2023";917.97;149;"User_149";"Bangalore";"Regular";380;"Restaurant_380";"Italian"
6159;"18-04-2023";1240.22;1667;"User_1667";"Pune";"Gold";232;"Restaurant_232";"Mexican"
6160;"16-09-2023";683.29;977;"User_977";"Hyderabad";"Gold";167;"Restaurant_167";"Italian"
6161;"01-07-2023";403.67;2932;"User_2932";"Chennai";"Gold";187;"Restaurant_187";"Chinese"
6162;"03-10-2023";1392.61;338;"User_338";"Pune";"Gold";159;"Restaurant_159";"Mexican"
6163;"24-03-2023";179.22;1361;"User_1361";"Chennai";"Regular";16;"Restaurant_16";"Indian"
6164;"26-10-2023";808.0;2437;"User_2437";"Pune";"Gold";166;"Restaurant_166";"Chinese"
6165;"28-02-2023";751.59;2648;"User_2648";"Hyderabad";"Regular";181;"Restaurant_181";"Indian"
6166;"17-04-2023";1194.56;2844;"User_2844";"Chennai";"Regular";323;"Restaurant_323";"Mexican"
6167;"26-09-2023";617.35;696;"User_696";"Hyderabad";"Regular";74;"Restaurant_74";"Chinese"
6168;"11-02-2023";1082.94;2177;"User_2177";"Hyderabad";"Regular";346;"Restaurant_346";"Indian"
6169;"09-05-2023";1010.94;1127;"User_1127";"Pune";"Gold";482;"Restaurant_482";"Chinese"
6170;"19-07-2023";209.74;67;"User_67";"Chennai";"Regular";409;"Restaurant_409";"Mexican"
6171;"09-02-2023";702.65;909;"User_909";"Bangalore";"Regular";359;"Restaurant_359";"Mexican"
6172;"21-02-2023";934.85;2099;"User_2099";"Pune";"Gold";334;"Restaurant_334";"Indian"
6173;"04-05-2023";463.67;2302;"User_2302";"Chennai";"Regular";227;"Restaurant_227";"Italian"
6174;"10-10-2023";913.1;2288;"User_2288";"Bangalore";"Gold";362;"Restaurant_362";"Indian"
6175;"11-09-2023";1091.43;2708;"User_2708";"Bangalore";"Gold";469;"Restaurant_469";"Italian"
6176;"18-04-2023";1061.36;2650;"User_2650";"Hyderabad";"Gold";486;"Restaurant_486";"Italian"
6177;"04-10-2023";1189.16;2876;"User_2876";"Hyderabad";"Gold";52;"Restaurant_52";"Mexican"
6178;"10-03-2023";219.65;2216;"User_2216";"Bangalore";"Regular";455;"Restaurant_455";"Chinese"
6179;"10-11-2023";251.98;1930;"User_1930";"Chennai";"Gold";50;"Restaurant_50";"Mexican"
6180;"10-04-2023";853.11;2832;"User_2832";"Hyderabad";"Gold";139;"Restaurant_139";"Mexican"
6181;"23-03-2023";1287.77;134;"User_134";"Hyderabad";"Regular";28;"Restaurant_28";"Chinese"
6182;"19-02-2023";677.25;420;"User_420";"Pune";"Regular";397;"Restaurant_397";"Indian"
6183;"17-02-2023";600.21;1573;"User_1573";"Chennai";"Gold";431;"Restaurant_431";"Mexican"
6184;"14-02-2023";355.83;2365;"User_2365";"Hyderabad";"Regular";151;"Restaurant_151";"Chinese"
6185;"11-11-2023";1089.12;1978;"User_1978";"Bangalore";"Gold";372;"Restaurant_372";"Italian"
6186;"02-02-2023";736.59;879;"User_879";"Hyderabad";"Regular";147;"Restaurant_147";"Italian"
6187;"03-03-2023";1055.01;2492;"User_2492";"Bangalore";"Regular";219;"Restaurant_219";"Mexican"
6188;"05-07-2023";893.58;1450;"User_1450";"Pune";"Gold";440;"Restaurant_440";"Mexican"
6189;"29-05-2023";818.37;2105;"User_2105";"Chennai";"Regular";431;"Restaurant_431";"Mexican"
6190;"27-01-2023";1000.96;1984;"User_1984";"Pune";"Gold";205;"Restaurant_205";"Italian"
6191;"18-08-2023";569.34;2755;"User_2755";"Pune";"Regular";59;"Restaurant_59";"Chinese"
6192;"28-05-2023";1000.47;1578;"User_1578";"Pune";"Gold";32;"Restaurant_32";"Italian"
6193;"30-05-2023";271.01;2375;"User_2375";"Pune";"Gold";196;"Restaurant_196";"Italian"
6194;"03-12-2023";379.78;2977;"User_2977";"Chennai";"Gold";383;"Restaurant_383";"Indian"
6195;"03-02-2023";864.43;1005;"User_1005";"Chennai";"Gold";102;"Restaurant_102";"Italian"
6196;"07-06-2023";605.38;703;"User_703";"Pune";"Gold";56;"Restaurant_56";"Italian"
6197;"28-09-2023";940.49;518;"User_518";"Hyderabad";"Regular";435;"Restaurant_435";"Italian"
6198;"26-04-2023";310.92;2758;"User_2758";"Hyderabad";"Gold";14;"Restaurant_14";"Indian"
6199;"20-01-2023";969.38;1497;"User_1497";"Bangalore";"Regular";29;"Restaurant_29";"Italian"
6200;"25-08-2023";712.78;2677;"User_2677";"Pune";"Regular";144;"Restaurant_144";"Chinese"
6201;"10-02-2023";383.14;291;"User_291";"Hyderabad";"Gold";283;"Restaurant_283";"Chinese"
6202;"28-09-2023";865.11;2240;"User_2240";"Hyderabad";"Regular";225;"Restaurant_225";"Italian"
6203;"30-08-2023";1187.18;1578;"User_1578";"Pune";"Gold";184;"Restaurant_184";"Mexican"
6204;"29-11-2023";408.99;1340;"User_1340";"Bangalore";"Gold";332;"Restaurant_332";"Chinese"
6205;"12-03-2023";313.73;1741;"User_1741";"Pune";"Gold";487;"Restaurant_487";"Chinese"
6206;"07-08-2023";1255.19;1905;"User_1905";"Bangalore";"Gold";390;"Restaurant_390";"Mexican"
6207;"29-11-2023";501.59;850;"User_850";"Chennai";"Regular";88;"Restaurant_88";"Indian"
6208;"13-09-2023";1278.63;1627;"User_1627";"Pune";"Regular";244;"Restaurant_244";"Italian"
6209;"26-09-2023";645.93;945;"User_945";"Chennai";"Gold";31;"Restaurant_31";"Mexican"
6210;"11-10-2023";353.67;2771;"User_2771";"Chennai";"Regular";188;"Restaurant_188";"Chinese"
6211;"21-08-2023";853.22;2082;"User_2082";"Pune";"Regular";173;"Restaurant_173";"Chinese"
6212;"14-03-2023";471.27;2088;"User_2088";"Hyderabad";"Regular";477;"Restaurant_477";"Indian"
6213;"07-08-2023";1280.69;2285;"User_2285";"Chennai";"Gold";25;"Restaurant_25";"Chinese"
6214;"20-02-2023";467.92;1394;"User_1394";"Bangalore";"Gold";61;"Restaurant_61";"Italian"
6215;"18-03-2023";1305.82;2322;"User_2322";"Pune";"Gold";38;"Restaurant_38";"Italian"
6216;"09-01-2023";1058.13;1524;"User_1524";"Chennai";"Regular";236;"Restaurant_236";"Italian"
6217;"27-09-2023";721.05;2876;"User_2876";"Hyderabad";"Gold";302;"Restaurant_302";"Mexican"
6218;"30-07-2023";910.23;1225;"User_1225";"Bangalore";"Regular";317;"Restaurant_317";"Mexican"
6219;"19-08-2023";219.15;648;"User_648";"Chennai";"Gold";182;"Restaurant_182";"Mexican"
6220;"16-05-2023";732.3;2128;"User_2128";"Bangalore";"Gold";194;"Restaurant_194";"Chinese"
6221;"27-11-2023";770.37;840;"User_840";"Bangalore";"Gold";424;"Restaurant_424";"Indian"
6222;"28-12-2023";533.83;1103;"User_1103";"Hyderabad";"Regular";180;"Restaurant_180";"Chinese"
6223;"04-08-2023";732.48;612;"User_612";"Bangalore";"Regular";455;"Restaurant_455";"Chinese"
6224;"28-06-2023";466.51;1410;"User_1410";"Hyderabad";"Regular";238;"Restaurant_238";"Chinese"
6225;"24-03-2023";1243.96;958;"User_958";"Chennai";"Gold";392;"Restaurant_392";"Italian"
6226;"07-03-2023";469.17;312;"User_312";"Hyderabad";"Gold";332;"Restaurant_332";"Chinese"
6227;"05-11-2023";1149.93;1950;"User_1950";"Bangalore";"Gold";163;"Restaurant_163";"Italian"
6228;"10-04-2023";1177.25;2252;"User_2252";"Hyderabad";"Regular";274;"Restaurant_274";"Mexican"
6229;"25-07-2023";889.12;2059;"User_2059";"Bangalore";"Gold";280;"Restaurant_280";"Chinese"
6230;"05-07-2023";382.86;1600;"User_1600";"Chennai";"Regular";498;"Restaurant_498";"Chinese"
6231;"23-07-2023";752.01;1515;"User_1515";"Bangalore";"Regular";447;"Restaurant_447";"Chinese"
6232;"08-07-2023";337.86;2950;"User_2950";"Hyderabad";"Gold";309;"Restaurant_309";"Indian"
6233;"18-05-2023";468.77;229;"User_229";"Bangalore";"Gold";301;"Restaurant_301";"Italian"
6234;"26-12-2023";250.04;1015;"User_1015";"Chennai";"Gold";63;"Restaurant_63";"Italian"
6235;"07-02-2023";231.13;1220;"User_1220";"Hyderabad";"Regular";12;"Restaurant_12";"Mexican"
6236;"02-03-2023";1437.06;2557;"User_2557";"Chennai";"Gold";299;"Restaurant_299";"Mexican"
6237;"26-03-2023";471.72;1460;"User_1460";"Hyderabad";"Regular";377;"Restaurant_377";"Mexican"
6238;"21-01-2023";465.0;2953;"User_2953";"Bangalore";"Regular";282;"Restaurant_282";"Indian"
6239;"16-06-2023";352.36;2216;"User_2216";"Bangalore";"Regular";265;"Restaurant_265";"Chinese"
6240;"05-12-2023";125.35;1570;"User_1570";"Bangalore";"Regular";265;"Restaurant_265";"Chinese"
6241;"01-08-2023";706.9;2789;"User_2789";"Hyderabad";"Regular";246;"Restaurant_246";"Mexican"
6242;"23-07-2023";720.45;2757;"User_2757";"Chennai";"Gold";370;"Restaurant_370";"Chinese"
6243;"31-12-2023";481.92;2015;"User_2015";"Chennai";"Gold";262;"Restaurant_262";"Chinese"
6244;"27-02-2023";1408.71;2694;"User_2694";"Bangalore";"Regular";298;"Restaurant_298";"Mexican"
6245;"15-03-2023";649.32;225;"User_225";"Chennai";"Regular";497;"Restaurant_497";"Mexican"
6246;"08-09-2023";983.21;1841;"User_1841";"Chennai";"Regular";236;"Restaurant_236";"Italian"
6247;"09-07-2023";157.19;1935;"User_1935";"Bangalore";"Gold";48;"Restaurant_48";"Mexican"
6248;"02-02-2023";492.83;1208;"User_1208";"Hyderabad";"Regular";410;"Restaurant_410";"Italian"
6249;"17-02-2023";255.61;2708;"User_2708";"Bangalore";"Gold";202;"Restaurant_202";"Indian"
6250;"21-11-2023";687.95;64;"User_64";"Pune";"Regular";396;"Restaurant_396";"Mexican"
6251;"29-09-2023";791.6;811;"User_811";"Pune";"Gold";301;"Restaurant_301";"Italian"
6252;"14-08-2023";740.13;1522;"User_1522";"Chennai";"Gold";385;"Restaurant_385";"Chinese"
6253;"06-03-2023";929.01;1037;"User_1037";"Chennai";"Regular";26;"Restaurant_26";"Chinese"
6254;"30-09-2023";1103.12;2615;"User_2615";"Bangalore";"Regular";365;"Restaurant_365";"Italian"
6255;"29-03-2023";491.75;2875;"User_2875";"Hyderabad";"Gold";40;"Restaurant_40";"Indian"
6256;"08-09-2023";141.47;1264;"User_1264";"Chennai";"Regular";100;"Restaurant_100";"Indian"
6257;"19-10-2023";382.49;1111;"User_1111";"Hyderabad";"Gold";225;"Restaurant_225";"Italian"
6258;"11-08-2023";599.26;833;"User_833";"Bangalore";"Regular";355;"Restaurant_355";"Indian"
6259;"25-08-2023";1106.74;1123;"User_1123";"Bangalore";"Regular";215;"Restaurant_215";"Mexican"
6260;"03-02-2023";520.42;2635;"User_2635";"Hyderabad";"Gold";409;"Restaurant_409";"Mexican"
6261;"15-06-2023";214.63;644;"User_644";"Pune";"Regular";267;"Restaurant_267";"Chinese"
6262;"22-07-2023";1244.78;2872;"User_2872";"Pune";"Gold";439;"Restaurant_439";"Mexican"
6263;"25-07-2023";889.09;1005;"User_1005";"Chennai";"Gold";86;"Restaurant_86";"Indian"
6264;"26-07-2023";473.96;627;"User_627";"Pune";"Regular";138;"Restaurant_138";"Indian"
6265;"13-10-2023";329.93;2316;"User_2316";"Hyderabad";"Regular";330;"Restaurant_330";"Italian"
6266;"08-11-2023";886.2;2245;"User_2245";"Hyderabad";"Gold";349;"Restaurant_349";"Indian"
6267;"17-08-2023";589.07;2042;"User_2042";"Pune";"Regular";285;"Restaurant_285";"Mexican"
6268;"19-06-2023";578.17;552;"User_552";"Hyderabad";"Regular";337;"Restaurant_337";"Mexican"
6269;"30-11-2023";1170.42;306;"User_306";"Pune";"Regular";301;"Restaurant_301";"Italian"
6270;"27-05-2023";636.14;1085;"User_1085";"Bangalore";"Gold";34;"Restaurant_34";"Chinese"
6271;"04-11-2023";651.23;2153;"User_2153";"Bangalore";"Gold";231;"Restaurant_231";"Indian"
6272;"08-09-2023";1383.6;2360;"User_2360";"Bangalore";"Regular";61;"Restaurant_61";"Italian"
6273;"26-07-2023";522.05;195;"User_195";"Hyderabad";"Gold";265;"Restaurant_265";"Chinese"
6274;"20-02-2023";1137.04;802;"User_802";"Hyderabad";"Gold";295;"Restaurant_295";"Chinese"
6275;"25-01-2023";1091.13;2703;"User_2703";"Chennai";"Regular";317;"Restaurant_317";"Mexican"
6276;"25-05-2023";786.57;763;"User_763";"Pune";"Gold";391;"Restaurant_391";"Indian"
6277;"01-06-2023";392.36;281;"User_281";"Chennai";"Regular";386;"Restaurant_386";"Italian"
6278;"14-12-2023";442.32;695;"User_695";"Pune";"Gold";442;"Restaurant_442";"Italian"
6279;"04-06-2023";845.76;687;"User_687";"Chennai";"Gold";192;"Restaurant_192";"Italian"
6280;"26-05-2023";708.77;1054;"User_1054";"Chennai";"Regular";231;"Restaurant_231";"Indian"
6281;"17-10-2023";434.16;2477;"User_2477";"Bangalore";"Gold";79;"Restaurant_79";"Mexican"
6282;"01-09-2023";743.94;1468;"User_1468";"Chennai";"Gold";95;"Restaurant_95";"Indian"
6283;"25-04-2023";183.35;965;"User_965";"Chennai";"Gold";469;"Restaurant_469";"Italian"
6284;"24-12-2023";1279.21;2117;"User_2117";"Bangalore";"Gold";71;"Restaurant_71";"Indian"
6285;"14-12-2023";528.61;2862;"User_2862";"Pune";"Regular";394;"Restaurant_394";"Mexican"
6286;"22-04-2023";643.05;847;"User_847";"Pune";"Gold";474;"Restaurant_474";"Mexican"
6287;"11-12-2023";1389.09;819;"User_819";"Pune";"Regular";323;"Restaurant_323";"Mexican"
6288;"23-03-2023";1327.84;308;"User_308";"Bangalore";"Regular";97;"Restaurant_97";"Mexican"
6289;"16-09-2023";1478.53;2854;"User_2854";"Hyderabad";"Regular";278;"Restaurant_278";"Indian"
6290;"24-12-2023";1171.02;2573;"User_2573";"Hyderabad";"Gold";236;"Restaurant_236";"Italian"
6291;"05-05-2023";1291.59;2816;"User_2816";"Chennai";"Regular";25;"Restaurant_25";"Chinese"
6292;"12-11-2023";603.86;1164;"User_1164";"Bangalore";"Regular";167;"Restaurant_167";"Italian"
6293;"01-06-2023";1406.7;2136;"User_2136";"Hyderabad";"Regular";327;"Restaurant_327";"Indian"
6294;"10-08-2023";517.11;778;"User_778";"Hyderabad";"Gold";383;"Restaurant_383";"Indian"
6295;"02-08-2023";1137.15;1749;"User_1749";"Pune";"Regular";479;"Restaurant_479";"Indian"
6296;"29-08-2023";586.4;1131;"User_1131";"Bangalore";"Regular";353;"Restaurant_353";"Indian"
6297;"27-02-2023";875.94;611;"User_611";"Pune";"Gold";271;"Restaurant_271";"Chinese"
6298;"14-06-2023";1377.04;2871;"User_2871";"Hyderabad";"Gold";238;"Restaurant_238";"Chinese"
6299;"01-09-2023";1148.6;1135;"User_1135";"Bangalore";"Regular";219;"Restaurant_219";"Mexican"
6300;"07-01-2023";1442.5;2524;"User_2524";"Hyderabad";"Regular";248;"Restaurant_248";"Italian"
6301;"14-12-2023";1234.74;636;"User_636";"Chennai";"Regular";394;"Restaurant_394";"Mexican"
6302;"18-12-2023";326.75;1529;"User_1529";"Bangalore";"Regular";260;"Restaurant_260";"Indian"
6303;"27-04-2023";1453.53;1667;"User_1667";"Pune";"Gold";409;"Restaurant_409";"Mexican"
6304;"22-10-2023";399.87;272;"User_272";"Pune";"Regular";195;"Restaurant_195";"Indian"
6305;"11-04-2023";1099.01;1935;"User_1935";"Bangalore";"Gold";158;"Restaurant_158";"Indian"
6306;"25-09-2023";285.03;2394;"User_2394";"Chennai";"Regular";415;"Restaurant_415";"Indian"
6307;"12-10-2023";675.18;1422;"User_1422";"Bangalore";"Gold";139;"Restaurant_139";"Mexican"
6308;"08-01-2023";180.51;2818;"User_2818";"Pune";"Gold";104;"Restaurant_104";"Chinese"
6309;"27-11-2023";1027.77;775;"User_775";"Chennai";"Regular";37;"Restaurant_37";"Mexican"
6310;"30-06-2023";139.2;615;"User_615";"Bangalore";"Gold";394;"Restaurant_394";"Mexican"
6311;"16-06-2023";673.43;2718;"User_2718";"Hyderabad";"Regular";185;"Restaurant_185";"Mexican"
6312;"22-09-2023";721.69;1495;"User_1495";"Chennai";"Regular";197;"Restaurant_197";"Mexican"
6313;"01-02-2023";702.31;2661;"User_2661";"Chennai";"Gold";165;"Restaurant_165";"Mexican"
6314;"02-06-2023";1136.79;357;"User_357";"Hyderabad";"Gold";39;"Restaurant_39";"Indian"
6315;"17-01-2023";408.33;1831;"User_1831";"Hyderabad";"Gold";17;"Restaurant_17";"Indian"
6316;"07-05-2023";400.25;1677;"User_1677";"Chennai";"Regular";363;"Restaurant_363";"Italian"
6317;"07-02-2023";455.47;1028;"User_1028";"Bangalore";"Gold";215;"Restaurant_215";"Mexican"
6318;"28-02-2023";1269.94;1689;"User_1689";"Bangalore";"Regular";102;"Restaurant_102";"Italian"
6319;"13-03-2023";387.18;1032;"User_1032";"Bangalore";"Regular";383;"Restaurant_383";"Indian"
6320;"27-05-2023";619.35;1264;"User_1264";"Chennai";"Regular";184;"Restaurant_184";"Mexican"
6321;"22-10-2023";673.66;1756;"User_1756";"Pune";"Gold";462;"Restaurant_462";"Italian"
6322;"25-06-2023";1083.93;608;"User_608";"Hyderabad";"Regular";101;"Restaurant_101";"Mexican"
6323;"21-02-2023";836.75;2141;"User_2141";"Bangalore";"Gold";196;"Restaurant_196";"Italian"
6324;"03-12-2023";388.92;1304;"User_1304";"Pune";"Gold";134;"Restaurant_134";"Mexican"
6325;"21-11-2023";1076.4;2880;"User_2880";"Pune";"Gold";325;"Restaurant_325";"Italian"
6326;"17-11-2023";1330.78;1519;"User_1519";"Chennai";"Gold";475;"Restaurant_475";"Italian"
6327;"16-09-2023";382.84;2622;"User_2622";"Pune";"Regular";418;"Restaurant_418";"Chinese"
6328;"23-06-2023";792.66;302;"User_302";"Pune";"Gold";54;"Restaurant_54";"Italian"
6329;"16-08-2023";927.97;2290;"User_2290";"Hyderabad";"Gold";26;"Restaurant_26";"Chinese"
6330;"10-03-2023";994.18;2240;"User_2240";"Hyderabad";"Regular";133;"Restaurant_133";"Italian"
6331;"11-05-2023";1474.01;2497;"User_2497";"Hyderabad";"Gold";262;"Restaurant_262";"Chinese"
6332;"16-05-2023";829.8;489;"User_489";"Hyderabad";"Gold";122;"Restaurant_122";"Indian"
6333;"20-05-2023";298.54;1011;"User_1011";"Pune";"Regular";493;"Restaurant_493";"Mexican"
6334;"22-09-2023";1252.7;2654;"User_2654";"Chennai";"Regular";486;"Restaurant_486";"Italian"
6335;"19-08-2023";957.56;469;"User_469";"Chennai";"Regular";172;"Restaurant_172";"Italian"
6336;"31-05-2023";1241.45;632;"User_632";"Chennai";"Gold";130;"Restaurant_130";"Indian"
6337;"26-02-2023";1323.71;1657;"User_1657";"Hyderabad";"Gold";455;"Restaurant_455";"Chinese"
6338;"15-01-2023";1058.97;2180;"User_2180";"Pune";"Gold";281;"Restaurant_281";"Italian"
6339;"03-08-2023";254.24;1699;"User_1699";"Chennai";"Regular";426;"Restaurant_426";"Chinese"
6340;"09-12-2023";1312.51;2998;"User_2998";"Bangalore";"Regular";78;"Restaurant_78";"Indian"
6341;"01-07-2023";1132.47;1598;"User_1598";"Bangalore";"Gold";429;"Restaurant_429";"Chinese"
6342;"09-12-2023";1474.58;2408;"User_2408";"Chennai";"Regular";74;"Restaurant_74";"Chinese"
6343;"01-06-2023";798.58;1619;"User_1619";"Bangalore";"Regular";356;"Restaurant_356";"Indian"
6344;"03-03-2023";1326.49;1786;"User_1786";"Bangalore";"Regular";486;"Restaurant_486";"Italian"
6345;"27-05-2023";1071.93;891;"User_891";"Pune";"Regular";234;"Restaurant_234";"Chinese"
6346;"29-06-2023";802.9;1987;"User_1987";"Hyderabad";"Gold";194;"Restaurant_194";"Chinese"
6347;"10-05-2023";718.89;2854;"User_2854";"Hyderabad";"Regular";442;"Restaurant_442";"Italian"
6348;"28-12-2023";462.45;1592;"User_1592";"Hyderabad";"Gold";320;"Restaurant_320";"Italian"
6349;"05-05-2023";727.97;461;"User_461";"Bangalore";"Gold";245;"Restaurant_245";"Mexican"
6350;"06-08-2023";138.39;746;"User_746";"Bangalore";"Regular";289;"Restaurant_289";"Italian"
6351;"28-07-2023";1487.93;2255;"User_2255";"Chennai";"Gold";380;"Restaurant_380";"Italian"
6352;"09-10-2023";189.79;976;"User_976";"Bangalore";"Regular";62;"Restaurant_62";"Indian"
6353;"24-02-2023";1320.35;1194;"User_1194";"Chennai";"Regular";364;"Restaurant_364";"Mexican"
6354;"13-05-2023";1189.69;1959;"User_1959";"Chennai";"Gold";383;"Restaurant_383";"Indian"
6355;"20-03-2023";1019.26;2154;"User_2154";"Bangalore";"Gold";467;"Restaurant_467";"Italian"
6356;"15-09-2023";258.33;2503;"User_2503";"Bangalore";"Regular";109;"Restaurant_109";"Chinese"
6357;"01-09-2023";1287.88;893;"User_893";"Pune";"Gold";68;"Restaurant_68";"Italian"
6358;"06-04-2023";736.25;1476;"User_1476";"Pune";"Gold";43;"Restaurant_43";"Chinese"
6359;"13-08-2023";1297.36;1683;"User_1683";"Chennai";"Gold";362;"Restaurant_362";"Indian"
6360;"08-11-2023";680.45;2408;"User_2408";"Chennai";"Regular";292;"Restaurant_292";"Mexican"
6361;"29-11-2023";978.97;1222;"User_1222";"Chennai";"Regular";410;"Restaurant_410";"Italian"
6362;"10-09-2023";506.43;1750;"User_1750";"Pune";"Gold";14;"Restaurant_14";"Indian"
6363;"20-02-2023";1474.02;2094;"User_2094";"Hyderabad";"Gold";238;"Restaurant_238";"Chinese"
6364;"11-05-2023";582.45;1686;"User_1686";"Hyderabad";"Gold";30;"Restaurant_30";"Mexican"
6365;"06-06-2023";523.79;2837;"User_2837";"Hyderabad";"Gold";320;"Restaurant_320";"Italian"
6366;"14-05-2023";773.4;24;"User_24";"Hyderabad";"Regular";246;"Restaurant_246";"Mexican"
6367;"16-07-2023";1217.34;2403;"User_2403";"Pune";"Gold";119;"Restaurant_119";"Chinese"
6368;"24-03-2023";1216.65;341;"User_341";"Hyderabad";"Gold";170;"Restaurant_170";"Mexican"
6369;"01-11-2023";144.11;1224;"User_1224";"Hyderabad";"Gold";304;"Restaurant_304";"Italian"
6370;"05-08-2023";539.59;1070;"User_1070";"Hyderabad";"Gold";461;"Restaurant_461";"Italian"
6371;"19-06-2023";354.82;676;"User_676";"Hyderabad";"Gold";254;"Restaurant_254";"Indian"
6372;"10-08-2023";1336.4;800;"User_800";"Pune";"Regular";82;"Restaurant_82";"Chinese"
6373;"22-03-2023";903.59;2765;"User_2765";"Chennai";"Gold";167;"Restaurant_167";"Italian"
6374;"09-04-2023";670.1;2221;"User_2221";"Bangalore";"Gold";228;"Restaurant_228";"Mexican"
6375;"31-10-2023";127.38;1498;"User_1498";"Chennai";"Gold";153;"Restaurant_153";"Italian"
6376;"18-04-2023";994.34;2057;"User_2057";"Chennai";"Gold";450;"Restaurant_450";"Mexican"
6377;"18-09-2023";1360.28;1206;"User_1206";"Bangalore";"Gold";187;"Restaurant_187";"Chinese"
6378;"14-11-2023";182.18;177;"User_177";"Chennai";"Regular";349;"Restaurant_349";"Indian"
6379;"18-06-2023";361.74;2179;"User_2179";"Pune";"Regular";370;"Restaurant_370";"Chinese"
6380;"14-09-2023";441.93;252;"User_252";"Pune";"Regular";100;"Restaurant_100";"Indian"
6381;"19-08-2023";1380.43;1427;"User_1427";"Hyderabad";"Gold";254;"Restaurant_254";"Indian"
6382;"12-07-2023";677.84;2384;"User_2384";"Pune";"Regular";67;"Restaurant_67";"Mexican"
6383;"09-11-2023";887.75;220;"User_220";"Pune";"Gold";15;"Restaurant_15";"Chinese"
6384;"30-01-2023";1408.81;2688;"User_2688";"Bangalore";"Regular";129;"Restaurant_129";"Indian"
6385;"11-06-2023";1455.02;726;"User_726";"Bangalore";"Gold";241;"Restaurant_241";"Chinese"
6386;"08-02-2023";222.33;2392;"User_2392";"Bangalore";"Gold";457;"Restaurant_457";"Indian"
6387;"01-11-2023";337.55;1869;"User_1869";"Pune";"Regular";403;"Restaurant_403";"Indian"
6388;"19-11-2023";843.79;868;"User_868";"Bangalore";"Gold";385;"Restaurant_385";"Chinese"
6389;"29-05-2023";1436.13;1217;"User_1217";"Chennai";"Gold";194;"Restaurant_194";"Chinese"
6390;"21-11-2023";1081.7;1857;"User_1857";"Hyderabad";"Regular";306;"Restaurant_306";"Chinese"
6391;"28-02-2023";1350.19;1469;"User_1469";"Pune";"Gold";456;"Restaurant_456";"Chinese"
6392;"05-08-2023";812.25;2294;"User_2294";"Pune";"Regular";111;"Restaurant_111";"Mexican"
6393;"23-12-2023";977.85;2288;"User_2288";"Bangalore";"Gold";402;"Restaurant_402";"Mexican"
6394;"14-09-2023";474.98;1530;"User_1530";"Bangalore";"Gold";437;"Restaurant_437";"Indian"
6395;"14-01-2023";271.37;264;"User_264";"Pune";"Regular";348;"Restaurant_348";"Italian"
6396;"05-11-2023";1058.3;2546;"User_2546";"Chennai";"Gold";115;"Restaurant_115";"Chinese"
6397;"19-09-2023";1377.2;290;"User_290";"Hyderabad";"Regular";158;"Restaurant_158";"Indian"
6398;"23-09-2023";1412.42;1858;"User_1858";"Hyderabad";"Regular";181;"Restaurant_181";"Indian"
6399;"13-12-2023";1423.05;2449;"User_2449";"Pune";"Gold";341;"Restaurant_341";"Chinese"
6400;"25-06-2023";228.44;586;"User_586";"Bangalore";"Gold";423;"Restaurant_423";"Indian"
6401;"08-04-2023";557.8;726;"User_726";"Bangalore";"Gold";357;"Restaurant_357";"Italian"
6402;"31-07-2023";532.94;2826;"User_2826";"Chennai";"Gold";126;"Restaurant_126";"Italian"
6403;"28-05-2023";827.92;2570;"User_2570";"Bangalore";"Regular";450;"Restaurant_450";"Mexican"
6404;"16-01-2023";538.92;914;"User_914";"Bangalore";"Regular";332;"Restaurant_332";"Chinese"
6405;"03-04-2023";442.81;85;"User_85";"Pune";"Gold";281;"Restaurant_281";"Italian"
6406;"06-11-2023";1327.81;2922;"User_2922";"Chennai";"Gold";219;"Restaurant_219";"Mexican"
6407;"13-02-2023";1273.84;1643;"User_1643";"Chennai";"Regular";475;"Restaurant_475";"Italian"
6408;"01-09-2023";509.37;1012;"User_1012";"Chennai";"Gold";79;"Restaurant_79";"Mexican"
6409;"09-07-2023";278.06;1817;"User_1817";"Bangalore";"Gold";356;"Restaurant_356";"Indian"
6410;"25-08-2023";1286.85;384;"User_384";"Pune";"Gold";179;"Restaurant_179";"Italian"
6411;"16-10-2023";237.16;2202;"User_2202";"Bangalore";"Gold";29;"Restaurant_29";"Italian"
6412;"10-01-2023";1378.12;1849;"User_1849";"Bangalore";"Gold";438;"Restaurant_438";"Italian"
6413;"06-10-2023";1089.01;1708;"User_1708";"Pune";"Regular";495;"Restaurant_495";"Italian"
6414;"15-09-2023";609.36;1773;"User_1773";"Pune";"Regular";430;"Restaurant_430";"Mexican"
6415;"09-09-2023";779.51;234;"User_234";"Chennai";"Regular";335;"Restaurant_335";"Italian"
6416;"10-07-2023";797.06;2242;"User_2242";"Pune";"Gold";161;"Restaurant_161";"Mexican"
6417;"09-02-2023";619.45;618;"User_618";"Chennai";"Regular";378;"Restaurant_378";"Italian"
6418;"27-03-2023";433.01;2900;"User_2900";"Pune";"Gold";220;"Restaurant_220";"Mexican"
6419;"14-10-2023";604.45;1324;"User_1324";"Bangalore";"Regular";176;"Restaurant_176";"Italian"
6420;"12-05-2023";728.41;2000;"User_2000";"Bangalore";"Regular";366;"Restaurant_366";"Indian"
6421;"15-12-2023";1422.0;515;"User_515";"Chennai";"Regular";434;"Restaurant_434";"Italian"
6422;"22-03-2023";195.4;443;"User_443";"Hyderabad";"Regular";107;"Restaurant_107";"Mexican"
6423;"09-02-2023";151.81;1454;"User_1454";"Chennai";"Regular";78;"Restaurant_78";"Indian"
6424;"18-04-2023";642.09;1499;"User_1499";"Pune";"Gold";444;"Restaurant_444";"Chinese"
6425;"19-02-2023";418.3;1604;"User_1604";"Hyderabad";"Regular";230;"Restaurant_230";"Chinese"
6426;"15-08-2023";836.97;1966;"User_1966";"Hyderabad";"Regular";141;"Restaurant_141";"Mexican"
6427;"08-02-2023";965.43;2408;"User_2408";"Chennai";"Regular";318;"Restaurant_318";"Indian"
6428;"19-03-2023";910.43;1799;"User_1799";"Chennai";"Gold";372;"Restaurant_372";"Italian"
6429;"02-03-2023";461.31;65;"User_65";"Pune";"Regular";290;"Restaurant_290";"Chinese"
6430;"27-05-2023";328.61;2763;"User_2763";"Bangalore";"Regular";402;"Restaurant_402";"Mexican"
6431;"13-04-2023";616.12;381;"User_381";"Bangalore";"Regular";363;"Restaurant_363";"Italian"
6432;"20-12-2023";1405.92;204;"User_204";"Bangalore";"Regular";371;"Restaurant_371";"Chinese"
6433;"06-03-2023";817.63;429;"User_429";"Hyderabad";"Gold";167;"Restaurant_167";"Italian"
6434;"01-07-2023";1327.38;1181;"User_1181";"Pune";"Gold";472;"Restaurant_472";"Chinese"
6435;"28-10-2023";1381.86;378;"User_378";"Pune";"Gold";7;"Restaurant_7";"Italian"
6436;"30-03-2023";517.26;2318;"User_2318";"Pune";"Gold";104;"Restaurant_104";"Chinese"
6437;"22-12-2023";120.48;2858;"User_2858";"Hyderabad";"Regular";334;"Restaurant_334";"Indian"
6438;"01-09-2023";1212.79;1423;"User_1423";"Hyderabad";"Gold";285;"Restaurant_285";"Mexican"
6439;"30-04-2023";1233.17;1433;"User_1433";"Hyderabad";"Gold";248;"Restaurant_248";"Italian"
6440;"19-02-2023";1299.93;1057;"User_1057";"Hyderabad";"Regular";358;"Restaurant_358";"Indian"
6441;"02-04-2023";1218.95;1130;"User_1130";"Chennai";"Gold";229;"Restaurant_229";"Italian"
6442;"19-07-2023";1406.64;331;"User_331";"Chennai";"Regular";232;"Restaurant_232";"Mexican"
6443;"04-05-2023";289.7;556;"User_556";"Chennai";"Regular";410;"Restaurant_410";"Italian"
6444;"04-03-2023";101.36;1601;"User_1601";"Bangalore";"Regular";402;"Restaurant_402";"Mexican"
6445;"30-09-2023";1461.2;2498;"User_2498";"Bangalore";"Regular";438;"Restaurant_438";"Italian"
6446;"28-11-2023";777.6;202;"User_202";"Chennai";"Regular";279;"Restaurant_279";"Italian"
6447;"22-06-2023";328.13;1860;"User_1860";"Chennai";"Gold";417;"Restaurant_417";"Mexican"
6448;"23-06-2023";509.57;301;"User_301";"Pune";"Gold";484;"Restaurant_484";"Mexican"
6449;"22-02-2023";256.1;2976;"User_2976";"Pune";"Regular";9;"Restaurant_9";"Italian"
6450;"17-04-2023";639.49;1560;"User_1560";"Bangalore";"Gold";403;"Restaurant_403";"Indian"
6451;"06-10-2023";465.74;1273;"User_1273";"Chennai";"Regular";141;"Restaurant_141";"Mexican"
6452;"21-03-2023";195.7;726;"User_726";"Bangalore";"Gold";53;"Restaurant_53";"Indian"
6453;"26-05-2023";979.48;2243;"User_2243";"Bangalore";"Regular";161;"Restaurant_161";"Mexican"
6454;"09-03-2023";1321.05;674;"User_674";"Chennai";"Regular";402;"Restaurant_402";"Mexican"
6455;"12-02-2023";611.65;270;"User_270";"Pune";"Gold";465;"Restaurant_465";"Italian"
6456;"13-03-2023";1211.72;2621;"User_2621";"Hyderabad";"Regular";418;"Restaurant_418";"Chinese"
6457;"11-09-2023";1033.35;1174;"User_1174";"Pune";"Regular";211;"Restaurant_211";"Chinese"
6458;"08-05-2023";398.55;829;"User_829";"Pune";"Regular";142;"Restaurant_142";"Indian"
6459;"16-04-2023";438.41;244;"User_244";"Pune";"Regular";92;"Restaurant_92";"Mexican"
6460;"11-08-2023";1476.89;1430;"User_1430";"Hyderabad";"Regular";278;"Restaurant_278";"Indian"
6461;"10-09-2023";311.91;459;"User_459";"Hyderabad";"Regular";230;"Restaurant_230";"Chinese"
6462;"01-12-2023";1007.62;2427;"User_2427";"Hyderabad";"Regular";3;"Restaurant_3";"Mexican"
6463;"24-12-2023";699.87;580;"User_580";"Pune";"Regular";278;"Restaurant_278";"Indian"
6464;"23-11-2023";1017.07;855;"User_855";"Chennai";"Gold";494;"Restaurant_494";"Mexican"
6465;"09-01-2023";740.24;738;"User_738";"Hyderabad";"Gold";402;"Restaurant_402";"Mexican"
6466;"22-08-2023";508.68;2076;"User_2076";"Bangalore";"Gold";89;"Restaurant_89";"Indian"
6467;"08-02-2023";793.25;503;"User_503";"Bangalore";"Gold";438;"Restaurant_438";"Italian"
6468;"31-12-2023";1424.91;61;"User_61";"Pune";"Gold";144;"Restaurant_144";"Chinese"
6469;"14-12-2023";978.16;2850;"User_2850";"Hyderabad";"Gold";360;"Restaurant_360";"Indian"
6470;"14-03-2023";1168.19;497;"User_497";"Hyderabad";"Regular";47;"Restaurant_47";"Indian"
6471;"27-02-2023";314.43;198;"User_198";"Pune";"Gold";97;"Restaurant_97";"Mexican"
6472;"23-04-2023";1473.38;2756;"User_2756";"Pune";"Gold";123;"Restaurant_123";"Chinese"
6473;"26-03-2023";991.44;756;"User_756";"Hyderabad";"Gold";459;"Restaurant_459";"Italian"
6474;"21-05-2023";452.27;249;"User_249";"Hyderabad";"Gold";427;"Restaurant_427";"Indian"
6475;"20-08-2023";1091.88;1635;"User_1635";"Bangalore";"Gold";191;"Restaurant_191";"Indian"
6476;"24-11-2023";598.89;1155;"User_1155";"Hyderabad";"Gold";21;"Restaurant_21";"Indian"
6477;"31-12-2023";310.64;843;"User_843";"Pune";"Gold";334;"Restaurant_334";"Indian"
6478;"19-02-2023";256.57;136;"User_136";"Pune";"Gold";297;"Restaurant_297";"Italian"
6479;"15-07-2023";864.83;1412;"User_1412";"Chennai";"Regular";12;"Restaurant_12";"Mexican"
6480;"22-01-2023";315.69;1425;"User_1425";"Pune";"Regular";341;"Restaurant_341";"Chinese"
6481;"06-01-2023";311.02;2265;"User_2265";"Pune";"Gold";38;"Restaurant_38";"Italian"
6482;"04-07-2023";424.3;1540;"User_1540";"Bangalore";"Regular";315;"Restaurant_315";"Mexican"
6483;"05-07-2023";1023.57;548;"User_548";"Chennai";"Regular";199;"Restaurant_199";"Italian"
6484;"12-03-2023";1221.13;1280;"User_1280";"Hyderabad";"Regular";388;"Restaurant_388";"Indian"
6485;"20-12-2023";1237.48;933;"User_933";"Hyderabad";"Regular";82;"Restaurant_82";"Chinese"
6486;"21-01-2023";1490.97;900;"User_900";"Hyderabad";"Regular";19;"Restaurant_19";"Indian"
6487;"27-12-2023";694.83;1557;"User_1557";"Pune";"Gold";48;"Restaurant_48";"Mexican"
6488;"24-06-2023";197.52;2352;"User_2352";"Pune";"Regular";393;"Restaurant_393";"Italian"
6489;"16-11-2023";1398.64;2979;"User_2979";"Chennai";"Gold";240;"Restaurant_240";"Indian"
6490;"24-01-2023";272.62;1653;"User_1653";"Bangalore";"Gold";279;"Restaurant_279";"Italian"
6491;"07-07-2023";745.82;410;"User_410";"Chennai";"Gold";389;"Restaurant_389";"Italian"
6492;"03-10-2023";529.62;1470;"User_1470";"Pune";"Regular";261;"Restaurant_261";"Italian"
6493;"29-09-2023";1317.0;61;"User_61";"Pune";"Gold";238;"Restaurant_238";"Chinese"
6494;"27-08-2023";1128.31;2272;"User_2272";"Chennai";"Regular";205;"Restaurant_205";"Italian"
6495;"28-10-2023";788.51;2884;"User_2884";"Bangalore";"Gold";340;"Restaurant_340";"Chinese"
6496;"23-11-2023";112.75;1799;"User_1799";"Chennai";"Gold";456;"Restaurant_456";"Chinese"
6497;"01-05-2023";1237.32;1506;"User_1506";"Pune";"Regular";89;"Restaurant_89";"Indian"
6498;"27-07-2023";357.49;1010;"User_1010";"Hyderabad";"Regular";400;"Restaurant_400";"Mexican"
6499;"05-12-2023";1015.9;574;"User_574";"Chennai";"Regular";211;"Restaurant_211";"Chinese"
6500;"26-04-2023";804.71;195;"User_195";"Hyderabad";"Gold";96;"Restaurant_96";"Mexican"
6501;"12-01-2023";611.59;2646;"User_2646";"Hyderabad";"Gold";3;"Restaurant_3";"Mexican"
6502;"01-08-2023";823.54;2468;"User_2468";"Hyderabad";"Gold";473;"Restaurant_473";"Italian"
6503;"13-11-2023";253.19;64;"User_64";"Pune";"Regular";320;"Restaurant_320";"Italian"
6504;"23-09-2023";1183.84;2666;"User_2666";"Chennai";"Gold";17;"Restaurant_17";"Indian"
6505;"09-09-2023";1215.57;1118;"User_1118";"Pune";"Gold";166;"Restaurant_166";"Chinese"
6506;"28-03-2023";229.18;2324;"User_2324";"Bangalore";"Gold";306;"Restaurant_306";"Chinese"
6507;"03-07-2023";1270.93;255;"User_255";"Chennai";"Gold";9;"Restaurant_9";"Italian"
6508;"27-08-2023";620.03;2956;"User_2956";"Hyderabad";"Regular";217;"Restaurant_217";"Indian"
6509;"25-03-2023";1203.92;183;"User_183";"Chennai";"Gold";164;"Restaurant_164";"Italian"
6510;"29-05-2023";1419.7;2290;"User_2290";"Hyderabad";"Gold";488;"Restaurant_488";"Chinese"
6511;"09-05-2023";840.27;1779;"User_1779";"Chennai";"Regular";255;"Restaurant_255";"Mexican"
6512;"25-01-2023";737.24;784;"User_784";"Hyderabad";"Regular";366;"Restaurant_366";"Indian"
6513;"08-01-2023";235.0;2118;"User_2118";"Chennai";"Regular";364;"Restaurant_364";"Mexican"
6514;"29-08-2023";858.27;973;"User_973";"Hyderabad";"Regular";478;"Restaurant_478";"Chinese"
6515;"01-10-2023";1113.44;2353;"User_2353";"Pune";"Regular";151;"Restaurant_151";"Chinese"
6516;"02-10-2023";1263.3;728;"User_728";"Hyderabad";"Gold";316;"Restaurant_316";"Chinese"
6517;"19-05-2023";144.97;1194;"User_1194";"Chennai";"Regular";450;"Restaurant_450";"Mexican"
6518;"02-07-2023";505.97;2949;"User_2949";"Bangalore";"Gold";370;"Restaurant_370";"Chinese"
6519;"02-01-2023";175.36;556;"User_556";"Chennai";"Regular";54;"Restaurant_54";"Italian"
6520;"26-05-2023";787.11;552;"User_552";"Hyderabad";"Regular";369;"Restaurant_369";"Italian"
6521;"12-05-2023";1214.57;2457;"User_2457";"Chennai";"Gold";478;"Restaurant_478";"Chinese"
6522;"18-09-2023";682.64;1590;"User_1590";"Chennai";"Gold";84;"Restaurant_84";"Chinese"
6523;"04-09-2023";1270.67;109;"User_109";"Chennai";"Regular";474;"Restaurant_474";"Mexican"
6524;"05-11-2023";728.44;2655;"User_2655";"Bangalore";"Regular";342;"Restaurant_342";"Mexican"
6525;"06-06-2023";1377.12;2452;"User_2452";"Pune";"Gold";354;"Restaurant_354";"Indian"
6526;"25-05-2023";174.16;2272;"User_2272";"Chennai";"Regular";432;"Restaurant_432";"Mexican"
6527;"04-03-2023";235.37;1918;"User_1918";"Bangalore";"Regular";379;"Restaurant_379";"Mexican"
6528;"09-06-2023";480.08;446;"User_446";"Pune";"Gold";182;"Restaurant_182";"Mexican"
6529;"31-05-2023";656.35;1282;"User_1282";"Chennai";"Regular";422;"Restaurant_422";"Mexican"
6530;"24-11-2023";478.23;968;"User_968";"Bangalore";"Regular";90;"Restaurant_90";"Italian"
6531;"15-08-2023";1201.58;429;"User_429";"Hyderabad";"Gold";188;"Restaurant_188";"Chinese"
6532;"27-02-2023";511.03;777;"User_777";"Chennai";"Gold";56;"Restaurant_56";"Italian"
6533;"30-03-2023";899.02;1998;"User_1998";"Pune";"Regular";234;"Restaurant_234";"Chinese"
6534;"14-05-2023";1429.63;909;"User_909";"Bangalore";"Regular";271;"Restaurant_271";"Chinese"
6535;"24-03-2023";1034.83;1853;"User_1853";"Hyderabad";"Gold";90;"Restaurant_90";"Italian"
6536;"03-06-2023";937.02;2571;"User_2571";"Pune";"Gold";427;"Restaurant_427";"Indian"
6537;"23-05-2023";509.78;1360;"User_1360";"Chennai";"Gold";31;"Restaurant_31";"Mexican"
6538;"18-10-2023";168.56;2270;"User_2270";"Hyderabad";"Gold";222;"Restaurant_222";"Italian"
6539;"28-05-2023";270.65;2263;"User_2263";"Hyderabad";"Gold";140;"Restaurant_140";"Italian"
6540;"01-06-2023";1219.33;432;"User_432";"Pune";"Regular";309;"Restaurant_309";"Indian"
6541;"09-10-2023";1020.55;1499;"User_1499";"Pune";"Gold";176;"Restaurant_176";"Italian"
6542;"17-04-2023";1335.48;2600;"User_2600";"Pune";"Gold";35;"Restaurant_35";"Chinese"
6543;"20-03-2023";623.33;2924;"User_2924";"Hyderabad";"Gold";371;"Restaurant_371";"Chinese"
6544;"21-06-2023";551.37;706;"User_706";"Bangalore";"Gold";180;"Restaurant_180";"Chinese"
6545;"16-09-2023";1324.95;1400;"User_1400";"Hyderabad";"Gold";378;"Restaurant_378";"Italian"
6546;"02-03-2023";774.16;2906;"User_2906";"Hyderabad";"Regular";378;"Restaurant_378";"Italian"
6547;"25-07-2023";1129.28;560;"User_560";"Bangalore";"Gold";229;"Restaurant_229";"Italian"
6548;"08-08-2023";1416.18;1098;"User_1098";"Bangalore";"Regular";297;"Restaurant_297";"Italian"
6549;"23-09-2023";499.84;1248;"User_1248";"Hyderabad";"Gold";85;"Restaurant_85";"Mexican"
6550;"26-09-2023";622.12;2165;"User_2165";"Chennai";"Gold";53;"Restaurant_53";"Indian"
6551;"14-11-2023";1228.37;665;"User_665";"Pune";"Gold";105;"Restaurant_105";"Mexican"
6552;"19-11-2023";1079.64;2344;"User_2344";"Hyderabad";"Regular";169;"Restaurant_169";"Italian"
6553;"04-04-2023";149.89;967;"User_967";"Pune";"Gold";250;"Restaurant_250";"Mexican"
6554;"03-01-2023";854.01;330;"User_330";"Chennai";"Regular";321;"Restaurant_321";"Chinese"
6555;"17-11-2023";282.26;37;"User_37";"Bangalore";"Regular";476;"Restaurant_476";"Mexican"
6556;"01-03-2023";147.33;2072;"User_2072";"Hyderabad";"Regular";214;"Restaurant_214";"Chinese"
6557;"20-03-2023";1393.8;804;"User_804";"Bangalore";"Gold";278;"Restaurant_278";"Indian"
6558;"23-05-2023";146.09;465;"User_465";"Pune";"Gold";299;"Restaurant_299";"Mexican"
6559;"07-05-2023";242.71;48;"User_48";"Chennai";"Gold";430;"Restaurant_430";"Mexican"
6560;"03-07-2023";406.76;2095;"User_2095";"Hyderabad";"Regular";300;"Restaurant_300";"Italian"
6561;"18-01-2023";245.2;2722;"User_2722";"Pune";"Gold";31;"Restaurant_31";"Mexican"
6562;"20-02-2023";750.52;2996;"User_2996";"Hyderabad";"Gold";201;"Restaurant_201";"Mexican"
6563;"19-06-2023";597.53;2772;"User_2772";"Bangalore";"Gold";328;"Restaurant_328";"Mexican"
6564;"20-08-2023";1122.05;1889;"User_1889";"Pune";"Regular";16;"Restaurant_16";"Indian"
6565;"01-12-2023";412.49;2804;"User_2804";"Hyderabad";"Regular";238;"Restaurant_238";"Chinese"
6566;"07-09-2023";496.62;2380;"User_2380";"Pune";"Regular";156;"Restaurant_156";"Italian"
6567;"20-12-2023";578.09;2220;"User_2220";"Bangalore";"Regular";197;"Restaurant_197";"Mexican"
6568;"06-06-2023";701.99;556;"User_556";"Chennai";"Regular";211;"Restaurant_211";"Chinese"
6569;"19-09-2023";1034.4;1069;"User_1069";"Chennai";"Regular";177;"Restaurant_177";"Indian"
6570;"24-09-2023";899.68;705;"User_705";"Bangalore";"Regular";99;"Restaurant_99";"Italian"
6571;"15-07-2023";844.28;851;"User_851";"Hyderabad";"Gold";277;"Restaurant_277";"Mexican"
6572;"08-11-2023";1311.01;660;"User_660";"Chennai";"Gold";481;"Restaurant_481";"Indian"
6573;"16-12-2023";1442.47;2229;"User_2229";"Hyderabad";"Regular";134;"Restaurant_134";"Mexican"
6574;"15-11-2023";562.9;1177;"User_1177";"Bangalore";"Regular";336;"Restaurant_336";"Mexican"
6575;"26-05-2023";1350.56;1694;"User_1694";"Chennai";"Gold";174;"Restaurant_174";"Mexican"
6576;"29-11-2023";390.34;2793;"User_2793";"Bangalore";"Gold";233;"Restaurant_233";"Italian"
6577;"03-03-2023";1188.6;2555;"User_2555";"Bangalore";"Regular";11;"Restaurant_11";"Chinese"
6578;"31-03-2023";1067.29;586;"User_586";"Bangalore";"Gold";241;"Restaurant_241";"Chinese"
6579;"10-10-2023";1067.3;2877;"User_2877";"Chennai";"Gold";135;"Restaurant_135";"Indian"
6580;"18-05-2023";389.05;15;"User_15";"Bangalore";"Regular";70;"Restaurant_70";"Chinese"
6581;"26-03-2023";1158.83;141;"User_141";"Pune";"Gold";435;"Restaurant_435";"Italian"
6582;"08-06-2023";613.57;928;"User_928";"Bangalore";"Regular";39;"Restaurant_39";"Indian"
6583;"16-08-2023";1424.58;257;"User_257";"Chennai";"Regular";210;"Restaurant_210";"Indian"
6584;"23-08-2023";1032.18;1631;"User_1631";"Bangalore";"Regular";99;"Restaurant_99";"Italian"
6585;"29-04-2023";1313.1;2520;"User_2520";"Hyderabad";"Gold";9;"Restaurant_9";"Italian"
6586;"24-09-2023";489.02;2309;"User_2309";"Chennai";"Gold";160;"Restaurant_160";"Chinese"
6587;"05-02-2023";1491.13;649;"User_649";"Pune";"Gold";333;"Restaurant_333";"Chinese"
6588;"28-02-2023";241.22;1798;"User_1798";"Hyderabad";"Gold";415;"Restaurant_415";"Indian"
6589;"07-10-2023";1280.39;1632;"User_1632";"Bangalore";"Regular";315;"Restaurant_315";"Mexican"
6590;"01-01-2023";992.53;1894;"User_1894";"Bangalore";"Gold";85;"Restaurant_85";"Mexican"
6591;"05-09-2023";1061.71;776;"User_776";"Bangalore";"Gold";252;"Restaurant_252";"Indian"
6592;"28-01-2023";447.96;1661;"User_1661";"Chennai";"Gold";55;"Restaurant_55";"Indian"
6593;"06-08-2023";593.24;2113;"User_2113";"Chennai";"Gold";108;"Restaurant_108";"Chinese"
6594;"14-06-2023";291.1;2702;"User_2702";"Pune";"Gold";52;"Restaurant_52";"Mexican"
6595;"27-09-2023";1304.54;577;"User_577";"Chennai";"Gold";225;"Restaurant_225";"Italian"
6596;"21-12-2023";975.27;2820;"User_2820";"Pune";"Regular";254;"Restaurant_254";"Indian"
6597;"18-06-2023";303.83;1966;"User_1966";"Hyderabad";"Regular";97;"Restaurant_97";"Mexican"
6598;"19-07-2023";481.41;306;"User_306";"Pune";"Regular";30;"Restaurant_30";"Mexican"
6599;"30-05-2023";112.23;1418;"User_1418";"Chennai";"Gold";455;"Restaurant_455";"Chinese"
6600;"12-02-2023";323.8;2178;"User_2178";"Pune";"Gold";313;"Restaurant_313";"Indian"
6601;"19-05-2023";732.03;1984;"User_1984";"Pune";"Gold";367;"Restaurant_367";"Indian"
6602;"24-10-2023";737.32;1487;"User_1487";"Bangalore";"Gold";479;"Restaurant_479";"Indian"
6603;"02-03-2023";216.44;2109;"User_2109";"Bangalore";"Gold";201;"Restaurant_201";"Mexican"
6604;"15-04-2023";334.9;2329;"User_2329";"Pune";"Regular";351;"Restaurant_351";"Mexican"
6605;"16-06-2023";1244.06;2743;"User_2743";"Hyderabad";"Regular";92;"Restaurant_92";"Mexican"
6606;"13-07-2023";1482.85;1529;"User_1529";"Bangalore";"Regular";456;"Restaurant_456";"Chinese"
6607;"19-10-2023";234.43;2839;"User_2839";"Bangalore";"Regular";426;"Restaurant_426";"Chinese"
6608;"08-08-2023";596.18;1522;"User_1522";"Chennai";"Gold";435;"Restaurant_435";"Italian"
6609;"18-11-2023";1041.17;396;"User_396";"Pune";"Regular";254;"Restaurant_254";"Indian"
6610;"30-04-2023";927.98;2202;"User_2202";"Bangalore";"Gold";84;"Restaurant_84";"Chinese"
6611;"11-11-2023";420.73;1990;"User_1990";"Chennai";"Regular";49;"Restaurant_49";"Italian"
6612;"08-02-2023";758.82;685;"User_685";"Pune";"Gold";233;"Restaurant_233";"Italian"
6613;"06-06-2023";313.03;1803;"User_1803";"Bangalore";"Regular";352;"Restaurant_352";"Italian"
6614;"26-09-2023";1268.74;1904;"User_1904";"Chennai";"Gold";356;"Restaurant_356";"Indian"
6615;"25-07-2023";193.42;1679;"User_1679";"Pune";"Gold";252;"Restaurant_252";"Indian"
6616;"27-03-2023";1304.07;857;"User_857";"Pune";"Regular";153;"Restaurant_153";"Italian"
6617;"07-11-2023";685.95;443;"User_443";"Hyderabad";"Regular";261;"Restaurant_261";"Italian"
6618;"29-03-2023";1078.3;1600;"User_1600";"Chennai";"Regular";227;"Restaurant_227";"Italian"
6619;"03-04-2023";173.94;1235;"User_1235";"Pune";"Regular";245;"Restaurant_245";"Mexican"
6620;"20-05-2023";935.24;1770;"User_1770";"Chennai";"Gold";493;"Restaurant_493";"Mexican"
6621;"18-07-2023";867.06;705;"User_705";"Bangalore";"Regular";276;"Restaurant_276";"Italian"
6622;"02-12-2023";999.47;424;"User_424";"Bangalore";"Gold";163;"Restaurant_163";"Italian"
6623;"04-08-2023";659.87;2345;"User_2345";"Hyderabad";"Regular";336;"Restaurant_336";"Mexican"
6624;"09-07-2023";787.41;1839;"User_1839";"Hyderabad";"Regular";223;"Restaurant_223";"Italian"
6625;"20-09-2023";659.8;214;"User_214";"Bangalore";"Regular";373;"Restaurant_373";"Indian"
6626;"16-02-2023";961.98;466;"User_466";"Pune";"Regular";266;"Restaurant_266";"Italian"
6627;"17-04-2023";802.56;2007;"User_2007";"Chennai";"Regular";202;"Restaurant_202";"Indian"
6628;"23-01-2023";1304.48;631;"User_631";"Chennai";"Gold";9;"Restaurant_9";"Italian"
6629;"07-01-2023";479.27;2928;"User_2928";"Pune";"Gold";349;"Restaurant_349";"Indian"
6630;"14-08-2023";396.5;2349;"User_2349";"Pune";"Regular";24;"Restaurant_24";"Mexican"
6631;"20-09-2023";622.03;2352;"User_2352";"Pune";"Regular";317;"Restaurant_317";"Mexican"
6632;"01-03-2023";1195.71;2110;"User_2110";"Chennai";"Regular";286;"Restaurant_286";"Italian"
6633;"22-09-2023";731.6;1460;"User_1460";"Hyderabad";"Regular";470;"Restaurant_470";"Italian"
6634;"05-11-2023";1242.78;918;"User_918";"Bangalore";"Gold";396;"Restaurant_396";"Mexican"
6635;"25-08-2023";1154.48;1208;"User_1208";"Hyderabad";"Regular";160;"Restaurant_160";"Chinese"
6636;"19-02-2023";1455.42;2064;"User_2064";"Hyderabad";"Regular";25;"Restaurant_25";"Chinese"
6637;"17-01-2023";1364.88;1024;"User_1024";"Chennai";"Gold";306;"Restaurant_306";"Chinese"
6638;"15-01-2023";903.95;696;"User_696";"Hyderabad";"Regular";468;"Restaurant_468";"Chinese"
6639;"15-05-2023";594.31;217;"User_217";"Hyderabad";"Regular";215;"Restaurant_215";"Mexican"
6640;"16-10-2023";727.59;1958;"User_1958";"Chennai";"Regular";149;"Restaurant_149";"Mexican"
6641;"28-04-2023";639.27;1666;"User_1666";"Hyderabad";"Regular";82;"Restaurant_82";"Chinese"
6642;"09-04-2023";783.52;1994;"User_1994";"Hyderabad";"Gold";318;"Restaurant_318";"Indian"
6643;"30-04-2023";997.32;1691;"User_1691";"Pune";"Gold";92;"Restaurant_92";"Mexican"
6644;"01-10-2023";1319.98;309;"User_309";"Chennai";"Gold";158;"Restaurant_158";"Indian"
6645;"09-06-2023";993.17;1427;"User_1427";"Hyderabad";"Gold";472;"Restaurant_472";"Chinese"
6646;"25-09-2023";1413.16;28;"User_28";"Pune";"Regular";463;"Restaurant_463";"Chinese"
6647;"16-08-2023";200.7;279;"User_279";"Pune";"Gold";27;"Restaurant_27";"Italian"
6648;"19-08-2023";166.83;985;"User_985";"Bangalore";"Regular";329;"Restaurant_329";"Chinese"
6649;"05-01-2023";1166.42;2389;"User_2389";"Pune";"Regular";152;"Restaurant_152";"Indian"
6650;"02-12-2023";1485.4;398;"User_398";"Pune";"Gold";138;"Restaurant_138";"Indian"
6651;"16-08-2023";487.24;1671;"User_1671";"Chennai";"Gold";212;"Restaurant_212";"Indian"
6652;"24-06-2023";217.25;1535;"User_1535";"Chennai";"Regular";318;"Restaurant_318";"Indian"
6653;"27-10-2023";485.26;2721;"User_2721";"Hyderabad";"Gold";462;"Restaurant_462";"Italian"
6654;"11-10-2023";938.56;2020;"User_2020";"Bangalore";"Regular";154;"Restaurant_154";"Chinese"
6655;"29-03-2023";384.78;2015;"User_2015";"Chennai";"Gold";84;"Restaurant_84";"Chinese"
6656;"08-12-2023";456.22;1082;"User_1082";"Hyderabad";"Regular";229;"Restaurant_229";"Italian"
6657;"20-12-2023";888.19;253;"User_253";"Chennai";"Regular";477;"Restaurant_477";"Indian"
6658;"23-12-2023";440.86;856;"User_856";"Pune";"Regular";48;"Restaurant_48";"Mexican"
6659;"10-10-2023";1117.34;2766;"User_2766";"Bangalore";"Gold";423;"Restaurant_423";"Indian"
6660;"10-06-2023";1118.58;2052;"User_2052";"Pune";"Regular";315;"Restaurant_315";"Mexican"
6661;"31-03-2023";806.03;2244;"User_2244";"Hyderabad";"Gold";426;"Restaurant_426";"Chinese"
6662;"28-02-2023";116.53;2594;"User_2594";"Pune";"Regular";498;"Restaurant_498";"Chinese"
6663;"30-06-2023";307.9;1428;"User_1428";"Bangalore";"Gold";419;"Restaurant_419";"Chinese"
6664;"27-01-2023";532.04;1556;"User_1556";"Bangalore";"Regular";24;"Restaurant_24";"Mexican"
6665;"14-01-2023";462.25;1636;"User_1636";"Bangalore";"Regular";449;"Restaurant_449";"Indian"
6666;"18-05-2023";1373.8;2192;"User_2192";"Chennai";"Regular";178;"Restaurant_178";"Mexican"
6667;"17-07-2023";1370.17;1053;"User_1053";"Hyderabad";"Regular";165;"Restaurant_165";"Mexican"
6668;"01-08-2023";1227.79;1269;"User_1269";"Bangalore";"Gold";313;"Restaurant_313";"Indian"
6669;"20-06-2023";266.04;2437;"User_2437";"Pune";"Gold";376;"Restaurant_376";"Indian"
6670;"19-10-2023";1183.52;2485;"User_2485";"Chennai";"Gold";256;"Restaurant_256";"Italian"
6671;"28-06-2023";330.9;268;"User_268";"Hyderabad";"Gold";495;"Restaurant_495";"Italian"
6672;"08-12-2023";1359.24;586;"User_586";"Bangalore";"Gold";91;"Restaurant_91";"Italian"
6673;"21-02-2023";761.06;1858;"User_1858";"Hyderabad";"Regular";13;"Restaurant_13";"Indian"
6674;"06-04-2023";1323.21;1653;"User_1653";"Bangalore";"Gold";483;"Restaurant_483";"Chinese"
6675;"28-05-2023";549.33;1916;"User_1916";"Bangalore";"Regular";320;"Restaurant_320";"Italian"
6676;"10-08-2023";1146.06;2617;"User_2617";"Chennai";"Regular";360;"Restaurant_360";"Indian"
6677;"16-12-2023";728.43;669;"User_669";"Chennai";"Gold";190;"Restaurant_190";"Chinese"
6678;"14-07-2023";798.8;2264;"User_2264";"Bangalore";"Gold";433;"Restaurant_433";"Italian"
6679;"18-04-2023";1037.25;1944;"User_1944";"Hyderabad";"Gold";226;"Restaurant_226";"Indian"
6680;"31-08-2023";732.26;668;"User_668";"Bangalore";"Regular";247;"Restaurant_247";"Mexican"
6681;"21-05-2023";523.26;1096;"User_1096";"Hyderabad";"Regular";440;"Restaurant_440";"Mexican"
6682;"20-10-2023";379.89;391;"User_391";"Pune";"Gold";234;"Restaurant_234";"Chinese"
6683;"24-04-2023";257.35;310;"User_310";"Hyderabad";"Regular";236;"Restaurant_236";"Italian"
6684;"10-01-2023";1368.53;772;"User_772";"Bangalore";"Gold";221;"Restaurant_221";"Chinese"
6685;"03-12-2023";1214.44;2653;"User_2653";"Bangalore";"Gold";81;"Restaurant_81";"Chinese"
6686;"01-07-2023";155.36;238;"User_238";"Hyderabad";"Regular";187;"Restaurant_187";"Chinese"
6687;"17-07-2023";840.13;2703;"User_2703";"Chennai";"Regular";326;"Restaurant_326";"Italian"
6688;"11-03-2023";585.79;2079;"User_2079";"Pune";"Regular";57;"Restaurant_57";"Mexican"
6689;"05-09-2023";537.46;416;"User_416";"Hyderabad";"Regular";200;"Restaurant_200";"Chinese"
6690;"09-02-2023";340.29;288;"User_288";"Pune";"Regular";462;"Restaurant_462";"Italian"
6691;"28-12-2023";400.88;2920;"User_2920";"Bangalore";"Gold";241;"Restaurant_241";"Chinese"
6692;"09-02-2023";1245.57;2409;"User_2409";"Chennai";"Regular";156;"Restaurant_156";"Italian"
6693;"08-03-2023";1145.5;1685;"User_1685";"Chennai";"Regular";82;"Restaurant_82";"Chinese"
6694;"02-04-2023";292.65;1505;"User_1505";"Pune";"Gold";81;"Restaurant_81";"Chinese"
6695;"24-10-2023";869.28;1962;"User_1962";"Pune";"Gold";185;"Restaurant_185";"Mexican"
6696;"11-06-2023";288.51;1531;"User_1531";"Bangalore";"Gold";125;"Restaurant_125";"Chinese"
6697;"01-03-2023";1160.04;1599;"User_1599";"Pune";"Regular";491;"Restaurant_491";"Chinese"
6698;"12-03-2023";314.05;882;"User_882";"Pune";"Gold";156;"Restaurant_156";"Italian"
6699;"24-05-2023";1079.7;2836;"User_2836";"Pune";"Gold";260;"Restaurant_260";"Indian"
6700;"13-09-2023";685.8;153;"User_153";"Pune";"Gold";33;"Restaurant_33";"Italian"
6701;"02-05-2023";1373.96;1612;"User_1612";"Chennai";"Gold";465;"Restaurant_465";"Italian"
6702;"16-07-2023";586.97;456;"User_456";"Pune";"Regular";367;"Restaurant_367";"Indian"
6703;"05-10-2023";1349.21;1761;"User_1761";"Bangalore";"Gold";8;"Restaurant_8";"Indian"
6704;"21-05-2023";385.38;538;"User_538";"Pune";"Regular";91;"Restaurant_91";"Italian"
6705;"25-07-2023";329.18;2573;"User_2573";"Hyderabad";"Gold";378;"Restaurant_378";"Italian"
6706;"26-03-2023";1262.79;1287;"User_1287";"Chennai";"Regular";344;"Restaurant_344";"Indian"
6707;"17-09-2023";224.8;231;"User_231";"Hyderabad";"Gold";286;"Restaurant_286";"Italian"
6708;"20-04-2023";1400.24;332;"User_332";"Bangalore";"Regular";378;"Restaurant_378";"Italian"
6709;"14-12-2023";665.6;1963;"User_1963";"Pune";"Gold";260;"Restaurant_260";"Indian"
6710;"05-05-2023";939.88;1844;"User_1844";"Hyderabad";"Gold";235;"Restaurant_235";"Italian"
6711;"27-07-2023";975.77;465;"User_465";"Pune";"Gold";308;"Restaurant_308";"Italian"
6712;"22-04-2023";1274.29;233;"User_233";"Bangalore";"Gold";53;"Restaurant_53";"Indian"
6713;"11-10-2023";104.29;932;"User_932";"Hyderabad";"Regular";332;"Restaurant_332";"Chinese"
6714;"13-01-2023";609.54;2032;"User_2032";"Chennai";"Gold";1;"Restaurant_1";"Chinese"
6715;"06-08-2023";1190.63;1572;"User_1572";"Hyderabad";"Gold";98;"Restaurant_98";"Indian"
6716;"08-05-2023";153.64;297;"User_297";"Bangalore";"Regular";320;"Restaurant_320";"Italian"
6717;"06-05-2023";928.21;450;"User_450";"Bangalore";"Regular";468;"Restaurant_468";"Chinese"
6718;"17-10-2023";129.75;2623;"User_2623";"Pune";"Gold";473;"Restaurant_473";"Italian"
6719;"19-07-2023";695.56;2071;"User_2071";"Hyderabad";"Regular";239;"Restaurant_239";"Indian"
6720;"27-12-2023";765.55;1992;"User_1992";"Pune";"Gold";419;"Restaurant_419";"Chinese"
6721;"20-01-2023";1061.84;2088;"User_2088";"Hyderabad";"Regular";469;"Restaurant_469";"Italian"
6722;"01-04-2023";1158.43;2548;"User_2548";"Pune";"Regular";417;"Restaurant_417";"Mexican"
6723;"24-01-2023";747.29;2182;"User_2182";"Chennai";"Gold";12;"Restaurant_12";"Mexican"
6724;"28-03-2023";1069.42;1476;"User_1476";"Pune";"Gold";43;"Restaurant_43";"Chinese"
6725;"24-11-2023";176.28;1463;"User_1463";"Chennai";"Gold";299;"Restaurant_299";"Mexican"
6726;"22-11-2023";435.14;950;"User_950";"Chennai";"Regular";171;"Restaurant_171";"Mexican"
6727;"12-11-2023";1087.67;700;"User_700";"Pune";"Gold";250;"Restaurant_250";"Mexican"
6728;"06-11-2023";993.87;1195;"User_1195";"Chennai";"Gold";433;"Restaurant_433";"Italian"
6729;"02-11-2023";117.04;1345;"User_1345";"Pune";"Regular";354;"Restaurant_354";"Indian"
6730;"08-07-2023";1209.44;1283;"User_1283";"Hyderabad";"Regular";363;"Restaurant_363";"Italian"
6731;"18-02-2023";1274.79;2321;"User_2321";"Bangalore";"Gold";134;"Restaurant_134";"Mexican"
6732;"20-08-2023";632.62;1230;"User_1230";"Chennai";"Gold";473;"Restaurant_473";"Italian"
6733;"10-04-2023";162.76;320;"User_320";"Hyderabad";"Gold";472;"Restaurant_472";"Chinese"
6734;"04-11-2023";584.6;1660;"User_1660";"Bangalore";"Regular";383;"Restaurant_383";"Indian"
6735;"06-07-2023";279.79;483;"User_483";"Pune";"Gold";323;"Restaurant_323";"Mexican"
6736;"24-10-2023";155.12;1852;"User_1852";"Hyderabad";"Regular";230;"Restaurant_230";"Chinese"
6737;"08-06-2023";335.03;1410;"User_1410";"Hyderabad";"Regular";405;"Restaurant_405";"Indian"
6738;"04-01-2023";1302.14;2984;"User_2984";"Hyderabad";"Regular";494;"Restaurant_494";"Mexican"
6739;"19-08-2023";1489.83;2417;"User_2417";"Chennai";"Regular";440;"Restaurant_440";"Mexican"
6740;"09-08-2023";1320.95;484;"User_484";"Hyderabad";"Regular";222;"Restaurant_222";"Italian"
6741;"19-09-2023";968.33;1460;"User_1460";"Hyderabad";"Regular";479;"Restaurant_479";"Indian"
6742;"03-03-2023";1318.78;2522;"User_2522";"Chennai";"Regular";216;"Restaurant_216";"Italian"
6743;"12-08-2023";1206.58;1438;"User_1438";"Bangalore";"Gold";257;"Restaurant_257";"Italian"
6744;"09-03-2023";1270.07;2428;"User_2428";"Bangalore";"Gold";150;"Restaurant_150";"Indian"
6745;"20-06-2023";1233.35;102;"User_102";"Hyderabad";"Regular";305;"Restaurant_305";"Indian"
6746;"13-09-2023";1469.15;1806;"User_1806";"Chennai";"Gold";336;"Restaurant_336";"Mexican"
6747;"10-02-2023";1444.49;827;"User_827";"Chennai";"Gold";236;"Restaurant_236";"Italian"
6748;"13-11-2023";1306.58;1224;"User_1224";"Hyderabad";"Gold";134;"Restaurant_134";"Mexican"
6749;"20-05-2023";360.56;2893;"User_2893";"Hyderabad";"Gold";155;"Restaurant_155";"Mexican"
6750;"07-02-2023";1212.64;2560;"User_2560";"Pune";"Gold";10;"Restaurant_10";"Chinese"
6751;"03-12-2023";747.89;170;"User_170";"Hyderabad";"Gold";315;"Restaurant_315";"Mexican"
6752;"03-01-2023";664.49;1898;"User_1898";"Bangalore";"Regular";383;"Restaurant_383";"Indian"
6753;"25-12-2023";130.75;82;"User_82";"Hyderabad";"Regular";313;"Restaurant_313";"Indian"
6754;"16-10-2023";672.68;2052;"User_2052";"Pune";"Regular";345;"Restaurant_345";"Chinese"
6755;"14-10-2023";1026.75;1075;"User_1075";"Bangalore";"Regular";260;"Restaurant_260";"Indian"
6756;"20-09-2023";159.38;2761;"User_2761";"Chennai";"Regular";29;"Restaurant_29";"Italian"
6757;"09-12-2023";463.99;973;"User_973";"Hyderabad";"Regular";441;"Restaurant_441";"Indian"
6758;"23-03-2023";671.04;1092;"User_1092";"Pune";"Gold";389;"Restaurant_389";"Italian"
6759;"03-11-2023";541.04;2063;"User_2063";"Bangalore";"Gold";293;"Restaurant_293";"Italian"
6760;"02-06-2023";1127.04;75;"User_75";"Hyderabad";"Gold";119;"Restaurant_119";"Chinese"
6761;"05-11-2023";1249.62;1176;"User_1176";"Chennai";"Gold";67;"Restaurant_67";"Mexican"
6762;"14-01-2023";1323.12;1813;"User_1813";"Hyderabad";"Regular";177;"Restaurant_177";"Indian"
6763;"22-11-2023";1446.31;2734;"User_2734";"Bangalore";"Regular";210;"Restaurant_210";"Indian"
6764;"15-11-2023";1012.8;125;"User_125";"Bangalore";"Regular";342;"Restaurant_342";"Mexican"
6765;"29-06-2023";890.37;2880;"User_2880";"Pune";"Gold";463;"Restaurant_463";"Chinese"
6766;"15-10-2023";183.15;1762;"User_1762";"Bangalore";"Regular";418;"Restaurant_418";"Chinese"
6767;"26-09-2023";122.14;1654;"User_1654";"Chennai";"Gold";36;"Restaurant_36";"Italian"
6768;"26-04-2023";1465.43;2405;"User_2405";"Bangalore";"Regular";321;"Restaurant_321";"Chinese"
6769;"14-07-2023";555.38;141;"User_141";"Pune";"Gold";335;"Restaurant_335";"Italian"
6770;"07-03-2023";1449.33;667;"User_667";"Bangalore";"Gold";367;"Restaurant_367";"Indian"
6771;"27-06-2023";199.94;796;"User_796";"Pune";"Regular";493;"Restaurant_493";"Mexican"
6772;"11-12-2023";341.84;1385;"User_1385";"Bangalore";"Regular";319;"Restaurant_319";"Indian"
6773;"19-05-2023";1449.16;5;"User_5";"Pune";"Gold";168;"Restaurant_168";"Indian"
6774;"06-09-2023";1119.24;1100;"User_1100";"Pune";"Regular";178;"Restaurant_178";"Mexican"
6775;"07-03-2023";1257.42;2854;"User_2854";"Hyderabad";"Regular";493;"Restaurant_493";"Mexican"
6776;"21-05-2023";243.86;1257;"User_1257";"Bangalore";"Gold";254;"Restaurant_254";"Indian"
6777;"01-03-2023";726.71;1485;"User_1485";"Pune";"Regular";134;"Restaurant_134";"Mexican"
6778;"10-11-2023";1134.39;933;"User_933";"Hyderabad";"Regular";232;"Restaurant_232";"Mexican"
6779;"15-11-2023";406.86;149;"User_149";"Bangalore";"Regular";37;"Restaurant_37";"Mexican"
6780;"06-07-2023";1103.72;1093;"User_1093";"Pune";"Regular";150;"Restaurant_150";"Indian"
6781;"03-10-2023";935.22;2982;"User_2982";"Chennai";"Gold";460;"Restaurant_460";"Chinese"
6782;"01-04-2023";1425.47;1144;"User_1144";"Chennai";"Gold";154;"Restaurant_154";"Chinese"
6783;"19-11-2023";189.78;1975;"User_1975";"Bangalore";"Regular";41;"Restaurant_41";"Mexican"
6784;"24-08-2023";515.14;708;"User_708";"Pune";"Regular";260;"Restaurant_260";"Indian"
6785;"30-11-2023";958.84;2200;"User_2200";"Chennai";"Regular";486;"Restaurant_486";"Italian"
6786;"21-05-2023";1265.78;1668;"User_1668";"Hyderabad";"Gold";425;"Restaurant_425";"Chinese"
6787;"19-12-2023";937.33;647;"User_647";"Hyderabad";"Gold";349;"Restaurant_349";"Indian"
6788;"17-01-2023";121.77;1337;"User_1337";"Bangalore";"Regular";439;"Restaurant_439";"Mexican"
6789;"03-04-2023";321.1;737;"User_737";"Bangalore";"Gold";281;"Restaurant_281";"Italian"
6790;"18-05-2023";828.57;1034;"User_1034";"Bangalore";"Gold";448;"Restaurant_448";"Mexican"
6791;"23-01-2023";917.99;1985;"User_1985";"Chennai";"Gold";483;"Restaurant_483";"Chinese"
6792;"13-05-2023";1001.62;346;"User_346";"Chennai";"Regular";41;"Restaurant_41";"Mexican"
6793;"31-07-2023";657.17;2937;"User_2937";"Hyderabad";"Regular";2;"Restaurant_2";"Indian"
6794;"30-06-2023";446.69;1151;"User_1151";"Hyderabad";"Gold";96;"Restaurant_96";"Mexican"
6795;"18-03-2023";198.98;2675;"User_2675";"Hyderabad";"Gold";375;"Restaurant_375";"Chinese"
6796;"12-12-2023";1282.31;1461;"User_1461";"Chennai";"Regular";90;"Restaurant_90";"Italian"
6797;"16-08-2023";1153.54;1678;"User_1678";"Pune";"Gold";234;"Restaurant_234";"Chinese"
6798;"27-11-2023";205.4;1577;"User_1577";"Chennai";"Gold";35;"Restaurant_35";"Chinese"
6799;"30-05-2023";683.6;1414;"User_1414";"Bangalore";"Regular";66;"Restaurant_66";"Italian"
6800;"20-06-2023";1283.27;1958;"User_1958";"Chennai";"Regular";11;"Restaurant_11";"Chinese"
6801;"29-09-2023";925.86;381;"User_381";"Bangalore";"Regular";499;"Restaurant_499";"Mexican"
6802;"10-03-2023";277.5;1182;"User_1182";"Hyderabad";"Regular";180;"Restaurant_180";"Chinese"
6803;"05-10-2023";487.52;1511;"User_1511";"Chennai";"Regular";112;"Restaurant_112";"Chinese"
6804;"05-08-2023";148.71;2527;"User_2527";"Bangalore";"Gold";150;"Restaurant_150";"Indian"
6805;"12-11-2023";1188.54;2224;"User_2224";"Hyderabad";"Regular";20;"Restaurant_20";"Indian"
6806;"03-03-2023";405.26;572;"User_572";"Chennai";"Gold";199;"Restaurant_199";"Italian"
6807;"28-07-2023";935.39;1632;"User_1632";"Bangalore";"Regular";52;"Restaurant_52";"Mexican"
6808;"22-11-2023";1418.05;630;"User_630";"Chennai";"Gold";247;"Restaurant_247";"Mexican"
6809;"09-03-2023";1080.69;1886;"User_1886";"Hyderabad";"Gold";89;"Restaurant_89";"Indian"
6810;"27-09-2023";1411.17;314;"User_314";"Pune";"Regular";423;"Restaurant_423";"Indian"
6811;"10-08-2023";894.05;220;"User_220";"Pune";"Gold";321;"Restaurant_321";"Chinese"
6812;"16-03-2023";966.96;99;"User_99";"Pune";"Regular";208;"Restaurant_208";"Mexican"
6813;"30-08-2023";1277.1;1003;"User_1003";"Bangalore";"Regular";82;"Restaurant_82";"Chinese"
6814;"19-05-2023";1130.79;516;"User_516";"Hyderabad";"Regular";394;"Restaurant_394";"Mexican"
6815;"28-08-2023";741.71;697;"User_697";"Bangalore";"Gold";161;"Restaurant_161";"Mexican"
6816;"04-09-2023";1213.23;2995;"User_2995";"Chennai";"Regular";351;"Restaurant_351";"Mexican"
6817;"30-12-2023";867.45;1384;"User_1384";"Bangalore";"Gold";338;"Restaurant_338";"Mexican"
6818;"11-01-2023";936.56;420;"User_420";"Pune";"Regular";302;"Restaurant_302";"Mexican"
6819;"21-04-2023";1326.45;5;"User_5";"Pune";"Gold";316;"Restaurant_316";"Chinese"
6820;"25-11-2023";110.53;2206;"User_2206";"Chennai";"Gold";241;"Restaurant_241";"Chinese"
6821;"10-08-2023";927.23;2298;"User_2298";"Bangalore";"Regular";237;"Restaurant_237";"Italian"
6822;"05-01-2023";1092.39;2603;"User_2603";"Bangalore";"Regular";396;"Restaurant_396";"Mexican"
6823;"11-04-2023";1283.64;2839;"User_2839";"Bangalore";"Regular";318;"Restaurant_318";"Indian"
6824;"02-05-2023";540.81;2276;"User_2276";"Hyderabad";"Regular";138;"Restaurant_138";"Indian"
6825;"12-11-2023";1412.62;1445;"User_1445";"Bangalore";"Regular";68;"Restaurant_68";"Italian"
6826;"07-11-2023";1169.88;1773;"User_1773";"Pune";"Regular";167;"Restaurant_167";"Italian"
6827;"01-03-2023";1479.16;1458;"User_1458";"Bangalore";"Regular";497;"Restaurant_497";"Mexican"
6828;"17-08-2023";1471.19;506;"User_506";"Bangalore";"Gold";89;"Restaurant_89";"Indian"
6829;"20-01-2023";227.57;681;"User_681";"Chennai";"Gold";231;"Restaurant_231";"Indian"
6830;"14-11-2023";943.56;2723;"User_2723";"Chennai";"Regular";15;"Restaurant_15";"Chinese"
6831;"20-04-2023";1064.65;2590;"User_2590";"Bangalore";"Regular";452;"Restaurant_452";"Chinese"
6832;"15-01-2023";693.76;302;"User_302";"Pune";"Gold";458;"Restaurant_458";"Italian"
6833;"19-05-2023";186.44;2262;"User_2262";"Pune";"Gold";264;"Restaurant_264";"Indian"
6834;"19-02-2023";112.73;1229;"User_1229";"Bangalore";"Regular";347;"Restaurant_347";"Chinese"
6835;"18-10-2023";1446.18;1461;"User_1461";"Chennai";"Regular";134;"Restaurant_134";"Mexican"
6836;"11-09-2023";175.73;365;"User_365";"Bangalore";"Regular";328;"Restaurant_328";"Mexican"
6837;"13-06-2023";953.84;1751;"User_1751";"Pune";"Regular";85;"Restaurant_85";"Mexican"
6838;"25-04-2023";967.22;846;"User_846";"Hyderabad";"Gold";200;"Restaurant_200";"Chinese"
6839;"01-01-2023";1081.13;2531;"User_2531";"Hyderabad";"Gold";94;"Restaurant_94";"Chinese"
6840;"14-03-2023";101.83;2142;"User_2142";"Chennai";"Gold";217;"Restaurant_217";"Indian"
6841;"04-04-2023";1468.82;2556;"User_2556";"Chennai";"Gold";234;"Restaurant_234";"Chinese"
6842;"06-01-2023";1231.12;2446;"User_2446";"Bangalore";"Gold";353;"Restaurant_353";"Indian"
6843;"19-02-2023";1476.22;1317;"User_1317";"Pune";"Regular";485;"Restaurant_485";"Mexican"
6844;"30-04-2023";1280.23;579;"User_579";"Pune";"Gold";22;"Restaurant_22";"Chinese"
6845;"18-10-2023";1199.65;2252;"User_2252";"Hyderabad";"Regular";317;"Restaurant_317";"Mexican"
6846;"06-09-2023";685.37;589;"User_589";"Pune";"Gold";136;"Restaurant_136";"Indian"
6847;"04-03-2023";372.89;583;"User_583";"Pune";"Gold";125;"Restaurant_125";"Chinese"
6848;"19-07-2023";954.08;873;"User_873";"Pune";"Gold";205;"Restaurant_205";"Italian"
6849;"16-12-2023";294.09;1000;"User_1000";"Pune";"Gold";39;"Restaurant_39";"Indian"
6850;"26-01-2023";908.29;280;"User_280";"Bangalore";"Gold";5;"Restaurant_5";"Chinese"
6851;"28-05-2023";1481.26;2443;"User_2443";"Pune";"Regular";269;"Restaurant_269";"Indian"
6852;"14-03-2023";1193.65;2427;"User_2427";"Hyderabad";"Regular";290;"Restaurant_290";"Chinese"
6853;"04-06-2023";1320.65;1043;"User_1043";"Pune";"Gold";370;"Restaurant_370";"Chinese"
6854;"03-01-2023";931.29;453;"User_453";"Hyderabad";"Regular";312;"Restaurant_312";"Chinese"
6855;"28-02-2023";1403.85;1664;"User_1664";"Bangalore";"Regular";317;"Restaurant_317";"Mexican"
6856;"15-10-2023";187.85;2480;"User_2480";"Hyderabad";"Regular";85;"Restaurant_85";"Mexican"
6857;"01-10-2023";1441.31;2237;"User_2237";"Chennai";"Gold";447;"Restaurant_447";"Chinese"
6858;"20-02-2023";760.26;1860;"User_1860";"Chennai";"Gold";150;"Restaurant_150";"Indian"
6859;"03-05-2023";128.35;2153;"User_2153";"Bangalore";"Gold";301;"Restaurant_301";"Italian"
6860;"15-07-2023";800.23;824;"User_824";"Hyderabad";"Regular";134;"Restaurant_134";"Mexican"
6861;"05-08-2023";273.18;393;"User_393";"Pune";"Gold";35;"Restaurant_35";"Chinese"
6862;"25-04-2023";1490.16;1841;"User_1841";"Chennai";"Regular";59;"Restaurant_59";"Chinese"
6863;"12-10-2023";971.12;710;"User_710";"Hyderabad";"Regular";426;"Restaurant_426";"Chinese"
6864;"14-10-2023";339.18;2592;"User_2592";"Hyderabad";"Regular";330;"Restaurant_330";"Italian"
6865;"18-07-2023";398.33;2903;"User_2903";"Bangalore";"Regular";25;"Restaurant_25";"Chinese"
6866;"19-12-2023";754.48;1889;"User_1889";"Pune";"Regular";67;"Restaurant_67";"Mexican"
6867;"04-05-2023";1197.42;1197;"User_1197";"Bangalore";"Regular";149;"Restaurant_149";"Mexican"
6868;"10-01-2023";578.53;1253;"User_1253";"Bangalore";"Regular";491;"Restaurant_491";"Chinese"
6869;"04-03-2023";351.09;1927;"User_1927";"Hyderabad";"Gold";479;"Restaurant_479";"Indian"
6870;"20-08-2023";575.7;1253;"User_1253";"Bangalore";"Regular";174;"Restaurant_174";"Mexican"
6871;"16-07-2023";208.79;2862;"User_2862";"Pune";"Regular";446;"Restaurant_446";"Indian"
6872;"18-08-2023";784.36;2512;"User_2512";"Bangalore";"Regular";366;"Restaurant_366";"Indian"
6873;"10-06-2023";1169.68;1798;"User_1798";"Hyderabad";"Gold";108;"Restaurant_108";"Chinese"
6874;"09-12-2023";120.37;2406;"User_2406";"Pune";"Regular";467;"Restaurant_467";"Italian"
6875;"28-02-2023";1375.29;1893;"User_1893";"Hyderabad";"Regular";463;"Restaurant_463";"Chinese"
6876;"03-09-2023";848.75;138;"User_138";"Hyderabad";"Gold";76;"Restaurant_76";"Italian"
6877;"21-05-2023";1097.36;605;"User_605";"Bangalore";"Gold";414;"Restaurant_414";"Chinese"
6878;"22-02-2023";1157.03;1847;"User_1847";"Bangalore";"Regular";205;"Restaurant_205";"Italian"
6879;"09-04-2023";268.17;1273;"User_1273";"Chennai";"Regular";329;"Restaurant_329";"Chinese"
6880;"16-06-2023";1161.85;1605;"User_1605";"Bangalore";"Regular";267;"Restaurant_267";"Chinese"
6881;"21-12-2023";1319.76;780;"User_780";"Bangalore";"Gold";262;"Restaurant_262";"Chinese"
6882;"01-08-2023";1470.87;1368;"User_1368";"Pune";"Gold";432;"Restaurant_432";"Mexican"
6883;"07-12-2023";672.87;636;"User_636";"Chennai";"Regular";382;"Restaurant_382";"Mexican"
6884;"06-08-2023";1268.08;1016;"User_1016";"Hyderabad";"Gold";115;"Restaurant_115";"Chinese"
6885;"13-03-2023";515.89;342;"User_342";"Bangalore";"Gold";470;"Restaurant_470";"Italian"
6886;"20-02-2023";432.56;1122;"User_1122";"Chennai";"Regular";122;"Restaurant_122";"Indian"
6887;"13-09-2023";888.48;2637;"User_2637";"Hyderabad";"Regular";427;"Restaurant_427";"Indian"
6888;"08-08-2023";1232.97;749;"User_749";"Bangalore";"Regular";367;"Restaurant_367";"Indian"
6889;"31-10-2023";469.24;1620;"User_1620";"Pune";"Gold";388;"Restaurant_388";"Indian"
6890;"17-05-2023";1310.8;2579;"User_2579";"Bangalore";"Gold";304;"Restaurant_304";"Italian"
6891;"22-08-2023";520.19;630;"User_630";"Chennai";"Gold";471;"Restaurant_471";"Indian"
6892;"26-02-2023";1001.89;2849;"User_2849";"Pune";"Regular";39;"Restaurant_39";"Indian"
6893;"18-07-2023";1401.16;2307;"User_2307";"Pune";"Gold";392;"Restaurant_392";"Italian"
6894;"15-08-2023";787.87;212;"User_212";"Pune";"Regular";200;"Restaurant_200";"Chinese"
6895;"08-01-2023";536.68;2577;"User_2577";"Pune";"Regular";454;"Restaurant_454";"Italian"
6896;"03-05-2023";291.85;2219;"User_2219";"Pune";"Regular";329;"Restaurant_329";"Chinese"
6897;"01-01-2023";1191.28;2071;"User_2071";"Hyderabad";"Regular";488;"Restaurant_488";"Chinese"
6898;"09-10-2023";1085.46;2798;"User_2798";"Pune";"Regular";371;"Restaurant_371";"Chinese"
6899;"10-08-2023";874.07;1006;"User_1006";"Chennai";"Regular";492;"Restaurant_492";"Italian"
6900;"02-08-2023";1156.41;387;"User_387";"Bangalore";"Regular";51;"Restaurant_51";"Italian"
6901;"01-01-2023";1288.41;1378;"User_1378";"Pune";"Regular";430;"Restaurant_430";"Mexican"
6902;"15-01-2023";793.54;285;"User_285";"Hyderabad";"Regular";31;"Restaurant_31";"Mexican"
6903;"30-03-2023";239.48;643;"User_643";"Pune";"Gold";16;"Restaurant_16";"Indian"
6904;"18-11-2023";133.83;2885;"User_2885";"Hyderabad";"Gold";426;"Restaurant_426";"Chinese"
6905;"01-02-2023";1479.02;2171;"User_2171";"Chennai";"Gold";71;"Restaurant_71";"Indian"
6906;"15-07-2023";168.17;1238;"User_1238";"Chennai";"Regular";30;"Restaurant_30";"Mexican"
6907;"15-12-2023";1292.86;2694;"User_2694";"Bangalore";"Regular";134;"Restaurant_134";"Mexican"
6908;"12-11-2023";1129.17;1043;"User_1043";"Pune";"Gold";421;"Restaurant_421";"Indian"
6909;"18-11-2023";1207.77;1317;"User_1317";"Pune";"Regular";422;"Restaurant_422";"Mexican"
6910;"16-08-2023";763.02;2917;"User_2917";"Bangalore";"Gold";475;"Restaurant_475";"Italian"
6911;"15-06-2023";647.58;2442;"User_2442";"Hyderabad";"Regular";169;"Restaurant_169";"Italian"
6912;"20-04-2023";499.2;2821;"User_2821";"Hyderabad";"Gold";401;"Restaurant_401";"Indian"
6913;"11-11-2023";863.03;1881;"User_1881";"Hyderabad";"Gold";451;"Restaurant_451";"Chinese"
6914;"29-03-2023";101.65;224;"User_224";"Bangalore";"Regular";61;"Restaurant_61";"Italian"
6915;"13-08-2023";1160.64;172;"User_172";"Chennai";"Gold";447;"Restaurant_447";"Chinese"
6916;"29-04-2023";1083.73;2573;"User_2573";"Hyderabad";"Gold";276;"Restaurant_276";"Italian"
6917;"17-02-2023";111.14;563;"User_563";"Pune";"Regular";59;"Restaurant_59";"Chinese"
6918;"03-09-2023";629.74;1002;"User_1002";"Pune";"Regular";429;"Restaurant_429";"Chinese"
6919;"19-04-2023";983.23;1549;"User_1549";"Pune";"Regular";375;"Restaurant_375";"Chinese"
6920;"21-08-2023";1129.39;837;"User_837";"Bangalore";"Gold";321;"Restaurant_321";"Chinese"
6921;"06-02-2023";838.53;2927;"User_2927";"Bangalore";"Gold";414;"Restaurant_414";"Chinese"
6922;"14-03-2023";1358.17;1066;"User_1066";"Bangalore";"Regular";211;"Restaurant_211";"Chinese"
6923;"01-01-2024";624.99;861;"User_861";"Chennai";"Regular";444;"Restaurant_444";"Chinese"
6924;"19-01-2023";1337.46;1553;"User_1553";"Pune";"Regular";343;"Restaurant_343";"Mexican"
6925;"25-03-2023";1067.51;1650;"User_1650";"Bangalore";"Gold";93;"Restaurant_93";"Chinese"
6926;"18-08-2023";809.38;2976;"User_2976";"Pune";"Regular";65;"Restaurant_65";"Mexican"
6927;"23-04-2023";355.78;637;"User_637";"Hyderabad";"Gold";253;"Restaurant_253";"Italian"
6928;"07-04-2023";920.79;1605;"User_1605";"Bangalore";"Regular";13;"Restaurant_13";"Indian"
6929;"17-09-2023";768.02;1715;"User_1715";"Pune";"Regular";108;"Restaurant_108";"Chinese"
6930;"11-06-2023";1106.22;728;"User_728";"Hyderabad";"Gold";99;"Restaurant_99";"Italian"
6931;"16-09-2023";336.63;2235;"User_2235";"Chennai";"Gold";477;"Restaurant_477";"Indian"
6932;"10-08-2023";1017.09;2275;"User_2275";"Bangalore";"Gold";336;"Restaurant_336";"Mexican"
6933;"21-07-2023";1085.65;271;"User_271";"Pune";"Regular";61;"Restaurant_61";"Italian"
6934;"08-07-2023";1100.64;1686;"User_1686";"Hyderabad";"Gold";487;"Restaurant_487";"Chinese"
6935;"14-11-2023";1060.17;2154;"User_2154";"Bangalore";"Gold";181;"Restaurant_181";"Indian"
6936;"16-12-2023";843.96;2088;"User_2088";"Hyderabad";"Regular";394;"Restaurant_394";"Mexican"
6937;"16-05-2023";1277.18;2850;"User_2850";"Hyderabad";"Gold";452;"Restaurant_452";"Chinese"
6938;"20-07-2023";1052.44;2034;"User_2034";"Pune";"Gold";396;"Restaurant_396";"Mexican"
6939;"08-12-2023";606.32;79;"User_79";"Hyderabad";"Regular";38;"Restaurant_38";"Italian"
6940;"28-09-2023";458.92;782;"User_782";"Hyderabad";"Gold";453;"Restaurant_453";"Chinese"
6941;"22-06-2023";816.85;433;"User_433";"Pune";"Regular";60;"Restaurant_60";"Mexican"
6942;"28-07-2023";770.8;1046;"User_1046";"Chennai";"Regular";259;"Restaurant_259";"Mexican"
6943;"19-05-2023";560.32;714;"User_714";"Hyderabad";"Gold";114;"Restaurant_114";"Indian"
6944;"10-05-2023";654.37;189;"User_189";"Bangalore";"Gold";223;"Restaurant_223";"Italian"
6945;"29-10-2023";1129.57;2841;"User_2841";"Hyderabad";"Gold";96;"Restaurant_96";"Mexican"
6946;"03-05-2023";468.45;2239;"User_2239";"Chennai";"Regular";273;"Restaurant_273";"Indian"
6947;"31-03-2023";375.28;1069;"User_1069";"Chennai";"Regular";356;"Restaurant_356";"Indian"
6948;"05-08-2023";900.54;1282;"User_1282";"Chennai";"Regular";39;"Restaurant_39";"Indian"
6949;"08-02-2023";879.45;404;"User_404";"Hyderabad";"Gold";146;"Restaurant_146";"Indian"
6950;"10-07-2023";948.71;1781;"User_1781";"Hyderabad";"Gold";48;"Restaurant_48";"Mexican"
6951;"19-10-2023";108.02;131;"User_131";"Chennai";"Gold";170;"Restaurant_170";"Mexican"
6952;"20-07-2023";1147.34;2766;"User_2766";"Bangalore";"Gold";283;"Restaurant_283";"Chinese"
6953;"01-12-2023";1469.88;630;"User_630";"Chennai";"Gold";22;"Restaurant_22";"Chinese"
6954;"02-04-2023";744.36;2584;"User_2584";"Pune";"Gold";383;"Restaurant_383";"Indian"
6955;"19-03-2023";702.13;436;"User_436";"Bangalore";"Gold";278;"Restaurant_278";"Indian"
6956;"26-02-2023";838.43;1899;"User_1899";"Chennai";"Gold";426;"Restaurant_426";"Chinese"
6957;"08-08-2023";551.09;1693;"User_1693";"Pune";"Gold";389;"Restaurant_389";"Italian"
6958;"03-02-2023";1239.83;772;"User_772";"Bangalore";"Gold";221;"Restaurant_221";"Chinese"
6959;"21-12-2023";747.89;341;"User_341";"Hyderabad";"Gold";313;"Restaurant_313";"Indian"
6960;"16-04-2023";1225.14;2884;"User_2884";"Bangalore";"Gold";425;"Restaurant_425";"Chinese"
6961;"03-03-2023";1160.51;2135;"User_2135";"Chennai";"Gold";165;"Restaurant_165";"Mexican"
6962;"22-10-2023";1033.18;294;"User_294";"Bangalore";"Regular";101;"Restaurant_101";"Mexican"
6963;"18-10-2023";442.92;414;"User_414";"Chennai";"Gold";26;"Restaurant_26";"Chinese"
6964;"10-12-2023";1214.83;362;"User_362";"Chennai";"Gold";181;"Restaurant_181";"Indian"
6965;"23-05-2023";1409.43;956;"User_956";"Chennai";"Gold";196;"Restaurant_196";"Italian"
6966;"27-04-2023";1444.74;2641;"User_2641";"Chennai";"Regular";102;"Restaurant_102";"Italian"
6967;"31-05-2023";511.22;608;"User_608";"Hyderabad";"Regular";378;"Restaurant_378";"Italian"
6968;"26-12-2023";211.36;1783;"User_1783";"Hyderabad";"Regular";234;"Restaurant_234";"Chinese"
6969;"20-06-2023";667.04;1357;"User_1357";"Hyderabad";"Regular";106;"Restaurant_106";"Indian"
6970;"14-11-2023";430.42;2907;"User_2907";"Hyderabad";"Regular";243;"Restaurant_243";"Chinese"
6971;"16-01-2023";1450.5;782;"User_782";"Hyderabad";"Gold";372;"Restaurant_372";"Italian"
6972;"07-10-2023";696.22;2184;"User_2184";"Hyderabad";"Regular";327;"Restaurant_327";"Indian"
6973;"12-08-2023";1134.11;2587;"User_2587";"Bangalore";"Gold";164;"Restaurant_164";"Italian"
6974;"07-06-2023";1104.44;2675;"User_2675";"Hyderabad";"Gold";389;"Restaurant_389";"Italian"
6975;"20-07-2023";844.22;601;"User_601";"Hyderabad";"Regular";1;"Restaurant_1";"Chinese"
6976;"02-05-2023";574.21;499;"User_499";"Bangalore";"Regular";372;"Restaurant_372";"Italian"
6977;"03-09-2023";1379.4;1636;"User_1636";"Bangalore";"Regular";471;"Restaurant_471";"Indian"
6978;"14-02-2023";578.74;998;"User_998";"Bangalore";"Regular";42;"Restaurant_42";"Chinese"
6979;"01-10-2023";663.1;1924;"User_1924";"Pune";"Regular";213;"Restaurant_213";"Indian"
6980;"17-11-2023";316.65;2364;"User_2364";"Chennai";"Gold";489;"Restaurant_489";"Italian"
6981;"24-04-2023";776.57;2804;"User_2804";"Hyderabad";"Regular";308;"Restaurant_308";"Italian"
6982;"11-12-2023";460.26;888;"User_888";"Hyderabad";"Gold";468;"Restaurant_468";"Chinese"
6983;"21-01-2023";432.81;1885;"User_1885";"Bangalore";"Regular";216;"Restaurant_216";"Italian"
6984;"11-12-2023";1398.85;575;"User_575";"Bangalore";"Gold";246;"Restaurant_246";"Mexican"
6985;"14-12-2023";870.45;1106;"User_1106";"Bangalore";"Gold";113;"Restaurant_113";"Chinese"
6986;"15-12-2023";1212.68;1386;"User_1386";"Hyderabad";"Gold";148;"Restaurant_148";"Italian"
6987;"17-06-2023";648.72;78;"User_78";"Pune";"Gold";146;"Restaurant_146";"Indian"
6988;"04-07-2023";584.0;353;"User_353";"Chennai";"Regular";328;"Restaurant_328";"Mexican"
6989;"07-01-2023";493.13;1763;"User_1763";"Pune";"Regular";100;"Restaurant_100";"Indian"
6990;"09-05-2023";1144.01;2026;"User_2026";"Chennai";"Regular";363;"Restaurant_363";"Italian"
6991;"11-07-2023";1375.21;1632;"User_1632";"Bangalore";"Regular";90;"Restaurant_90";"Italian"
6992;"07-04-2023";1007.19;2331;"User_2331";"Pune";"Gold";44;"Restaurant_44";"Indian"
6993;"02-03-2023";648.63;563;"User_563";"Pune";"Regular";67;"Restaurant_67";"Mexican"
6994;"19-05-2023";495.34;485;"User_485";"Bangalore";"Gold";7;"Restaurant_7";"Italian"
6995;"11-06-2023";1393.9;289;"User_289";"Pune";"Regular";446;"Restaurant_446";"Indian"
6996;"26-12-2023";1004.88;1714;"User_1714";"Chennai";"Regular";191;"Restaurant_191";"Indian"
6997;"16-11-2023";1468.75;2405;"User_2405";"Bangalore";"Regular";498;"Restaurant_498";"Chinese"
6998;"04-03-2023";1044.55;2100;"User_2100";"Hyderabad";"Regular";223;"Restaurant_223";"Italian"
6999;"17-10-2023";184.77;207;"User_207";"Bangalore";"Gold";258;"Restaurant_258";"Indian"
7000;"01-09-2023";523.32;385;"User_385";"Bangalore";"Gold";139;"Restaurant_139";"Mexican"
7001;"19-01-2023";1435.81;2316;"User_2316";"Hyderabad";"Regular";66;"Restaurant_66";"Italian"
7002;"28-05-2023";1009.5;420;"User_420";"Pune";"Regular";212;"Restaurant_212";"Indian"
7003;"13-02-2023";476.74;2775;"User_2775";"Bangalore";"Gold";212;"Restaurant_212";"Indian"
7004;"06-11-2023";1012.59;2566;"User_2566";"Bangalore";"Gold";26;"Restaurant_26";"Chinese"
7005;"10-08-2023";1211.28;295;"User_295";"Pune";"Regular";174;"Restaurant_174";"Mexican"
7006;"17-03-2023";1057.12;2669;"User_2669";"Chennai";"Regular";322;"Restaurant_322";"Italian"
7007;"03-05-2023";1298.23;983;"User_983";"Pune";"Regular";269;"Restaurant_269";"Indian"
7008;"13-07-2023";829.67;589;"User_589";"Pune";"Gold";204;"Restaurant_204";"Mexican"
7009;"13-01-2023";481.78;293;"User_293";"Bangalore";"Gold";66;"Restaurant_66";"Italian"
7010;"29-10-2023";616.56;294;"User_294";"Bangalore";"Regular";400;"Restaurant_400";"Mexican"
7011;"17-04-2023";437.67;2554;"User_2554";"Hyderabad";"Gold";387;"Restaurant_387";"Mexican"
7012;"24-10-2023";866.73;2620;"User_2620";"Pune";"Gold";306;"Restaurant_306";"Chinese"
7013;"21-04-2023";243.13;228;"User_228";"Pune";"Regular";23;"Restaurant_23";"Chinese"
7014;"04-09-2023";467.76;841;"User_841";"Pune";"Gold";127;"Restaurant_127";"Chinese"
7015;"04-02-2023";1087.84;2607;"User_2607";"Hyderabad";"Gold";139;"Restaurant_139";"Mexican"
7016;"25-07-2023";478.84;1476;"User_1476";"Pune";"Gold";167;"Restaurant_167";"Italian"
7017;"03-06-2023";601.28;1776;"User_1776";"Chennai";"Gold";125;"Restaurant_125";"Chinese"
7018;"16-10-2023";696.51;756;"User_756";"Hyderabad";"Gold";45;"Restaurant_45";"Mexican"
7019;"22-07-2023";648.81;1316;"User_1316";"Chennai";"Regular";364;"Restaurant_364";"Mexican"
7020;"30-12-2023";1394.62;2424;"User_2424";"Hyderabad";"Gold";426;"Restaurant_426";"Chinese"
7021;"01-03-2023";956.58;558;"User_558";"Hyderabad";"Regular";99;"Restaurant_99";"Italian"
7022;"25-07-2023";705.06;664;"User_664";"Pune";"Regular";335;"Restaurant_335";"Italian"
7023;"11-07-2023";117.56;516;"User_516";"Hyderabad";"Regular";379;"Restaurant_379";"Mexican"
7024;"07-10-2023";831.98;1901;"User_1901";"Chennai";"Regular";459;"Restaurant_459";"Italian"
7025;"29-10-2023";1115.04;982;"User_982";"Hyderabad";"Regular";472;"Restaurant_472";"Chinese"
7026;"01-06-2023";215.83;1105;"User_1105";"Chennai";"Gold";111;"Restaurant_111";"Mexican"
7027;"16-06-2023";1220.58;1689;"User_1689";"Bangalore";"Regular";296;"Restaurant_296";"Italian"
7028;"12-09-2023";1392.41;504;"User_504";"Bangalore";"Gold";117;"Restaurant_117";"Indian"
7029;"22-06-2023";564.66;252;"User_252";"Pune";"Regular";241;"Restaurant_241";"Chinese"
7030;"09-01-2023";702.21;2592;"User_2592";"Hyderabad";"Regular";494;"Restaurant_494";"Mexican"
7031;"13-06-2023";985.85;1331;"User_1331";"Hyderabad";"Gold";341;"Restaurant_341";"Chinese"
7032;"05-02-2023";427.31;1000;"User_1000";"Pune";"Gold";348;"Restaurant_348";"Italian"
7033;"19-08-2023";363.12;2238;"User_2238";"Chennai";"Gold";499;"Restaurant_499";"Mexican"
7034;"03-02-2023";962.01;952;"User_952";"Chennai";"Gold";420;"Restaurant_420";"Italian"
7035;"07-06-2023";273.41;1774;"User_1774";"Bangalore";"Regular";242;"Restaurant_242";"Mexican"
7036;"01-05-2023";1322.82;1442;"User_1442";"Bangalore";"Gold";97;"Restaurant_97";"Mexican"
7037;"01-11-2023";923.07;2238;"User_2238";"Chennai";"Gold";112;"Restaurant_112";"Chinese"
7038;"05-11-2023";581.8;2389;"User_2389";"Pune";"Regular";470;"Restaurant_470";"Italian"
7039;"20-08-2023";138.74;385;"User_385";"Bangalore";"Gold";273;"Restaurant_273";"Indian"
7040;"04-02-2023";422.47;576;"User_576";"Pune";"Gold";156;"Restaurant_156";"Italian"
7041;"27-04-2023";903.53;2717;"User_2717";"Bangalore";"Regular";67;"Restaurant_67";"Mexican"
7042;"17-03-2023";1273.81;2669;"User_2669";"Chennai";"Regular";471;"Restaurant_471";"Indian"
7043;"03-02-2023";1087.81;1944;"User_1944";"Hyderabad";"Gold";256;"Restaurant_256";"Italian"
7044;"01-09-2023";1152.23;849;"User_849";"Pune";"Regular";416;"Restaurant_416";"Chinese"
7045;"27-03-2023";863.09;1989;"User_1989";"Bangalore";"Regular";52;"Restaurant_52";"Mexican"
7046;"05-08-2023";1408.74;1377;"User_1377";"Pune";"Regular";274;"Restaurant_274";"Mexican"
7047;"01-06-2023";418.59;1430;"User_1430";"Hyderabad";"Regular";466;"Restaurant_466";"Italian"
7048;"01-08-2023";782.76;662;"User_662";"Hyderabad";"Regular";150;"Restaurant_150";"Indian"
7049;"05-12-2023";499.36;2856;"User_2856";"Hyderabad";"Regular";102;"Restaurant_102";"Italian"
7050;"24-07-2023";765.82;449;"User_449";"Pune";"Regular";345;"Restaurant_345";"Chinese"
7051;"23-08-2023";187.22;1451;"User_1451";"Bangalore";"Regular";76;"Restaurant_76";"Italian"
7052;"12-10-2023";744.78;2343;"User_2343";"Bangalore";"Regular";437;"Restaurant_437";"Indian"
7053;"29-09-2023";1457.17;125;"User_125";"Bangalore";"Regular";396;"Restaurant_396";"Mexican"
7054;"18-06-2023";458.44;1117;"User_1117";"Hyderabad";"Regular";384;"Restaurant_384";"Mexican"
7055;"02-07-2023";1477.33;2526;"User_2526";"Pune";"Regular";108;"Restaurant_108";"Chinese"
7056;"06-12-2023";400.05;2181;"User_2181";"Hyderabad";"Regular";377;"Restaurant_377";"Mexican"
7057;"02-03-2023";1308.12;320;"User_320";"Hyderabad";"Gold";454;"Restaurant_454";"Italian"
7058;"15-08-2023";459.7;1501;"User_1501";"Hyderabad";"Regular";133;"Restaurant_133";"Italian"
7059;"03-03-2023";176.95;2720;"User_2720";"Chennai";"Gold";231;"Restaurant_231";"Indian"
7060;"12-03-2023";1196.66;1682;"User_1682";"Pune";"Gold";405;"Restaurant_405";"Indian"
7061;"22-09-2023";1280.4;855;"User_855";"Chennai";"Gold";67;"Restaurant_67";"Mexican"
7062;"14-07-2023";600.15;663;"User_663";"Hyderabad";"Regular";147;"Restaurant_147";"Italian"
7063;"25-03-2023";269.41;2130;"User_2130";"Pune";"Gold";303;"Restaurant_303";"Mexican"
7064;"20-03-2023";650.48;921;"User_921";"Bangalore";"Regular";417;"Restaurant_417";"Mexican"
7065;"07-01-2023";325.37;2541;"User_2541";"Pune";"Regular";476;"Restaurant_476";"Mexican"
7066;"14-07-2023";1197.85;2750;"User_2750";"Chennai";"Gold";350;"Restaurant_350";"Mexican"
7067;"22-07-2023";1295.67;983;"User_983";"Pune";"Regular";479;"Restaurant_479";"Indian"
7068;"06-09-2023";279.85;2499;"User_2499";"Chennai";"Regular";281;"Restaurant_281";"Italian"
7069;"11-10-2023";419.39;1221;"User_1221";"Bangalore";"Regular";446;"Restaurant_446";"Indian"
7070;"24-01-2023";967.01;110;"User_110";"Hyderabad";"Gold";423;"Restaurant_423";"Indian"
7071;"17-08-2023";589.21;2303;"User_2303";"Pune";"Gold";50;"Restaurant_50";"Mexican"
7072;"19-05-2023";1288.14;167;"User_167";"Bangalore";"Gold";161;"Restaurant_161";"Mexican"
7073;"07-04-2023";361.11;2716;"User_2716";"Pune";"Regular";103;"Restaurant_103";"Mexican"
7074;"23-05-2023";1430.9;46;"User_46";"Bangalore";"Regular";482;"Restaurant_482";"Chinese"
7075;"21-06-2023";1019.62;147;"User_147";"Hyderabad";"Gold";216;"Restaurant_216";"Italian"
7076;"26-01-2023";946.9;269;"User_269";"Bangalore";"Gold";365;"Restaurant_365";"Italian"
7077;"06-03-2023";1265.37;944;"User_944";"Bangalore";"Regular";80;"Restaurant_80";"Italian"
7078;"08-05-2023";1285.27;1064;"User_1064";"Pune";"Regular";431;"Restaurant_431";"Mexican"
7079;"28-05-2023";994.42;859;"User_859";"Hyderabad";"Gold";153;"Restaurant_153";"Italian"
7080;"06-03-2023";1346.19;1514;"User_1514";"Pune";"Gold";293;"Restaurant_293";"Italian"
7081;"30-11-2023";276.04;356;"User_356";"Pune";"Gold";103;"Restaurant_103";"Mexican"
7082;"14-09-2023";1016.59;1298;"User_1298";"Chennai";"Gold";471;"Restaurant_471";"Indian"
7083;"05-11-2023";1363.65;2034;"User_2034";"Pune";"Gold";145;"Restaurant_145";"Italian"
7084;"12-12-2023";344.32;1683;"User_1683";"Chennai";"Gold";460;"Restaurant_460";"Chinese"
7085;"06-11-2023";854.71;1783;"User_1783";"Hyderabad";"Regular";321;"Restaurant_321";"Chinese"
7086;"16-05-2023";638.15;732;"User_732";"Bangalore";"Regular";140;"Restaurant_140";"Italian"
7087;"02-06-2023";1385.69;705;"User_705";"Bangalore";"Regular";377;"Restaurant_377";"Mexican"
7088;"05-12-2023";1144.28;965;"User_965";"Chennai";"Gold";14;"Restaurant_14";"Indian"
7089;"27-10-2023";924.95;2622;"User_2622";"Pune";"Regular";366;"Restaurant_366";"Indian"
7090;"14-12-2023";1044.24;314;"User_314";"Pune";"Regular";488;"Restaurant_488";"Chinese"
7091;"05-03-2023";1335.63;2269;"User_2269";"Hyderabad";"Regular";61;"Restaurant_61";"Italian"
7092;"19-04-2023";914.57;2982;"User_2982";"Chennai";"Gold";330;"Restaurant_330";"Italian"
7093;"28-10-2023";291.51;998;"User_998";"Bangalore";"Regular";9;"Restaurant_9";"Italian"
7094;"18-11-2023";1330.28;264;"User_264";"Pune";"Regular";448;"Restaurant_448";"Mexican"
7095;"28-12-2023";1297.09;1719;"User_1719";"Pune";"Gold";181;"Restaurant_181";"Indian"
7096;"21-03-2023";793.31;661;"User_661";"Bangalore";"Regular";419;"Restaurant_419";"Chinese"
7097;"10-04-2023";217.59;2379;"User_2379";"Chennai";"Regular";395;"Restaurant_395";"Mexican"
7098;"09-11-2023";510.73;2732;"User_2732";"Hyderabad";"Regular";258;"Restaurant_258";"Indian"
7099;"16-12-2023";647.95;2346;"User_2346";"Hyderabad";"Regular";66;"Restaurant_66";"Italian"
7100;"15-12-2023";522.31;2060;"User_2060";"Pune";"Regular";250;"Restaurant_250";"Mexican"
7101;"06-05-2023";798.45;975;"User_975";"Pune";"Regular";464;"Restaurant_464";"Italian"
7102;"01-08-2023";1002.4;1933;"User_1933";"Hyderabad";"Regular";42;"Restaurant_42";"Chinese"
7103;"24-01-2023";702.75;2267;"User_2267";"Pune";"Regular";158;"Restaurant_158";"Indian"
7104;"01-05-2023";1470.91;882;"User_882";"Pune";"Gold";384;"Restaurant_384";"Mexican"
7105;"19-11-2023";1131.42;2323;"User_2323";"Bangalore";"Gold";392;"Restaurant_392";"Italian"
7106;"11-10-2023";745.2;2169;"User_2169";"Bangalore";"Regular";39;"Restaurant_39";"Indian"
7107;"08-03-2023";344.25;2929;"User_2929";"Bangalore";"Regular";290;"Restaurant_290";"Chinese"
7108;"01-08-2023";682.65;1349;"User_1349";"Chennai";"Regular";484;"Restaurant_484";"Mexican"
7109;"29-07-2023";359.91;1024;"User_1024";"Chennai";"Gold";375;"Restaurant_375";"Chinese"
7110;"08-02-2023";1085.63;2934;"User_2934";"Hyderabad";"Gold";43;"Restaurant_43";"Chinese"
7111;"15-11-2023";1445.06;1239;"User_1239";"Bangalore";"Regular";191;"Restaurant_191";"Indian"
7112;"23-07-2023";1145.04;1692;"User_1692";"Hyderabad";"Regular";267;"Restaurant_267";"Chinese"
7113;"10-12-2023";1208.94;1946;"User_1946";"Pune";"Regular";209;"Restaurant_209";"Indian"
7114;"04-07-2023";867.68;992;"User_992";"Bangalore";"Gold";90;"Restaurant_90";"Italian"
7115;"23-07-2023";956.22;1193;"User_1193";"Pune";"Regular";393;"Restaurant_393";"Italian"
7116;"20-07-2023";987.94;1552;"User_1552";"Hyderabad";"Gold";361;"Restaurant_361";"Indian"
7117;"27-11-2023";492.39;1077;"User_1077";"Chennai";"Regular";149;"Restaurant_149";"Mexican"
7118;"31-07-2023";580.94;1582;"User_1582";"Hyderabad";"Regular";461;"Restaurant_461";"Italian"
7119;"05-08-2023";789.49;2042;"User_2042";"Pune";"Regular";496;"Restaurant_496";"Indian"
7120;"31-01-2023";628.07;2912;"User_2912";"Hyderabad";"Gold";99;"Restaurant_99";"Italian"
7121;"30-05-2023";155.6;609;"User_609";"Bangalore";"Gold";304;"Restaurant_304";"Italian"
7122;"23-01-2023";620.96;2755;"User_2755";"Pune";"Regular";169;"Restaurant_169";"Italian"
7123;"06-01-2023";122.09;1594;"User_1594";"Bangalore";"Regular";232;"Restaurant_232";"Mexican"
7124;"10-05-2023";1225.78;1174;"User_1174";"Pune";"Regular";10;"Restaurant_10";"Chinese"
7125;"03-01-2023";204.68;1568;"User_1568";"Hyderabad";"Gold";470;"Restaurant_470";"Italian"
7126;"17-07-2023";767.7;572;"User_572";"Chennai";"Gold";388;"Restaurant_388";"Indian"
7127;"17-01-2023";770.48;1246;"User_1246";"Chennai";"Gold";134;"Restaurant_134";"Mexican"
7128;"13-07-2023";366.55;792;"User_792";"Chennai";"Gold";464;"Restaurant_464";"Italian"
7129;"08-12-2023";242.45;181;"User_181";"Hyderabad";"Regular";495;"Restaurant_495";"Italian"
7130;"27-06-2023";192.14;1095;"User_1095";"Pune";"Regular";18;"Restaurant_18";"Italian"
7131;"15-03-2023";1101.27;1657;"User_1657";"Hyderabad";"Gold";438;"Restaurant_438";"Italian"
7132;"30-07-2023";1327.43;2133;"User_2133";"Pune";"Regular";135;"Restaurant_135";"Indian"
7133;"16-04-2023";1221.07;1627;"User_1627";"Pune";"Regular";153;"Restaurant_153";"Italian"
7134;"03-11-2023";884.37;994;"User_994";"Bangalore";"Regular";141;"Restaurant_141";"Mexican"
7135;"23-08-2023";1254.63;2802;"User_2802";"Hyderabad";"Gold";56;"Restaurant_56";"Italian"
7136;"29-09-2023";1350.6;1636;"User_1636";"Bangalore";"Regular";323;"Restaurant_323";"Mexican"
7137;"02-09-2023";1349.4;660;"User_660";"Chennai";"Gold";177;"Restaurant_177";"Indian"
7138;"13-03-2023";548.23;867;"User_867";"Bangalore";"Regular";6;"Restaurant_6";"Chinese"
7139;"21-10-2023";1044.94;652;"User_652";"Bangalore";"Regular";187;"Restaurant_187";"Chinese"
7140;"26-04-2023";1330.41;2614;"User_2614";"Pune";"Gold";31;"Restaurant_31";"Mexican"
7141;"01-07-2023";897.85;1767;"User_1767";"Bangalore";"Regular";55;"Restaurant_55";"Indian"
7142;"01-10-2023";1489.12;358;"User_358";"Bangalore";"Gold";428;"Restaurant_428";"Mexican"
7143;"08-08-2023";1295.85;418;"User_418";"Bangalore";"Regular";317;"Restaurant_317";"Mexican"
7144;"27-08-2023";269.34;2330;"User_2330";"Hyderabad";"Regular";182;"Restaurant_182";"Mexican"
7145;"26-05-2023";141.37;809;"User_809";"Pune";"Gold";326;"Restaurant_326";"Italian"
7146;"08-11-2023";369.07;575;"User_575";"Bangalore";"Gold";74;"Restaurant_74";"Chinese"
7147;"01-10-2023";213.6;2276;"User_2276";"Hyderabad";"Regular";4;"Restaurant_4";"Chinese"
7148;"05-07-2023";584.48;2208;"User_2208";"Chennai";"Gold";476;"Restaurant_476";"Mexican"
7149;"04-06-2023";1437.61;1483;"User_1483";"Chennai";"Gold";8;"Restaurant_8";"Indian"
7150;"15-12-2023";667.12;2885;"User_2885";"Hyderabad";"Gold";128;"Restaurant_128";"Indian"
7151;"17-11-2023";333.97;2383;"User_2383";"Chennai";"Gold";233;"Restaurant_233";"Italian"
7152;"09-07-2023";1448.12;655;"User_655";"Bangalore";"Gold";176;"Restaurant_176";"Italian"
7153;"04-08-2023";471.45;2724;"User_2724";"Chennai";"Gold";94;"Restaurant_94";"Chinese"
7154;"27-04-2023";1343.37;2962;"User_2962";"Chennai";"Gold";348;"Restaurant_348";"Italian"
7155;"27-12-2023";1372.73;618;"User_618";"Chennai";"Regular";141;"Restaurant_141";"Mexican"
7156;"04-01-2023";1401.45;189;"User_189";"Bangalore";"Gold";253;"Restaurant_253";"Italian"
7157;"10-07-2023";742.57;2899;"User_2899";"Bangalore";"Regular";437;"Restaurant_437";"Indian"
7158;"26-06-2023";1061.24;876;"User_876";"Hyderabad";"Regular";320;"Restaurant_320";"Italian"
7159;"15-04-2023";1418.59;1829;"User_1829";"Pune";"Gold";66;"Restaurant_66";"Italian"
7160;"29-10-2023";1167.83;2589;"User_2589";"Bangalore";"Gold";207;"Restaurant_207";"Italian"
7161;"10-10-2023";1020.11;268;"User_268";"Hyderabad";"Gold";418;"Restaurant_418";"Chinese"
7162;"14-01-2023";299.41;1869;"User_1869";"Pune";"Regular";80;"Restaurant_80";"Italian"
7163;"27-12-2023";1416.47;501;"User_501";"Bangalore";"Gold";395;"Restaurant_395";"Mexican"
7164;"20-10-2023";730.01;2504;"User_2504";"Hyderabad";"Regular";347;"Restaurant_347";"Chinese"
7165;"18-02-2023";1367.26;2655;"User_2655";"Bangalore";"Regular";462;"Restaurant_462";"Italian"
7166;"25-06-2023";483.63;249;"User_249";"Hyderabad";"Gold";328;"Restaurant_328";"Mexican"
7167;"16-01-2023";1197.7;1669;"User_1669";"Hyderabad";"Regular";250;"Restaurant_250";"Mexican"
7168;"05-05-2023";540.72;1313;"User_1313";"Bangalore";"Regular";136;"Restaurant_136";"Indian"
7169;"12-10-2023";905.08;1346;"User_1346";"Pune";"Regular";403;"Restaurant_403";"Indian"
7170;"01-02-2023";1423.68;1605;"User_1605";"Bangalore";"Regular";176;"Restaurant_176";"Italian"
7171;"31-05-2023";1029.26;2396;"User_2396";"Chennai";"Gold";240;"Restaurant_240";"Indian"
7172;"27-04-2023";597.07;1616;"User_1616";"Hyderabad";"Gold";490;"Restaurant_490";"Italian"
7173;"08-08-2023";1021.96;1157;"User_1157";"Pune";"Gold";233;"Restaurant_233";"Italian"
7174;"18-11-2023";957.47;2667;"User_2667";"Pune";"Gold";220;"Restaurant_220";"Mexican"
7175;"02-04-2023";441.73;361;"User_361";"Pune";"Gold";92;"Restaurant_92";"Mexican"
7176;"13-12-2023";1081.52;1394;"User_1394";"Bangalore";"Gold";368;"Restaurant_368";"Indian"
7177;"13-11-2023";670.67;2;"User_2";"Pune";"Gold";93;"Restaurant_93";"Chinese"
7178;"06-07-2023";1229.05;1009;"User_1009";"Pune";"Regular";40;"Restaurant_40";"Indian"
7179;"06-07-2023";870.26;2579;"User_2579";"Bangalore";"Gold";219;"Restaurant_219";"Mexican"
7180;"16-04-2023";306.56;1320;"User_1320";"Hyderabad";"Regular";442;"Restaurant_442";"Italian"
7181;"16-01-2023";1124.45;2889;"User_2889";"Chennai";"Gold";129;"Restaurant_129";"Indian"
7182;"30-01-2023";638.67;827;"User_827";"Chennai";"Gold";344;"Restaurant_344";"Indian"
7183;"05-05-2023";516.95;2169;"User_2169";"Bangalore";"Regular";418;"Restaurant_418";"Chinese"
7184;"03-02-2023";125.4;363;"User_363";"Pune";"Regular";287;"Restaurant_287";"Chinese"
7185;"30-07-2023";192.99;409;"User_409";"Chennai";"Regular";366;"Restaurant_366";"Indian"
7186;"05-03-2023";496.65;1577;"User_1577";"Chennai";"Gold";472;"Restaurant_472";"Chinese"
7187;"08-07-2023";1025.52;1612;"User_1612";"Chennai";"Gold";416;"Restaurant_416";"Chinese"
7188;"06-08-2023";1346.22;645;"User_645";"Hyderabad";"Gold";37;"Restaurant_37";"Mexican"
7189;"04-04-2023";1042.16;77;"User_77";"Pune";"Regular";448;"Restaurant_448";"Mexican"
7190;"10-07-2023";864.95;2767;"User_2767";"Hyderabad";"Regular";254;"Restaurant_254";"Indian"
7191;"01-12-2023";931.34;1793;"User_1793";"Chennai";"Gold";231;"Restaurant_231";"Indian"
7192;"02-08-2023";979.33;2478;"User_2478";"Chennai";"Gold";250;"Restaurant_250";"Mexican"
7193;"18-01-2023";1078.79;2456;"User_2456";"Bangalore";"Gold";104;"Restaurant_104";"Chinese"
7194;"10-05-2023";955.18;471;"User_471";"Hyderabad";"Gold";112;"Restaurant_112";"Chinese"
7195;"11-04-2023";1044.22;1303;"User_1303";"Chennai";"Gold";263;"Restaurant_263";"Indian"
7196;"26-03-2023";1429.33;933;"User_933";"Hyderabad";"Regular";33;"Restaurant_33";"Italian"
7197;"02-10-2023";819.32;2714;"User_2714";"Chennai";"Regular";409;"Restaurant_409";"Mexican"
7198;"21-10-2023";352.53;1600;"User_1600";"Chennai";"Regular";333;"Restaurant_333";"Chinese"
7199;"30-10-2023";125.55;1814;"User_1814";"Chennai";"Regular";415;"Restaurant_415";"Indian"
7200;"02-12-2023";296.24;199;"User_199";"Pune";"Gold";305;"Restaurant_305";"Indian"
7201;"20-12-2023";610.43;463;"User_463";"Pune";"Regular";209;"Restaurant_209";"Indian"
7202;"14-02-2023";755.41;117;"User_117";"Pune";"Regular";409;"Restaurant_409";"Mexican"
7203;"26-11-2023";1291.56;1147;"User_1147";"Hyderabad";"Regular";368;"Restaurant_368";"Indian"
7204;"14-07-2023";942.27;754;"User_754";"Pune";"Regular";19;"Restaurant_19";"Indian"
7205;"09-02-2023";1035.57;1372;"User_1372";"Chennai";"Gold";281;"Restaurant_281";"Italian"
7206;"10-11-2023";564.51;296;"User_296";"Chennai";"Regular";170;"Restaurant_170";"Mexican"
7207;"17-06-2023";455.74;441;"User_441";"Hyderabad";"Gold";383;"Restaurant_383";"Indian"
7208;"19-12-2023";585.29;1973;"User_1973";"Bangalore";"Regular";226;"Restaurant_226";"Indian"
7209;"18-08-2023";950.53;2207;"User_2207";"Chennai";"Gold";402;"Restaurant_402";"Mexican"
7210;"25-01-2023";736.93;1348;"User_1348";"Hyderabad";"Regular";379;"Restaurant_379";"Mexican"
7211;"21-02-2023";653.45;1753;"User_1753";"Hyderabad";"Gold";343;"Restaurant_343";"Mexican"
7212;"13-06-2023";165.1;982;"User_982";"Hyderabad";"Regular";218;"Restaurant_218";"Indian"
7213;"02-03-2023";352.26;815;"User_815";"Chennai";"Gold";270;"Restaurant_270";"Mexican"
7214;"06-07-2023";935.79;2940;"User_2940";"Chennai";"Regular";126;"Restaurant_126";"Italian"
7215;"13-12-2023";1118.66;1616;"User_1616";"Hyderabad";"Gold";343;"Restaurant_343";"Mexican"
7216;"04-06-2023";1367.72;9;"User_9";"Bangalore";"Gold";262;"Restaurant_262";"Chinese"
7217;"18-03-2023";743.96;2348;"User_2348";"Chennai";"Regular";97;"Restaurant_97";"Mexican"
7218;"18-11-2023";381.07;457;"User_457";"Chennai";"Regular";110;"Restaurant_110";"Mexican"
7219;"28-08-2023";109.97;1228;"User_1228";"Bangalore";"Regular";199;"Restaurant_199";"Italian"
7220;"06-04-2023";328.54;878;"User_878";"Chennai";"Regular";317;"Restaurant_317";"Mexican"
7221;"10-02-2023";319.99;451;"User_451";"Hyderabad";"Regular";200;"Restaurant_200";"Chinese"
7222;"24-06-2023";903.67;1464;"User_1464";"Bangalore";"Regular";440;"Restaurant_440";"Mexican"
7223;"02-03-2023";497.16;186;"User_186";"Chennai";"Regular";211;"Restaurant_211";"Chinese"
7224;"24-07-2023";1322.12;1359;"User_1359";"Chennai";"Regular";375;"Restaurant_375";"Chinese"
7225;"09-09-2023";840.88;2415;"User_2415";"Pune";"Regular";175;"Restaurant_175";"Chinese"
7226;"15-07-2023";583.55;2320;"User_2320";"Hyderabad";"Gold";474;"Restaurant_474";"Mexican"
7227;"15-07-2023";191.32;408;"User_408";"Chennai";"Gold";356;"Restaurant_356";"Indian"
7228;"23-06-2023";772.48;1072;"User_1072";"Bangalore";"Regular";449;"Restaurant_449";"Indian"
7229;"05-10-2023";1453.34;1007;"User_1007";"Bangalore";"Gold";418;"Restaurant_418";"Chinese"
7230;"05-11-2023";1377.1;1808;"User_1808";"Bangalore";"Gold";250;"Restaurant_250";"Mexican"
7231;"14-08-2023";649.51;222;"User_222";"Chennai";"Gold";298;"Restaurant_298";"Mexican"
7232;"14-01-2023";1483.02;2992;"User_2992";"Bangalore";"Regular";437;"Restaurant_437";"Indian"
7233;"16-04-2023";618.73;1864;"User_1864";"Bangalore";"Regular";296;"Restaurant_296";"Italian"
7234;"18-02-2023";925.61;120;"User_120";"Chennai";"Regular";352;"Restaurant_352";"Italian"
7235;"23-05-2023";359.74;162;"User_162";"Bangalore";"Gold";491;"Restaurant_491";"Chinese"
7236;"30-05-2023";118.49;955;"User_955";"Pune";"Regular";112;"Restaurant_112";"Chinese"
7237;"14-05-2023";698.73;2244;"User_2244";"Hyderabad";"Gold";124;"Restaurant_124";"Mexican"
7238;"18-10-2023";708.88;2728;"User_2728";"Pune";"Regular";141;"Restaurant_141";"Mexican"
7239;"16-12-2023";1289.77;1174;"User_1174";"Pune";"Regular";59;"Restaurant_59";"Chinese"
7240;"09-01-2023";790.49;1459;"User_1459";"Hyderabad";"Gold";411;"Restaurant_411";"Indian"
7241;"18-10-2023";946.57;2202;"User_2202";"Bangalore";"Gold";55;"Restaurant_55";"Indian"
7242;"20-04-2023";248.92;1488;"User_1488";"Hyderabad";"Gold";101;"Restaurant_101";"Mexican"
7243;"12-02-2023";966.96;1171;"User_1171";"Bangalore";"Regular";381;"Restaurant_381";"Italian"
7244;"13-12-2023";1262.61;1535;"User_1535";"Chennai";"Regular";307;"Restaurant_307";"Mexican"
7245;"16-02-2023";709.8;1115;"User_1115";"Chennai";"Regular";302;"Restaurant_302";"Mexican"
7246;"12-10-2023";1013.51;1642;"User_1642";"Bangalore";"Gold";268;"Restaurant_268";"Indian"
7247;"20-06-2023";939.87;634;"User_634";"Hyderabad";"Regular";484;"Restaurant_484";"Mexican"
7248;"31-01-2023";100.47;1634;"User_1634";"Pune";"Gold";296;"Restaurant_296";"Italian"
7249;"29-12-2023";903.51;2166;"User_2166";"Chennai";"Gold";10;"Restaurant_10";"Chinese"
7250;"30-09-2023";507.57;1866;"User_1866";"Bangalore";"Gold";75;"Restaurant_75";"Chinese"
7251;"25-01-2023";1079.14;1363;"User_1363";"Bangalore";"Gold";376;"Restaurant_376";"Indian"
7252;"13-04-2023";546.08;959;"User_959";"Chennai";"Gold";17;"Restaurant_17";"Indian"
7253;"02-06-2023";744.41;1218;"User_1218";"Hyderabad";"Gold";339;"Restaurant_339";"Indian"
7254;"09-08-2023";1084.17;140;"User_140";"Chennai";"Regular";487;"Restaurant_487";"Chinese"
7255;"12-03-2023";817.89;1217;"User_1217";"Chennai";"Gold";47;"Restaurant_47";"Indian"
7256;"14-01-2023";962.88;1800;"User_1800";"Bangalore";"Regular";394;"Restaurant_394";"Mexican"
7257;"08-02-2023";592.28;2941;"User_2941";"Bangalore";"Regular";243;"Restaurant_243";"Chinese"
7258;"04-06-2023";1406.12;582;"User_582";"Chennai";"Gold";470;"Restaurant_470";"Italian"
7259;"30-05-2023";1376.24;1832;"User_1832";"Chennai";"Gold";483;"Restaurant_483";"Chinese"
7260;"15-03-2023";197.02;166;"User_166";"Hyderabad";"Regular";429;"Restaurant_429";"Chinese"
7261;"18-03-2023";112.26;2398;"User_2398";"Bangalore";"Gold";397;"Restaurant_397";"Indian"
7262;"01-04-2023";757.35;359;"User_359";"Chennai";"Regular";378;"Restaurant_378";"Italian"
7263;"05-04-2023";111.98;51;"User_51";"Hyderabad";"Regular";206;"Restaurant_206";"Mexican"
7264;"12-06-2023";292.97;256;"User_256";"Bangalore";"Regular";4;"Restaurant_4";"Chinese"
7265;"14-03-2023";765.98;1612;"User_1612";"Chennai";"Gold";442;"Restaurant_442";"Italian"
7266;"07-12-2023";248.96;2096;"User_2096";"Pune";"Regular";389;"Restaurant_389";"Italian"
7267;"30-05-2023";678.8;81;"User_81";"Chennai";"Regular";475;"Restaurant_475";"Italian"
7268;"24-08-2023";1204.94;748;"User_748";"Pune";"Regular";424;"Restaurant_424";"Indian"
7269;"16-04-2023";738.58;1144;"User_1144";"Chennai";"Gold";216;"Restaurant_216";"Italian"
7270;"15-12-2023";706.17;1060;"User_1060";"Chennai";"Gold";305;"Restaurant_305";"Indian"
7271;"31-12-2023";1269.29;728;"User_728";"Hyderabad";"Gold";357;"Restaurant_357";"Italian"
7272;"21-05-2023";1069.18;905;"User_905";"Bangalore";"Regular";315;"Restaurant_315";"Mexican"
7273;"24-01-2023";1238.12;1238;"User_1238";"Chennai";"Regular";28;"Restaurant_28";"Chinese"
7274;"25-10-2023";222.72;1379;"User_1379";"Chennai";"Regular";298;"Restaurant_298";"Mexican"
7275;"21-10-2023";1467.98;2176;"User_2176";"Pune";"Regular";373;"Restaurant_373";"Indian"
7276;"02-07-2023";426.15;1022;"User_1022";"Bangalore";"Regular";355;"Restaurant_355";"Indian"
7277;"31-03-2023";1274.06;1273;"User_1273";"Chennai";"Regular";218;"Restaurant_218";"Indian"
7278;"08-09-2023";475.04;2993;"User_2993";"Chennai";"Gold";222;"Restaurant_222";"Italian"
7279;"26-02-2023";382.55;896;"User_896";"Chennai";"Gold";1;"Restaurant_1";"Chinese"
7280;"25-08-2023";1063.36;1159;"User_1159";"Hyderabad";"Regular";182;"Restaurant_182";"Mexican"
7281;"15-08-2023";1337.34;2590;"User_2590";"Bangalore";"Regular";138;"Restaurant_138";"Indian"
7282;"22-03-2023";145.51;1289;"User_1289";"Chennai";"Gold";90;"Restaurant_90";"Italian"
7283;"31-08-2023";474.37;1021;"User_1021";"Bangalore";"Regular";181;"Restaurant_181";"Indian"
7284;"11-12-2023";525.58;2386;"User_2386";"Chennai";"Gold";290;"Restaurant_290";"Chinese"
7285;"18-12-2023";1345.76;2859;"User_2859";"Hyderabad";"Regular";103;"Restaurant_103";"Mexican"
7286;"19-05-2023";763.33;285;"User_285";"Hyderabad";"Regular";354;"Restaurant_354";"Indian"
7287;"08-10-2023";215.4;477;"User_477";"Pune";"Gold";146;"Restaurant_146";"Indian"
7288;"23-03-2023";133.56;1626;"User_1626";"Chennai";"Gold";482;"Restaurant_482";"Chinese"
7289;"28-01-2023";1011.16;2615;"User_2615";"Bangalore";"Regular";356;"Restaurant_356";"Indian"
7290;"14-03-2023";1111.32;358;"User_358";"Bangalore";"Gold";116;"Restaurant_116";"Chinese"
7291;"12-04-2023";508.92;1135;"User_1135";"Bangalore";"Regular";466;"Restaurant_466";"Italian"
7292;"08-05-2023";680.68;2559;"User_2559";"Bangalore";"Regular";344;"Restaurant_344";"Indian"
7293;"25-05-2023";541.07;1757;"User_1757";"Chennai";"Gold";258;"Restaurant_258";"Indian"
7294;"03-03-2023";1016.47;600;"User_600";"Chennai";"Gold";494;"Restaurant_494";"Mexican"
7295;"09-01-2023";175.55;2985;"User_2985";"Hyderabad";"Regular";91;"Restaurant_91";"Italian"
7296;"03-06-2023";543.29;50;"User_50";"Hyderabad";"Regular";144;"Restaurant_144";"Chinese"
7297;"07-09-2023";1480.11;2033;"User_2033";"Chennai";"Gold";346;"Restaurant_346";"Indian"
7298;"30-06-2023";449.42;348;"User_348";"Pune";"Gold";347;"Restaurant_347";"Chinese"
7299;"14-04-2023";1028.94;1162;"User_1162";"Bangalore";"Gold";445;"Restaurant_445";"Indian"
7300;"24-05-2023";1116.64;1303;"User_1303";"Chennai";"Gold";97;"Restaurant_97";"Mexican"
7301;"01-04-2023";374.97;242;"User_242";"Chennai";"Regular";49;"Restaurant_49";"Italian"
7302;"20-04-2023";780.95;2551;"User_2551";"Pune";"Gold";288;"Restaurant_288";"Mexican"
7303;"05-09-2023";589.98;1713;"User_1713";"Pune";"Gold";494;"Restaurant_494";"Mexican"
7304;"22-04-2023";1428.03;1851;"User_1851";"Bangalore";"Gold";362;"Restaurant_362";"Indian"
7305;"02-04-2023";160.06;671;"User_671";"Chennai";"Regular";497;"Restaurant_497";"Mexican"
7306;"03-02-2023";1018.92;2917;"User_2917";"Bangalore";"Gold";484;"Restaurant_484";"Mexican"
7307;"02-02-2023";970.46;1957;"User_1957";"Bangalore";"Gold";287;"Restaurant_287";"Chinese"
7308;"30-11-2023";520.9;2780;"User_2780";"Bangalore";"Regular";6;"Restaurant_6";"Chinese"
7309;"16-03-2023";1457.63;467;"User_467";"Chennai";"Regular";262;"Restaurant_262";"Chinese"
7310;"22-10-2023";457.91;2947;"User_2947";"Pune";"Regular";479;"Restaurant_479";"Indian"
7311;"24-12-2023";475.63;1403;"User_1403";"Hyderabad";"Gold";189;"Restaurant_189";"Indian"
7312;"05-08-2023";978.93;1787;"User_1787";"Bangalore";"Regular";78;"Restaurant_78";"Indian"
7313;"15-04-2023";568.58;2586;"User_2586";"Hyderabad";"Regular";161;"Restaurant_161";"Mexican"
7314;"21-02-2023";1392.16;2546;"User_2546";"Chennai";"Gold";215;"Restaurant_215";"Mexican"
7315;"11-08-2023";892.93;2449;"User_2449";"Pune";"Gold";69;"Restaurant_69";"Chinese"
7316;"21-12-2023";712.89;2947;"User_2947";"Pune";"Regular";62;"Restaurant_62";"Indian"
7317;"07-03-2023";773.94;2263;"User_2263";"Hyderabad";"Gold";257;"Restaurant_257";"Italian"
7318;"20-10-2023";629.41;2808;"User_2808";"Hyderabad";"Regular";289;"Restaurant_289";"Italian"
7319;"24-03-2023";1324.01;746;"User_746";"Bangalore";"Regular";190;"Restaurant_190";"Chinese"
7320;"25-09-2023";779.04;987;"User_987";"Bangalore";"Regular";29;"Restaurant_29";"Italian"
7321;"24-02-2023";571.7;1337;"User_1337";"Bangalore";"Regular";195;"Restaurant_195";"Indian"
7322;"29-12-2023";265.01;89;"User_89";"Chennai";"Regular";316;"Restaurant_316";"Chinese"
7323;"01-05-2023";178.45;2188;"User_2188";"Bangalore";"Regular";429;"Restaurant_429";"Chinese"
7324;"04-02-2023";1493.47;2633;"User_2633";"Hyderabad";"Gold";195;"Restaurant_195";"Indian"
7325;"11-11-2023";1110.62;524;"User_524";"Chennai";"Regular";243;"Restaurant_243";"Chinese"
7326;"19-07-2023";1026.0;1022;"User_1022";"Bangalore";"Regular";199;"Restaurant_199";"Italian"
7327;"06-12-2023";507.88;1845;"User_1845";"Hyderabad";"Regular";48;"Restaurant_48";"Mexican"
7328;"23-05-2023";179.55;1061;"User_1061";"Bangalore";"Gold";441;"Restaurant_441";"Indian"
7329;"26-07-2023";637.93;2164;"User_2164";"Chennai";"Gold";22;"Restaurant_22";"Chinese"
7330;"07-10-2023";843.29;1549;"User_1549";"Pune";"Regular";249;"Restaurant_249";"Italian"
7331;"23-11-2023";649.34;2132;"User_2132";"Bangalore";"Gold";67;"Restaurant_67";"Mexican"
7332;"04-03-2023";328.82;2276;"User_2276";"Hyderabad";"Regular";341;"Restaurant_341";"Chinese"
7333;"21-12-2023";515.76;1017;"User_1017";"Bangalore";"Regular";355;"Restaurant_355";"Indian"
7334;"13-06-2023";427.94;496;"User_496";"Chennai";"Regular";332;"Restaurant_332";"Chinese"
7335;"11-11-2023";1217.88;1093;"User_1093";"Pune";"Regular";494;"Restaurant_494";"Mexican"
7336;"13-09-2023";245.77;1379;"User_1379";"Chennai";"Regular";340;"Restaurant_340";"Chinese"
7337;"14-03-2023";1119.57;1875;"User_1875";"Chennai";"Gold";34;"Restaurant_34";"Chinese"
7338;"26-03-2023";112.07;2751;"User_2751";"Bangalore";"Gold";444;"Restaurant_444";"Chinese"
7339;"05-06-2023";675.07;2954;"User_2954";"Chennai";"Gold";462;"Restaurant_462";"Italian"
7340;"06-03-2023";555.39;1372;"User_1372";"Chennai";"Gold";74;"Restaurant_74";"Chinese"
7341;"07-02-2023";565.74;1326;"User_1326";"Chennai";"Regular";6;"Restaurant_6";"Chinese"
7342;"01-01-2023";608.82;467;"User_467";"Chennai";"Regular";429;"Restaurant_429";"Chinese"
7343;"30-06-2023";728.98;2763;"User_2763";"Bangalore";"Regular";473;"Restaurant_473";"Italian"
7344;"31-10-2023";465.35;2470;"User_2470";"Hyderabad";"Regular";39;"Restaurant_39";"Indian"
7345;"09-08-2023";885.56;2087;"User_2087";"Bangalore";"Regular";112;"Restaurant_112";"Chinese"
7346;"14-06-2023";237.94;2935;"User_2935";"Hyderabad";"Gold";47;"Restaurant_47";"Indian"
7347;"11-02-2023";1074.8;2720;"User_2720";"Chennai";"Gold";361;"Restaurant_361";"Indian"
7348;"02-01-2023";977.92;1627;"User_1627";"Pune";"Regular";309;"Restaurant_309";"Indian"
7349;"26-05-2023";1280.83;2620;"User_2620";"Pune";"Gold";300;"Restaurant_300";"Italian"
7350;"04-04-2023";1122.16;2707;"User_2707";"Bangalore";"Gold";224;"Restaurant_224";"Chinese"
7351;"21-01-2023";926.78;1340;"User_1340";"Bangalore";"Gold";27;"Restaurant_27";"Italian"
7352;"23-02-2023";1431.55;1733;"User_1733";"Pune";"Regular";45;"Restaurant_45";"Mexican"
7353;"26-01-2023";547.61;1676;"User_1676";"Bangalore";"Gold";322;"Restaurant_322";"Italian"
7354;"03-09-2023";1305.45;2469;"User_2469";"Bangalore";"Gold";23;"Restaurant_23";"Chinese"
7355;"08-02-2023";1210.98;665;"User_665";"Pune";"Gold";165;"Restaurant_165";"Mexican"
7356;"28-10-2023";1347.38;1460;"User_1460";"Hyderabad";"Regular";218;"Restaurant_218";"Indian"
7357;"13-05-2023";1063.22;1084;"User_1084";"Bangalore";"Gold";56;"Restaurant_56";"Italian"
7358;"18-02-2023";1376.61;886;"User_886";"Bangalore";"Regular";287;"Restaurant_287";"Chinese"
7359;"06-11-2023";823.28;528;"User_528";"Bangalore";"Regular";20;"Restaurant_20";"Indian"
7360;"02-05-2023";572.94;1142;"User_1142";"Pune";"Regular";317;"Restaurant_317";"Mexican"
7361;"15-11-2023";841.96;117;"User_117";"Pune";"Regular";61;"Restaurant_61";"Italian"
7362;"01-12-2023";547.28;543;"User_543";"Pune";"Regular";475;"Restaurant_475";"Italian"
7363;"13-02-2023";457.28;2351;"User_2351";"Bangalore";"Gold";421;"Restaurant_421";"Indian"
7364;"29-11-2023";399.02;2935;"User_2935";"Hyderabad";"Gold";324;"Restaurant_324";"Mexican"
7365;"24-07-2023";600.85;780;"User_780";"Bangalore";"Gold";52;"Restaurant_52";"Mexican"
7366;"04-11-2023";1397.3;2877;"User_2877";"Chennai";"Gold";434;"Restaurant_434";"Italian"
7367;"13-12-2023";1293.85;1717;"User_1717";"Bangalore";"Regular";410;"Restaurant_410";"Italian"
7368;"24-05-2023";1248.71;2160;"User_2160";"Chennai";"Regular";328;"Restaurant_328";"Mexican"
7369;"30-10-2023";598.26;993;"User_993";"Chennai";"Gold";340;"Restaurant_340";"Chinese"
7370;"13-06-2023";990.93;1247;"User_1247";"Pune";"Gold";481;"Restaurant_481";"Indian"
7371;"07-08-2023";559.21;2622;"User_2622";"Pune";"Regular";341;"Restaurant_341";"Chinese"
7372;"03-04-2023";914.95;1869;"User_1869";"Pune";"Regular";5;"Restaurant_5";"Chinese"
7373;"22-11-2023";1033.32;1129;"User_1129";"Bangalore";"Regular";5;"Restaurant_5";"Chinese"
7374;"04-05-2023";1464.14;1022;"User_1022";"Bangalore";"Regular";256;"Restaurant_256";"Italian"
7375;"24-12-2023";989.43;2444;"User_2444";"Bangalore";"Regular";400;"Restaurant_400";"Mexican"
7376;"21-05-2023";582.17;1112;"User_1112";"Pune";"Gold";86;"Restaurant_86";"Indian"
7377;"14-05-2023";1406.35;656;"User_656";"Pune";"Gold";183;"Restaurant_183";"Chinese"
7378;"01-06-2023";1320.38;878;"User_878";"Chennai";"Regular";415;"Restaurant_415";"Indian"
7379;"13-10-2023";844.73;1011;"User_1011";"Pune";"Regular";267;"Restaurant_267";"Chinese"
7380;"03-07-2023";804.88;642;"User_642";"Bangalore";"Gold";333;"Restaurant_333";"Chinese"
7381;"06-01-2023";862.33;2637;"User_2637";"Hyderabad";"Regular";334;"Restaurant_334";"Indian"
7382;"04-10-2023";1467.39;560;"User_560";"Bangalore";"Gold";253;"Restaurant_253";"Italian"
7383;"15-08-2023";1463.5;2973;"User_2973";"Hyderabad";"Gold";281;"Restaurant_281";"Italian"
7384;"20-03-2023";823.63;1533;"User_1533";"Chennai";"Regular";384;"Restaurant_384";"Mexican"
7385;"26-06-2023";428.41;1228;"User_1228";"Bangalore";"Regular";151;"Restaurant_151";"Chinese"
7386;"02-07-2023";217.23;588;"User_588";"Pune";"Regular";484;"Restaurant_484";"Mexican"
7387;"23-04-2023";1013.55;1390;"User_1390";"Pune";"Regular";426;"Restaurant_426";"Chinese"
7388;"05-01-2023";809.85;329;"User_329";"Hyderabad";"Regular";443;"Restaurant_443";"Mexican"
7389;"06-02-2023";143.52;2651;"User_2651";"Pune";"Gold";459;"Restaurant_459";"Italian"
7390;"04-09-2023";228.15;2895;"User_2895";"Chennai";"Gold";354;"Restaurant_354";"Indian"
7391;"04-04-2023";312.45;1009;"User_1009";"Pune";"Regular";426;"Restaurant_426";"Chinese"
7392;"18-06-2023";827.53;239;"User_239";"Pune";"Gold";114;"Restaurant_114";"Indian"
7393;"28-11-2023";821.95;711;"User_711";"Bangalore";"Regular";206;"Restaurant_206";"Mexican"
7394;"01-04-2023";1048.62;2968;"User_2968";"Chennai";"Regular";96;"Restaurant_96";"Mexican"
7395;"24-07-2023";383.26;875;"User_875";"Hyderabad";"Regular";376;"Restaurant_376";"Indian"
7396;"18-08-2023";303.44;1241;"User_1241";"Pune";"Gold";470;"Restaurant_470";"Italian"
7397;"11-09-2023";831.29;2725;"User_2725";"Bangalore";"Gold";16;"Restaurant_16";"Indian"
7398;"21-03-2023";1315.22;1444;"User_1444";"Bangalore";"Gold";380;"Restaurant_380";"Italian"
7399;"24-07-2023";1188.0;50;"User_50";"Hyderabad";"Regular";485;"Restaurant_485";"Mexican"
7400;"22-01-2023";1010.81;283;"User_283";"Hyderabad";"Regular";162;"Restaurant_162";"Italian"
7401;"01-01-2023";1418.64;138;"User_138";"Hyderabad";"Gold";148;"Restaurant_148";"Italian"
7402;"17-10-2023";849.61;561;"User_561";"Bangalore";"Regular";86;"Restaurant_86";"Indian"
7403;"09-02-2023";1309.14;2972;"User_2972";"Bangalore";"Regular";377;"Restaurant_377";"Mexican"
7404;"31-12-2023";689.73;1406;"User_1406";"Bangalore";"Gold";132;"Restaurant_132";"Indian"
7405;"28-04-2023";1106.02;655;"User_655";"Bangalore";"Gold";190;"Restaurant_190";"Chinese"
7406;"24-03-2023";125.52;412;"User_412";"Pune";"Regular";95;"Restaurant_95";"Indian"
7407;"10-09-2023";637.77;2668;"User_2668";"Pune";"Regular";278;"Restaurant_278";"Indian"
7408;"06-08-2023";1463.92;2449;"User_2449";"Pune";"Gold";420;"Restaurant_420";"Italian"
7409;"03-10-2023";812.02;1386;"User_1386";"Hyderabad";"Gold";248;"Restaurant_248";"Italian"
7410;"27-02-2023";837.42;269;"User_269";"Bangalore";"Gold";269;"Restaurant_269";"Indian"
7411;"12-11-2023";1438.64;1217;"User_1217";"Chennai";"Gold";226;"Restaurant_226";"Indian"
7412;"23-05-2023";621.73;1598;"User_1598";"Bangalore";"Gold";82;"Restaurant_82";"Chinese"
7413;"23-06-2023";545.06;1669;"User_1669";"Hyderabad";"Regular";11;"Restaurant_11";"Chinese"
7414;"19-06-2023";1037.79;415;"User_415";"Pune";"Gold";367;"Restaurant_367";"Indian"
7415;"04-01-2023";928.99;807;"User_807";"Chennai";"Gold";381;"Restaurant_381";"Italian"
7416;"03-04-2023";265.73;813;"User_813";"Bangalore";"Gold";152;"Restaurant_152";"Indian"
7417;"05-12-2023";417.14;705;"User_705";"Bangalore";"Regular";72;"Restaurant_72";"Mexican"
7418;"12-10-2023";351.84;2636;"User_2636";"Hyderabad";"Regular";175;"Restaurant_175";"Chinese"
7419;"04-08-2023";1228.02;284;"User_284";"Chennai";"Regular";64;"Restaurant_64";"Chinese"
7420;"05-08-2023";1303.54;2446;"User_2446";"Bangalore";"Gold";263;"Restaurant_263";"Indian"
7421;"03-03-2023";1246.59;454;"User_454";"Bangalore";"Gold";445;"Restaurant_445";"Indian"
7422;"01-08-2023";1120.89;650;"User_650";"Chennai";"Gold";199;"Restaurant_199";"Italian"
7423;"09-04-2023";1321.2;1166;"User_1166";"Bangalore";"Regular";399;"Restaurant_399";"Chinese"
7424;"11-07-2023";1179.92;2849;"User_2849";"Pune";"Regular";406;"Restaurant_406";"Chinese"
7425;"22-05-2023";1008.59;1079;"User_1079";"Bangalore";"Gold";175;"Restaurant_175";"Chinese"
7426;"27-06-2023";1181.91;1087;"User_1087";"Pune";"Regular";293;"Restaurant_293";"Italian"
7427;"04-09-2023";1305.65;350;"User_350";"Chennai";"Regular";354;"Restaurant_354";"Indian"
7428;"03-09-2023";1252.46;1015;"User_1015";"Chennai";"Gold";243;"Restaurant_243";"Chinese"
7429;"31-07-2023";840.75;1638;"User_1638";"Chennai";"Regular";485;"Restaurant_485";"Mexican"
7430;"12-09-2023";294.79;489;"User_489";"Hyderabad";"Gold";495;"Restaurant_495";"Italian"
7431;"04-10-2023";749.62;2786;"User_2786";"Bangalore";"Regular";69;"Restaurant_69";"Chinese"
7432;"28-09-2023";526.03;1910;"User_1910";"Chennai";"Regular";280;"Restaurant_280";"Chinese"
7433;"27-03-2023";914.51;2772;"User_2772";"Bangalore";"Gold";369;"Restaurant_369";"Italian"
7434;"22-01-2023";539.24;1790;"User_1790";"Pune";"Regular";303;"Restaurant_303";"Mexican"
7435;"14-12-2023";100.86;56;"User_56";"Chennai";"Gold";431;"Restaurant_431";"Mexican"
7436;"19-08-2023";1330.21;193;"User_193";"Hyderabad";"Gold";258;"Restaurant_258";"Indian"
7437;"24-06-2023";865.48;600;"User_600";"Chennai";"Gold";188;"Restaurant_188";"Chinese"
7438;"07-10-2023";1491.83;487;"User_487";"Hyderabad";"Regular";372;"Restaurant_372";"Italian"
7439;"30-08-2023";1419.81;2476;"User_2476";"Pune";"Regular";372;"Restaurant_372";"Italian"
7440;"25-02-2023";1230.57;502;"User_502";"Pune";"Regular";150;"Restaurant_150";"Indian"
7441;"25-06-2023";1225.23;2227;"User_2227";"Chennai";"Gold";233;"Restaurant_233";"Italian"
7442;"07-11-2023";267.52;258;"User_258";"Chennai";"Regular";459;"Restaurant_459";"Italian"
7443;"18-09-2023";153.9;565;"User_565";"Bangalore";"Regular";85;"Restaurant_85";"Mexican"
7444;"25-07-2023";892.37;973;"User_973";"Hyderabad";"Regular";17;"Restaurant_17";"Indian"
7445;"26-04-2023";262.53;980;"User_980";"Chennai";"Gold";59;"Restaurant_59";"Chinese"
7446;"20-06-2023";1080.02;388;"User_388";"Chennai";"Gold";172;"Restaurant_172";"Italian"
7447;"03-12-2023";818.45;2032;"User_2032";"Chennai";"Gold";485;"Restaurant_485";"Mexican"
7448;"15-03-2023";197.1;662;"User_662";"Hyderabad";"Regular";160;"Restaurant_160";"Chinese"
7449;"25-02-2023";1273.49;1982;"User_1982";"Chennai";"Gold";484;"Restaurant_484";"Mexican"
7450;"13-09-2023";225.6;781;"User_781";"Bangalore";"Regular";237;"Restaurant_237";"Italian"
7451;"30-04-2023";1272.3;2455;"User_2455";"Hyderabad";"Gold";356;"Restaurant_356";"Indian"
7452;"10-12-2023";806.12;1729;"User_1729";"Chennai";"Gold";86;"Restaurant_86";"Indian"
7453;"28-09-2023";1170.9;1361;"User_1361";"Chennai";"Regular";412;"Restaurant_412";"Mexican"
7454;"24-10-2023";930.42;1235;"User_1235";"Pune";"Regular";369;"Restaurant_369";"Italian"
7455;"08-12-2023";1474.19;2541;"User_2541";"Pune";"Regular";330;"Restaurant_330";"Italian"
7456;"01-07-2023";1123.93;1668;"User_1668";"Hyderabad";"Gold";428;"Restaurant_428";"Mexican"
7457;"14-05-2023";867.74;1993;"User_1993";"Pune";"Gold";233;"Restaurant_233";"Italian"
7458;"29-12-2023";1141.81;2706;"User_2706";"Hyderabad";"Regular";377;"Restaurant_377";"Mexican"
7459;"05-02-2023";293.28;1103;"User_1103";"Hyderabad";"Regular";408;"Restaurant_408";"Mexican"
7460;"31-07-2023";597.68;2340;"User_2340";"Pune";"Gold";204;"Restaurant_204";"Mexican"
7461;"06-07-2023";473.44;1861;"User_1861";"Bangalore";"Regular";3;"Restaurant_3";"Mexican"
7462;"29-07-2023";1325.34;1517;"User_1517";"Hyderabad";"Gold";89;"Restaurant_89";"Indian"
7463;"20-03-2023";152.95;424;"User_424";"Bangalore";"Gold";257;"Restaurant_257";"Italian"
7464;"29-12-2023";1412.81;1635;"User_1635";"Bangalore";"Gold";411;"Restaurant_411";"Indian"
7465;"12-10-2023";1424.78;159;"User_159";"Chennai";"Gold";253;"Restaurant_253";"Italian"
7466;"21-02-2023";563.53;2171;"User_2171";"Chennai";"Gold";251;"Restaurant_251";"Chinese"
7467;"25-11-2023";1202.78;762;"User_762";"Bangalore";"Gold";245;"Restaurant_245";"Mexican"
7468;"27-02-2023";1405.79;219;"User_219";"Chennai";"Regular";1;"Restaurant_1";"Chinese"
7469;"15-11-2023";514.93;2882;"User_2882";"Pune";"Gold";231;"Restaurant_231";"Indian"
7470;"08-02-2023";1144.67;1282;"User_1282";"Chennai";"Regular";341;"Restaurant_341";"Chinese"
7471;"08-09-2023";1442.22;1201;"User_1201";"Bangalore";"Gold";485;"Restaurant_485";"Mexican"
7472;"14-03-2023";165.38;774;"User_774";"Bangalore";"Gold";339;"Restaurant_339";"Indian"
7473;"19-04-2023";434.83;920;"User_920";"Chennai";"Regular";65;"Restaurant_65";"Mexican"
7474;"31-03-2023";440.06;2011;"User_2011";"Hyderabad";"Regular";367;"Restaurant_367";"Indian"
7475;"12-09-2023";1338.87;1559;"User_1559";"Bangalore";"Gold";153;"Restaurant_153";"Italian"
7476;"02-05-2023";1320.93;2016;"User_2016";"Pune";"Regular";378;"Restaurant_378";"Italian"
7477;"14-02-2023";608.62;1183;"User_1183";"Chennai";"Gold";119;"Restaurant_119";"Chinese"
7478;"05-06-2023";1465.84;107;"User_107";"Pune";"Regular";429;"Restaurant_429";"Chinese"
7479;"30-07-2023";283.13;1108;"User_1108";"Pune";"Gold";464;"Restaurant_464";"Italian"
7480;"14-12-2023";1417.9;2833;"User_2833";"Chennai";"Gold";358;"Restaurant_358";"Indian"
7481;"19-02-2023";1294.59;438;"User_438";"Pune";"Regular";474;"Restaurant_474";"Mexican"
7482;"14-10-2023";598.46;1879;"User_1879";"Hyderabad";"Gold";412;"Restaurant_412";"Mexican"
7483;"11-09-2023";674.18;651;"User_651";"Hyderabad";"Regular";421;"Restaurant_421";"Indian"
7484;"16-11-2023";781.19;415;"User_415";"Pune";"Gold";115;"Restaurant_115";"Chinese"
7485;"06-05-2023";408.83;1556;"User_1556";"Bangalore";"Regular";394;"Restaurant_394";"Mexican"
7486;"02-07-2023";684.9;2235;"User_2235";"Chennai";"Gold";105;"Restaurant_105";"Mexican"
7487;"26-02-2023";688.22;155;"User_155";"Pune";"Gold";71;"Restaurant_71";"Indian"
7488;"03-08-2023";366.7;2992;"User_2992";"Bangalore";"Regular";175;"Restaurant_175";"Chinese"
7489;"19-01-2023";559.54;487;"User_487";"Hyderabad";"Regular";441;"Restaurant_441";"Indian"
7490;"17-10-2023";339.57;1141;"User_1141";"Pune";"Gold";171;"Restaurant_171";"Mexican"
7491;"25-02-2023";553.33;190;"User_190";"Bangalore";"Gold";106;"Restaurant_106";"Indian"
7492;"29-07-2023";404.36;788;"User_788";"Bangalore";"Gold";319;"Restaurant_319";"Indian"
7493;"09-02-2023";1026.31;1836;"User_1836";"Bangalore";"Gold";267;"Restaurant_267";"Chinese"
7494;"30-06-2023";1415.02;265;"User_265";"Chennai";"Regular";75;"Restaurant_75";"Chinese"
7495;"13-11-2023";1182.1;1538;"User_1538";"Bangalore";"Regular";492;"Restaurant_492";"Italian"
7496;"05-10-2023";1424.54;2388;"User_2388";"Hyderabad";"Regular";344;"Restaurant_344";"Indian"
7497;"08-07-2023";551.59;438;"User_438";"Pune";"Regular";90;"Restaurant_90";"Italian"
7498;"18-09-2023";222.13;1289;"User_1289";"Chennai";"Gold";293;"Restaurant_293";"Italian"
7499;"06-01-2023";438.39;1780;"User_1780";"Pune";"Regular";91;"Restaurant_91";"Italian"
7500;"24-12-2023";1374.87;1428;"User_1428";"Bangalore";"Gold";202;"Restaurant_202";"Indian"
7501;"21-10-2023";1407.0;2630;"User_2630";"Hyderabad";"Gold";326;"Restaurant_326";"Italian"
7502;"08-02-2023";271.95;960;"User_960";"Pune";"Gold";200;"Restaurant_200";"Chinese"
7503;"27-11-2023";1368.67;2293;"User_2293";"Chennai";"Regular";65;"Restaurant_65";"Mexican"
7504;"22-02-2023";299.58;787;"User_787";"Pune";"Gold";336;"Restaurant_336";"Mexican"
7505;"13-10-2023";1206.53;590;"User_590";"Bangalore";"Regular";299;"Restaurant_299";"Mexican"
7506;"06-06-2023";404.3;2950;"User_2950";"Hyderabad";"Gold";376;"Restaurant_376";"Indian"
7507;"10-02-2023";287.86;514;"User_514";"Bangalore";"Gold";476;"Restaurant_476";"Mexican"
7508;"08-01-2023";1000.79;704;"User_704";"Chennai";"Regular";131;"Restaurant_131";"Italian"
7509;"12-04-2023";373.51;2413;"User_2413";"Chennai";"Gold";258;"Restaurant_258";"Indian"
7510;"24-03-2023";363.26;1033;"User_1033";"Bangalore";"Regular";334;"Restaurant_334";"Indian"
7511;"14-07-2023";326.55;2285;"User_2285";"Chennai";"Gold";269;"Restaurant_269";"Indian"
7512;"12-12-2023";275.74;1801;"User_1801";"Hyderabad";"Gold";409;"Restaurant_409";"Mexican"
7513;"15-04-2023";1494.01;2941;"User_2941";"Bangalore";"Regular";30;"Restaurant_30";"Mexican"
7514;"20-01-2023";933.03;2919;"User_2919";"Bangalore";"Gold";65;"Restaurant_65";"Mexican"
7515;"25-08-2023";386.36;2772;"User_2772";"Bangalore";"Gold";338;"Restaurant_338";"Mexican"
7516;"15-01-2023";299.53;445;"User_445";"Chennai";"Regular";261;"Restaurant_261";"Italian"
7517;"30-10-2023";728.63;477;"User_477";"Pune";"Gold";414;"Restaurant_414";"Chinese"
7518;"15-02-2023";1087.04;865;"User_865";"Bangalore";"Regular";494;"Restaurant_494";"Mexican"
7519;"25-07-2023";1039.78;1665;"User_1665";"Bangalore";"Regular";409;"Restaurant_409";"Mexican"
7520;"04-09-2023";724.42;2082;"User_2082";"Pune";"Regular";120;"Restaurant_120";"Italian"
7521;"12-09-2023";1178.63;943;"User_943";"Chennai";"Regular";44;"Restaurant_44";"Indian"
7522;"30-09-2023";208.72;520;"User_520";"Chennai";"Regular";417;"Restaurant_417";"Mexican"
7523;"24-04-2023";1335.04;1161;"User_1161";"Hyderabad";"Gold";160;"Restaurant_160";"Chinese"
7524;"13-07-2023";881.04;578;"User_578";"Hyderabad";"Regular";499;"Restaurant_499";"Mexican"
7525;"22-07-2023";792.69;1061;"User_1061";"Bangalore";"Gold";73;"Restaurant_73";"Mexican"
7526;"21-10-2023";193.7;481;"User_481";"Pune";"Gold";102;"Restaurant_102";"Italian"
7527;"04-10-2023";344.7;523;"User_523";"Chennai";"Regular";159;"Restaurant_159";"Mexican"
7528;"06-10-2023";1103.24;1848;"User_1848";"Pune";"Regular";292;"Restaurant_292";"Mexican"
7529;"29-04-2023";1213.7;2622;"User_2622";"Pune";"Regular";126;"Restaurant_126";"Italian"
7530;"14-12-2023";194.98;2350;"User_2350";"Hyderabad";"Gold";10;"Restaurant_10";"Chinese"
7531;"01-09-2023";232.78;1347;"User_1347";"Chennai";"Gold";341;"Restaurant_341";"Chinese"
7532;"10-02-2023";946.89;2866;"User_2866";"Hyderabad";"Regular";202;"Restaurant_202";"Indian"
7533;"23-10-2023";970.42;1794;"User_1794";"Pune";"Gold";72;"Restaurant_72";"Mexican"
7534;"02-11-2023";322.55;1718;"User_1718";"Pune";"Regular";500;"Restaurant_500";"Chinese"
7535;"22-10-2023";1250.06;494;"User_494";"Hyderabad";"Regular";71;"Restaurant_71";"Indian"
7536;"23-10-2023";685.15;1580;"User_1580";"Pune";"Gold";51;"Restaurant_51";"Italian"
7537;"19-01-2023";1103.22;763;"User_763";"Pune";"Gold";249;"Restaurant_249";"Italian"
7538;"26-08-2023";678.49;188;"User_188";"Hyderabad";"Regular";351;"Restaurant_351";"Mexican"
7539;"22-03-2023";1000.66;1684;"User_1684";"Hyderabad";"Regular";365;"Restaurant_365";"Italian"
7540;"16-03-2023";835.74;2073;"User_2073";"Bangalore";"Regular";293;"Restaurant_293";"Italian"
7541;"17-06-2023";1063.67;594;"User_594";"Bangalore";"Gold";414;"Restaurant_414";"Chinese"
7542;"16-08-2023";982.19;398;"User_398";"Pune";"Gold";325;"Restaurant_325";"Italian"
7543;"15-07-2023";415.9;2597;"User_2597";"Pune";"Gold";49;"Restaurant_49";"Italian"
7544;"30-08-2023";1297.86;2295;"User_2295";"Bangalore";"Regular";373;"Restaurant_373";"Indian"
7545;"30-07-2023";1018.51;2395;"User_2395";"Hyderabad";"Regular";394;"Restaurant_394";"Mexican"
7546;"11-12-2023";941.52;1264;"User_1264";"Chennai";"Regular";496;"Restaurant_496";"Indian"
7547;"26-11-2023";358.23;2149;"User_2149";"Pune";"Gold";184;"Restaurant_184";"Mexican"
7548;"28-03-2023";1356.19;1980;"User_1980";"Pune";"Gold";424;"Restaurant_424";"Indian"
7549;"23-12-2023";496.49;966;"User_966";"Hyderabad";"Gold";373;"Restaurant_373";"Indian"
7550;"03-03-2023";225.39;1005;"User_1005";"Chennai";"Gold";168;"Restaurant_168";"Indian"
7551;"22-03-2023";847.5;1096;"User_1096";"Hyderabad";"Regular";11;"Restaurant_11";"Chinese"
7552;"06-01-2023";494.4;1523;"User_1523";"Hyderabad";"Regular";409;"Restaurant_409";"Mexican"
7553;"23-12-2023";614.01;562;"User_562";"Bangalore";"Gold";222;"Restaurant_222";"Italian"
7554;"14-02-2023";1036.28;30;"User_30";"Bangalore";"Gold";142;"Restaurant_142";"Indian"
7555;"05-01-2023";1329.52;2184;"User_2184";"Hyderabad";"Regular";251;"Restaurant_251";"Chinese"
7556;"31-12-2023";865.97;1480;"User_1480";"Pune";"Gold";359;"Restaurant_359";"Mexican"
7557;"21-03-2023";1487.29;2278;"User_2278";"Bangalore";"Gold";478;"Restaurant_478";"Chinese"
7558;"04-11-2023";952.24;940;"User_940";"Hyderabad";"Regular";73;"Restaurant_73";"Mexican"
7559;"01-05-2023";115.63;416;"User_416";"Hyderabad";"Regular";335;"Restaurant_335";"Italian"
7560;"04-05-2023";1024.42;883;"User_883";"Pune";"Gold";311;"Restaurant_311";"Italian"
7561;"12-11-2023";687.61;331;"User_331";"Chennai";"Regular";84;"Restaurant_84";"Chinese"
7562;"25-11-2023";606.7;1730;"User_1730";"Bangalore";"Regular";19;"Restaurant_19";"Indian"
7563;"29-01-2023";1329.61;2991;"User_2991";"Pune";"Gold";71;"Restaurant_71";"Indian"
7564;"06-09-2023";1426.64;275;"User_275";"Pune";"Regular";323;"Restaurant_323";"Mexican"
7565;"14-04-2023";1381.65;2246;"User_2246";"Pune";"Gold";81;"Restaurant_81";"Chinese"
7566;"23-09-2023";323.53;1978;"User_1978";"Bangalore";"Gold";40;"Restaurant_40";"Indian"
7567;"09-04-2023";1169.66;623;"User_623";"Pune";"Gold";53;"Restaurant_53";"Indian"
7568;"20-06-2023";301.34;1580;"User_1580";"Pune";"Gold";321;"Restaurant_321";"Chinese"
7569;"14-03-2023";1055.52;1143;"User_1143";"Pune";"Regular";489;"Restaurant_489";"Italian"
7570;"08-11-2023";821.79;931;"User_931";"Pune";"Regular";29;"Restaurant_29";"Italian"
7571;"20-06-2023";846.14;1511;"User_1511";"Chennai";"Regular";46;"Restaurant_46";"Chinese"
7572;"20-08-2023";132.54;2699;"User_2699";"Hyderabad";"Regular";413;"Restaurant_413";"Italian"
7573;"28-10-2023";362.84;1602;"User_1602";"Hyderabad";"Gold";204;"Restaurant_204";"Mexican"
7574;"13-10-2023";1444.74;550;"User_550";"Chennai";"Gold";500;"Restaurant_500";"Chinese"
7575;"11-05-2023";731.31;376;"User_376";"Chennai";"Gold";70;"Restaurant_70";"Chinese"
7576;"19-01-2023";1037.63;576;"User_576";"Pune";"Gold";481;"Restaurant_481";"Indian"
7577;"26-01-2023";988.83;1069;"User_1069";"Chennai";"Regular";209;"Restaurant_209";"Indian"
7578;"21-05-2023";1312.64;1176;"User_1176";"Chennai";"Gold";500;"Restaurant_500";"Chinese"
7579;"24-03-2023";1356.39;1747;"User_1747";"Hyderabad";"Gold";223;"Restaurant_223";"Italian"
7580;"13-10-2023";601.21;1327;"User_1327";"Bangalore";"Gold";196;"Restaurant_196";"Italian"
7581;"22-05-2023";550.15;419;"User_419";"Chennai";"Regular";75;"Restaurant_75";"Chinese"
7582;"09-03-2023";1256.93;159;"User_159";"Chennai";"Gold";358;"Restaurant_358";"Indian"
7583;"18-05-2023";516.14;2922;"User_2922";"Chennai";"Gold";485;"Restaurant_485";"Mexican"
7584;"27-04-2023";377.1;2559;"User_2559";"Bangalore";"Regular";295;"Restaurant_295";"Chinese"
7585;"01-10-2023";1443.78;1291;"User_1291";"Chennai";"Gold";153;"Restaurant_153";"Italian"
7586;"29-11-2023";1468.68;2085;"User_2085";"Bangalore";"Regular";420;"Restaurant_420";"Italian"
7587;"08-05-2023";1182.84;2450;"User_2450";"Bangalore";"Regular";44;"Restaurant_44";"Indian"
7588;"06-07-2023";454.95;1810;"User_1810";"Chennai";"Regular";108;"Restaurant_108";"Chinese"
7589;"09-08-2023";1425.84;412;"User_412";"Pune";"Regular";363;"Restaurant_363";"Italian"
7590;"16-10-2023";1310.75;2873;"User_2873";"Pune";"Gold";280;"Restaurant_280";"Chinese"
7591;"17-11-2023";798.91;2943;"User_2943";"Pune";"Regular";367;"Restaurant_367";"Indian"
7592;"16-03-2023";659.19;2570;"User_2570";"Bangalore";"Regular";190;"Restaurant_190";"Chinese"
7593;"19-10-2023";1209.56;553;"User_553";"Pune";"Gold";420;"Restaurant_420";"Italian"
7594;"23-10-2023";1232.16;2205;"User_2205";"Bangalore";"Regular";207;"Restaurant_207";"Italian"
7595;"10-08-2023";1047.18;144;"User_144";"Pune";"Regular";255;"Restaurant_255";"Mexican"
7596;"22-02-2023";1239.79;2348;"User_2348";"Chennai";"Regular";81;"Restaurant_81";"Chinese"
7597;"04-07-2023";417.85;343;"User_343";"Chennai";"Gold";286;"Restaurant_286";"Italian"
7598;"03-08-2023";776.6;841;"User_841";"Pune";"Gold";424;"Restaurant_424";"Indian"
7599;"23-12-2023";741.11;1606;"User_1606";"Hyderabad";"Gold";308;"Restaurant_308";"Italian"
7600;"12-06-2023";1054.37;1763;"User_1763";"Pune";"Regular";13;"Restaurant_13";"Indian"
7601;"25-04-2023";221.55;2613;"User_2613";"Bangalore";"Regular";81;"Restaurant_81";"Chinese"
7602;"24-05-2023";561.97;2276;"User_2276";"Hyderabad";"Regular";223;"Restaurant_223";"Italian"
7603;"30-11-2023";634.58;1496;"User_1496";"Chennai";"Regular";471;"Restaurant_471";"Indian"
7604;"01-06-2023";975.99;1298;"User_1298";"Chennai";"Gold";360;"Restaurant_360";"Indian"
7605;"02-07-2023";505.07;1822;"User_1822";"Bangalore";"Gold";131;"Restaurant_131";"Italian"
7606;"26-08-2023";890.37;432;"User_432";"Pune";"Regular";44;"Restaurant_44";"Indian"
7607;"23-04-2023";1377.49;2605;"User_2605";"Hyderabad";"Gold";61;"Restaurant_61";"Italian"
7608;"14-10-2023";1490.94;2651;"User_2651";"Pune";"Gold";126;"Restaurant_126";"Italian"
7609;"21-05-2023";960.27;347;"User_347";"Pune";"Gold";237;"Restaurant_237";"Italian"
7610;"30-11-2023";832.24;2465;"User_2465";"Hyderabad";"Gold";252;"Restaurant_252";"Indian"
7611;"27-03-2023";874.01;1093;"User_1093";"Pune";"Regular";213;"Restaurant_213";"Indian"
7612;"23-07-2023";1354.02;69;"User_69";"Pune";"Regular";62;"Restaurant_62";"Indian"
7613;"12-04-2023";564.27;1561;"User_1561";"Hyderabad";"Gold";143;"Restaurant_143";"Chinese"
7614;"17-02-2023";1093.06;1241;"User_1241";"Pune";"Gold";151;"Restaurant_151";"Chinese"
7615;"03-11-2023";1159.39;1557;"User_1557";"Pune";"Gold";67;"Restaurant_67";"Mexican"
7616;"27-11-2023";811.52;913;"User_913";"Hyderabad";"Gold";496;"Restaurant_496";"Indian"
7617;"12-08-2023";125.34;236;"User_236";"Chennai";"Regular";383;"Restaurant_383";"Indian"
7618;"14-11-2023";572.82;2174;"User_2174";"Pune";"Gold";386;"Restaurant_386";"Italian"
7619;"12-03-2023";600.02;808;"User_808";"Bangalore";"Gold";3;"Restaurant_3";"Mexican"
7620;"23-05-2023";1487.52;2101;"User_2101";"Pune";"Gold";209;"Restaurant_209";"Indian"
7621;"11-04-2023";856.76;2078;"User_2078";"Bangalore";"Gold";175;"Restaurant_175";"Chinese"
7622;"25-07-2023";613.98;502;"User_502";"Pune";"Regular";177;"Restaurant_177";"Indian"
7623;"08-02-2023";1415.18;1238;"User_1238";"Chennai";"Regular";282;"Restaurant_282";"Indian"
7624;"03-05-2023";493.52;2064;"User_2064";"Hyderabad";"Regular";246;"Restaurant_246";"Mexican"
7625;"21-01-2023";416.59;2454;"User_2454";"Chennai";"Regular";496;"Restaurant_496";"Indian"
7626;"14-03-2023";258.37;2399;"User_2399";"Hyderabad";"Regular";222;"Restaurant_222";"Italian"
7627;"05-01-2023";1158.35;1009;"User_1009";"Pune";"Regular";108;"Restaurant_108";"Chinese"
7628;"22-01-2023";1046.82;2306;"User_2306";"Pune";"Gold";445;"Restaurant_445";"Indian"
7629;"24-08-2023";1031.84;2148;"User_2148";"Pune";"Regular";347;"Restaurant_347";"Chinese"
7630;"19-01-2023";944.33;2243;"User_2243";"Bangalore";"Regular";185;"Restaurant_185";"Mexican"
7631;"27-10-2023";1347.65;358;"User_358";"Bangalore";"Gold";30;"Restaurant_30";"Mexican"
7632;"06-07-2023";643.19;66;"User_66";"Chennai";"Gold";130;"Restaurant_130";"Indian"
7633;"06-05-2023";1195.65;366;"User_366";"Bangalore";"Gold";404;"Restaurant_404";"Indian"
7634;"13-04-2023";806.39;2682;"User_2682";"Chennai";"Gold";240;"Restaurant_240";"Indian"
7635;"09-08-2023";996.67;1382;"User_1382";"Bangalore";"Regular";114;"Restaurant_114";"Indian"
7636;"21-02-2023";1235.07;2914;"User_2914";"Pune";"Regular";401;"Restaurant_401";"Indian"
7637;"27-04-2023";455.4;406;"User_406";"Bangalore";"Regular";255;"Restaurant_255";"Mexican"
7638;"30-03-2023";989.86;1962;"User_1962";"Pune";"Gold";86;"Restaurant_86";"Indian"
7639;"03-11-2023";1187.96;1859;"User_1859";"Pune";"Regular";357;"Restaurant_357";"Italian"
7640;"06-02-2023";211.16;2320;"User_2320";"Hyderabad";"Gold";500;"Restaurant_500";"Chinese"
7641;"10-10-2023";1237.51;1098;"User_1098";"Bangalore";"Regular";197;"Restaurant_197";"Mexican"
7642;"20-06-2023";1074.34;2872;"User_2872";"Pune";"Gold";298;"Restaurant_298";"Mexican"
7643;"15-10-2023";562.74;881;"User_881";"Hyderabad";"Regular";411;"Restaurant_411";"Indian"
7644;"02-04-2023";1055.84;971;"User_971";"Pune";"Regular";86;"Restaurant_86";"Indian"
7645;"11-05-2023";1186.31;965;"User_965";"Chennai";"Gold";253;"Restaurant_253";"Italian"
7646;"31-01-2023";994.72;1162;"User_1162";"Bangalore";"Gold";314;"Restaurant_314";"Indian"
7647;"22-08-2023";323.86;2902;"User_2902";"Hyderabad";"Regular";66;"Restaurant_66";"Italian"
7648;"27-11-2023";1478.21;1748;"User_1748";"Bangalore";"Gold";308;"Restaurant_308";"Italian"
7649;"06-09-2023";1342.59;2145;"User_2145";"Chennai";"Regular";82;"Restaurant_82";"Chinese"
7650;"24-02-2023";1241.95;470;"User_470";"Chennai";"Regular";152;"Restaurant_152";"Indian"
7651;"16-02-2023";215.95;1493;"User_1493";"Chennai";"Regular";354;"Restaurant_354";"Indian"
7652;"20-03-2023";1119.13;156;"User_156";"Hyderabad";"Regular";10;"Restaurant_10";"Chinese"
7653;"24-03-2023";774.77;2384;"User_2384";"Pune";"Regular";474;"Restaurant_474";"Mexican"
7654;"01-11-2023";1398.67;237;"User_237";"Pune";"Gold";58;"Restaurant_58";"Indian"
7655;"30-05-2023";876.53;1249;"User_1249";"Pune";"Regular";453;"Restaurant_453";"Chinese"
7656;"30-08-2023";868.82;2467;"User_2467";"Hyderabad";"Gold";439;"Restaurant_439";"Mexican"
7657;"22-03-2023";1274.56;29;"User_29";"Hyderabad";"Gold";331;"Restaurant_331";"Mexican"
7658;"11-11-2023";1343.17;2110;"User_2110";"Chennai";"Regular";466;"Restaurant_466";"Italian"
7659;"25-02-2023";331.49;129;"User_129";"Pune";"Gold";233;"Restaurant_233";"Italian"
7660;"23-09-2023";822.38;913;"User_913";"Hyderabad";"Gold";191;"Restaurant_191";"Indian"
7661;"02-08-2023";624.56;2517;"User_2517";"Pune";"Gold";289;"Restaurant_289";"Italian"
7662;"14-09-2023";1076.22;643;"User_643";"Pune";"Gold";258;"Restaurant_258";"Indian"
7663;"30-01-2023";407.43;612;"User_612";"Bangalore";"Regular";301;"Restaurant_301";"Italian"
7664;"14-02-2023";804.45;108;"User_108";"Pune";"Regular";151;"Restaurant_151";"Chinese"
7665;"24-03-2023";1493.2;2916;"User_2916";"Bangalore";"Regular";482;"Restaurant_482";"Chinese"
7666;"21-06-2023";1244.51;1846;"User_1846";"Chennai";"Regular";351;"Restaurant_351";"Mexican"
7667;"31-03-2023";1131.69;2844;"User_2844";"Chennai";"Regular";92;"Restaurant_92";"Mexican"
7668;"02-04-2023";1478.17;590;"User_590";"Bangalore";"Regular";196;"Restaurant_196";"Italian"
7669;"11-08-2023";542.83;1713;"User_1713";"Pune";"Gold";335;"Restaurant_335";"Italian"
7670;"01-01-2024";822.63;405;"User_405";"Chennai";"Regular";410;"Restaurant_410";"Italian"
7671;"09-08-2023";1205.97;1180;"User_1180";"Hyderabad";"Regular";193;"Restaurant_193";"Chinese"
7672;"17-11-2023";1365.23;825;"User_825";"Chennai";"Gold";274;"Restaurant_274";"Mexican"
7673;"28-03-2023";370.82;1624;"User_1624";"Pune";"Gold";473;"Restaurant_473";"Italian"
7674;"27-12-2023";672.42;456;"User_456";"Pune";"Regular";47;"Restaurant_47";"Indian"
7675;"08-12-2023";923.35;1726;"User_1726";"Pune";"Gold";38;"Restaurant_38";"Italian"
7676;"01-12-2023";422.46;2464;"User_2464";"Pune";"Gold";265;"Restaurant_265";"Chinese"
7677;"03-01-2023";1197.04;119;"User_119";"Pune";"Regular";49;"Restaurant_49";"Italian"
7678;"16-01-2023";222.44;1018;"User_1018";"Bangalore";"Gold";142;"Restaurant_142";"Indian"
7679;"27-04-2023";1166.34;1556;"User_1556";"Bangalore";"Regular";401;"Restaurant_401";"Indian"
7680;"06-09-2023";655.28;1143;"User_1143";"Pune";"Regular";270;"Restaurant_270";"Mexican"
7681;"11-06-2023";896.57;1696;"User_1696";"Bangalore";"Regular";139;"Restaurant_139";"Mexican"
7682;"15-04-2023";1448.12;285;"User_285";"Hyderabad";"Regular";483;"Restaurant_483";"Chinese"
7683;"09-11-2023";984.22;789;"User_789";"Pune";"Regular";163;"Restaurant_163";"Italian"
7684;"31-08-2023";885.4;1788;"User_1788";"Pune";"Gold";366;"Restaurant_366";"Indian"
7685;"17-08-2023";797.54;244;"User_244";"Pune";"Regular";123;"Restaurant_123";"Chinese"
7686;"08-11-2023";311.6;1104;"User_1104";"Bangalore";"Regular";291;"Restaurant_291";"Mexican"
7687;"27-10-2023";311.29;1352;"User_1352";"Pune";"Gold";363;"Restaurant_363";"Italian"
7688;"24-06-2023";471.68;2627;"User_2627";"Bangalore";"Gold";23;"Restaurant_23";"Chinese"
7689;"12-09-2023";390.26;1320;"User_1320";"Hyderabad";"Regular";481;"Restaurant_481";"Indian"
7690;"21-05-2023";1248.66;143;"User_143";"Bangalore";"Gold";94;"Restaurant_94";"Chinese"
7691;"12-05-2023";225.28;2640;"User_2640";"Bangalore";"Gold";267;"Restaurant_267";"Chinese"
7692;"22-07-2023";345.97;379;"User_379";"Chennai";"Gold";274;"Restaurant_274";"Mexican"
7693;"27-05-2023";706.55;2520;"User_2520";"Hyderabad";"Gold";439;"Restaurant_439";"Mexican"
7694;"10-09-2023";227.02;1994;"User_1994";"Hyderabad";"Gold";25;"Restaurant_25";"Chinese"
7695;"27-08-2023";820.22;1262;"User_1262";"Pune";"Gold";90;"Restaurant_90";"Italian"
7696;"05-12-2023";523.97;1376;"User_1376";"Hyderabad";"Gold";81;"Restaurant_81";"Chinese"
7697;"06-10-2023";382.5;1468;"User_1468";"Chennai";"Gold";449;"Restaurant_449";"Indian"
7698;"12-12-2023";884.84;1638;"User_1638";"Chennai";"Regular";55;"Restaurant_55";"Indian"
7699;"11-02-2023";902.1;2827;"User_2827";"Pune";"Gold";59;"Restaurant_59";"Chinese"
7700;"05-08-2023";717.48;566;"User_566";"Chennai";"Regular";288;"Restaurant_288";"Mexican"
7701;"20-10-2023";833.5;2673;"User_2673";"Bangalore";"Gold";75;"Restaurant_75";"Chinese"
7702;"15-06-2023";250.92;1484;"User_1484";"Chennai";"Gold";141;"Restaurant_141";"Mexican"
7703;"10-08-2023";1163.98;2511;"User_2511";"Chennai";"Gold";275;"Restaurant_275";"Italian"
7704;"10-08-2023";1170.66;1273;"User_1273";"Chennai";"Regular";197;"Restaurant_197";"Mexican"
7705;"03-05-2023";748.24;1537;"User_1537";"Bangalore";"Regular";206;"Restaurant_206";"Mexican"
7706;"20-07-2023";801.71;105;"User_105";"Hyderabad";"Gold";49;"Restaurant_49";"Italian"
7707;"25-02-2023";283.72;1225;"User_1225";"Bangalore";"Regular";216;"Restaurant_216";"Italian"
7708;"19-08-2023";571.68;1967;"User_1967";"Hyderabad";"Regular";408;"Restaurant_408";"Mexican"
7709;"27-09-2023";1289.88;2100;"User_2100";"Hyderabad";"Regular";493;"Restaurant_493";"Mexican"
7710;"17-04-2023";596.13;874;"User_874";"Pune";"Gold";242;"Restaurant_242";"Mexican"
7711;"21-02-2023";355.27;1131;"User_1131";"Bangalore";"Regular";394;"Restaurant_394";"Mexican"
7712;"19-06-2023";1412.57;912;"User_912";"Bangalore";"Regular";11;"Restaurant_11";"Chinese"
7713;"24-09-2023";147.59;2369;"User_2369";"Chennai";"Gold";444;"Restaurant_444";"Chinese"
7714;"12-01-2023";249.43;834;"User_834";"Chennai";"Gold";185;"Restaurant_185";"Mexican"
7715;"09-10-2023";1262.24;2280;"User_2280";"Bangalore";"Regular";225;"Restaurant_225";"Italian"
7716;"12-11-2023";389.47;2460;"User_2460";"Pune";"Gold";103;"Restaurant_103";"Mexican"
7717;"05-05-2023";1487.59;2065;"User_2065";"Chennai";"Regular";425;"Restaurant_425";"Chinese"
7718;"23-09-2023";163.07;888;"User_888";"Hyderabad";"Gold";210;"Restaurant_210";"Indian"
7719;"31-03-2023";578.86;996;"User_996";"Chennai";"Gold";444;"Restaurant_444";"Chinese"
7720;"09-05-2023";1381.73;708;"User_708";"Pune";"Regular";157;"Restaurant_157";"Italian"
7721;"11-11-2023";990.43;199;"User_199";"Pune";"Gold";299;"Restaurant_299";"Mexican"
7722;"21-06-2023";326.11;126;"User_126";"Hyderabad";"Gold";353;"Restaurant_353";"Indian"
7723;"10-05-2023";501.52;2094;"User_2094";"Hyderabad";"Gold";211;"Restaurant_211";"Chinese"
7724;"06-02-2023";516.14;1138;"User_1138";"Hyderabad";"Gold";237;"Restaurant_237";"Italian"
7725;"04-05-2023";207.32;2508;"User_2508";"Hyderabad";"Regular";99;"Restaurant_99";"Italian"
7726;"30-06-2023";1101.39;315;"User_315";"Chennai";"Gold";266;"Restaurant_266";"Italian"
7727;"27-12-2023";611.16;2137;"User_2137";"Pune";"Gold";92;"Restaurant_92";"Mexican"
7728;"04-07-2023";1294.15;1294;"User_1294";"Chennai";"Regular";19;"Restaurant_19";"Indian"
7729;"27-04-2023";449.41;1830;"User_1830";"Chennai";"Gold";381;"Restaurant_381";"Italian"
7730;"17-01-2023";1220.55;1747;"User_1747";"Hyderabad";"Gold";383;"Restaurant_383";"Indian"
7731;"05-10-2023";678.69;2738;"User_2738";"Pune";"Gold";31;"Restaurant_31";"Mexican"
7732;"15-06-2023";508.74;1119;"User_1119";"Bangalore";"Gold";123;"Restaurant_123";"Chinese"
7733;"14-06-2023";192.48;2418;"User_2418";"Bangalore";"Regular";305;"Restaurant_305";"Indian"
7734;"05-04-2023";621.54;2068;"User_2068";"Bangalore";"Regular";362;"Restaurant_362";"Indian"
7735;"09-10-2023";924.24;2673;"User_2673";"Bangalore";"Gold";280;"Restaurant_280";"Chinese"
7736;"10-09-2023";254.57;188;"User_188";"Hyderabad";"Regular";310;"Restaurant_310";"Indian"
7737;"20-02-2023";425.82;2109;"User_2109";"Bangalore";"Gold";388;"Restaurant_388";"Indian"
7738;"06-02-2023";489.95;2973;"User_2973";"Hyderabad";"Gold";259;"Restaurant_259";"Mexican"
7739;"15-03-2023";1444.85;108;"User_108";"Pune";"Regular";207;"Restaurant_207";"Italian"
7740;"01-03-2023";1244.66;1573;"User_1573";"Chennai";"Gold";268;"Restaurant_268";"Indian"
7741;"30-12-2023";1028.38;50;"User_50";"Hyderabad";"Regular";266;"Restaurant_266";"Italian"
7742;"22-06-2023";566.93;1429;"User_1429";"Chennai";"Gold";440;"Restaurant_440";"Mexican"
7743;"26-02-2023";334.07;2908;"User_2908";"Pune";"Gold";38;"Restaurant_38";"Italian"
7744;"17-03-2023";441.98;2162;"User_2162";"Bangalore";"Gold";18;"Restaurant_18";"Italian"
7745;"14-01-2023";376.11;1139;"User_1139";"Hyderabad";"Regular";140;"Restaurant_140";"Italian"
7746;"12-11-2023";1212.02;1946;"User_1946";"Pune";"Regular";367;"Restaurant_367";"Indian"
7747;"01-04-2023";624.74;1243;"User_1243";"Hyderabad";"Gold";285;"Restaurant_285";"Mexican"
7748;"21-01-2023";1015.6;1904;"User_1904";"Chennai";"Gold";223;"Restaurant_223";"Italian"
7749;"18-01-2023";297.59;1959;"User_1959";"Chennai";"Gold";471;"Restaurant_471";"Indian"
7750;"17-08-2023";1229.45;2047;"User_2047";"Hyderabad";"Gold";218;"Restaurant_218";"Indian"
7751;"04-04-2023";620.47;942;"User_942";"Bangalore";"Regular";10;"Restaurant_10";"Chinese"
7752;"07-08-2023";654.33;1239;"User_1239";"Bangalore";"Regular";163;"Restaurant_163";"Italian"
7753;"28-10-2023";884.9;1448;"User_1448";"Chennai";"Regular";364;"Restaurant_364";"Mexican"
7754;"02-10-2023";849.71;1122;"User_1122";"Chennai";"Regular";333;"Restaurant_333";"Chinese"
7755;"27-02-2023";412.06;265;"User_265";"Chennai";"Regular";432;"Restaurant_432";"Mexican"
7756;"21-12-2023";477.3;820;"User_820";"Bangalore";"Regular";340;"Restaurant_340";"Chinese"
7757;"11-04-2023";219.63;1498;"User_1498";"Chennai";"Gold";328;"Restaurant_328";"Mexican"
7758;"06-03-2023";1482.37;157;"User_157";"Bangalore";"Gold";100;"Restaurant_100";"Indian"
7759;"18-12-2023";1328.41;2737;"User_2737";"Hyderabad";"Regular";342;"Restaurant_342";"Mexican"
7760;"22-01-2023";1153.74;2415;"User_2415";"Pune";"Regular";52;"Restaurant_52";"Mexican"
7761;"11-06-2023";148.92;2619;"User_2619";"Bangalore";"Regular";500;"Restaurant_500";"Chinese"
7762;"27-05-2023";1490.63;1252;"User_1252";"Chennai";"Regular";298;"Restaurant_298";"Mexican"
7763;"27-06-2023";1245.42;1127;"User_1127";"Pune";"Gold";159;"Restaurant_159";"Mexican"
7764;"17-07-2023";1295.27;1532;"User_1532";"Bangalore";"Regular";305;"Restaurant_305";"Indian"
7765;"20-06-2023";303.99;2735;"User_2735";"Chennai";"Gold";109;"Restaurant_109";"Chinese"
7766;"12-06-2023";766.31;700;"User_700";"Pune";"Gold";444;"Restaurant_444";"Chinese"
7767;"03-08-2023";1447.14;913;"User_913";"Hyderabad";"Gold";21;"Restaurant_21";"Indian"
7768;"07-08-2023";838.74;561;"User_561";"Bangalore";"Regular";452;"Restaurant_452";"Chinese"
7769;"06-09-2023";1370.61;1749;"User_1749";"Pune";"Regular";458;"Restaurant_458";"Italian"
7770;"24-06-2023";1377.4;343;"User_343";"Chennai";"Gold";289;"Restaurant_289";"Italian"
7771;"02-03-2023";332.03;2011;"User_2011";"Hyderabad";"Regular";472;"Restaurant_472";"Chinese"
7772;"19-11-2023";636.59;1099;"User_1099";"Bangalore";"Regular";129;"Restaurant_129";"Indian"
7773;"25-12-2023";1335.97;431;"User_431";"Chennai";"Regular";420;"Restaurant_420";"Italian"
7774;"19-02-2023";824.47;1414;"User_1414";"Bangalore";"Regular";434;"Restaurant_434";"Italian"
7775;"13-07-2023";875.72;1164;"User_1164";"Bangalore";"Regular";281;"Restaurant_281";"Italian"
7776;"10-06-2023";608.45;308;"User_308";"Bangalore";"Regular";198;"Restaurant_198";"Mexican"
7777;"31-07-2023";1077.41;2026;"User_2026";"Chennai";"Regular";214;"Restaurant_214";"Chinese"
7778;"08-07-2023";1467.64;250;"User_250";"Pune";"Regular";395;"Restaurant_395";"Mexican"
7779;"17-04-2023";448.99;2129;"User_2129";"Chennai";"Gold";87;"Restaurant_87";"Mexican"
7780;"31-08-2023";926.86;2226;"User_2226";"Hyderabad";"Regular";78;"Restaurant_78";"Indian"
7781;"27-07-2023";166.01;714;"User_714";"Hyderabad";"Gold";500;"Restaurant_500";"Chinese"
7782;"06-10-2023";1401.7;2878;"User_2878";"Bangalore";"Gold";61;"Restaurant_61";"Italian"
7783;"29-04-2023";807.44;1066;"User_1066";"Bangalore";"Regular";13;"Restaurant_13";"Indian"
7784;"22-05-2023";564.07;1204;"User_1204";"Bangalore";"Gold";322;"Restaurant_322";"Italian"
7785;"30-10-2023";1341.59;951;"User_951";"Chennai";"Gold";360;"Restaurant_360";"Indian"
7786;"15-12-2023";1309.67;2431;"User_2431";"Hyderabad";"Regular";291;"Restaurant_291";"Mexican"
7787;"15-02-2023";1115.2;2615;"User_2615";"Bangalore";"Regular";434;"Restaurant_434";"Italian"
7788;"11-11-2023";976.45;796;"User_796";"Pune";"Regular";476;"Restaurant_476";"Mexican"
7789;"15-09-2023";1242.67;1345;"User_1345";"Pune";"Regular";455;"Restaurant_455";"Chinese"
7790;"04-08-2023";664.27;368;"User_368";"Pune";"Regular";223;"Restaurant_223";"Italian"
7791;"25-12-2023";1134.87;2933;"User_2933";"Chennai";"Regular";78;"Restaurant_78";"Indian"
7792;"10-07-2023";1404.36;2479;"User_2479";"Bangalore";"Regular";32;"Restaurant_32";"Italian"
7793;"24-02-2023";587.76;1870;"User_1870";"Bangalore";"Regular";28;"Restaurant_28";"Chinese"
7794;"08-11-2023";696.65;2482;"User_2482";"Chennai";"Regular";412;"Restaurant_412";"Mexican"
7795;"03-01-2023";957.85;2;"User_2";"Pune";"Gold";71;"Restaurant_71";"Indian"
7796;"30-01-2023";109.05;1841;"User_1841";"Chennai";"Regular";169;"Restaurant_169";"Italian"
7797;"31-08-2023";1003.16;2559;"User_2559";"Bangalore";"Regular";72;"Restaurant_72";"Mexican"
7798;"06-08-2023";350.14;2547;"User_2547";"Chennai";"Regular";389;"Restaurant_389";"Italian"
7799;"12-07-2023";1328.68;898;"User_898";"Hyderabad";"Gold";332;"Restaurant_332";"Chinese"
7800;"18-05-2023";543.67;427;"User_427";"Pune";"Gold";298;"Restaurant_298";"Mexican"
7801;"07-02-2023";1307.39;1955;"User_1955";"Chennai";"Gold";134;"Restaurant_134";"Mexican"
7802;"09-02-2023";231.96;735;"User_735";"Bangalore";"Gold";261;"Restaurant_261";"Italian"
7803;"03-12-2023";761.17;1515;"User_1515";"Bangalore";"Regular";186;"Restaurant_186";"Indian"
7804;"05-10-2023";917.42;2963;"User_2963";"Pune";"Regular";71;"Restaurant_71";"Indian"
7805;"03-03-2023";469.93;2014;"User_2014";"Hyderabad";"Gold";132;"Restaurant_132";"Indian"
7806;"31-01-2023";1396.72;2990;"User_2990";"Bangalore";"Gold";395;"Restaurant_395";"Mexican"
7807;"27-01-2023";863.33;1229;"User_1229";"Bangalore";"Regular";217;"Restaurant_217";"Indian"
7808;"07-10-2023";853.96;1338;"User_1338";"Bangalore";"Regular";279;"Restaurant_279";"Italian"
7809;"11-12-2023";794.02;102;"User_102";"Hyderabad";"Regular";382;"Restaurant_382";"Mexican"
7810;"03-11-2023";1306.73;2027;"User_2027";"Bangalore";"Regular";176;"Restaurant_176";"Italian"
7811;"08-05-2023";106.63;1796;"User_1796";"Chennai";"Regular";123;"Restaurant_123";"Chinese"
7812;"09-12-2023";541.96;886;"User_886";"Bangalore";"Regular";479;"Restaurant_479";"Indian"
7813;"26-02-2023";1159.8;805;"User_805";"Pune";"Gold";487;"Restaurant_487";"Chinese"
7814;"22-04-2023";165.79;2385;"User_2385";"Pune";"Regular";119;"Restaurant_119";"Chinese"
7815;"31-03-2023";212.5;1414;"User_1414";"Bangalore";"Regular";183;"Restaurant_183";"Chinese"
7816;"11-07-2023";1363.7;837;"User_837";"Bangalore";"Gold";111;"Restaurant_111";"Mexican"
7817;"18-10-2023";640.5;1964;"User_1964";"Chennai";"Gold";370;"Restaurant_370";"Chinese"
7818;"04-10-2023";737.01;2908;"User_2908";"Pune";"Gold";159;"Restaurant_159";"Mexican"
7819;"10-06-2023";1233.02;2759;"User_2759";"Hyderabad";"Regular";27;"Restaurant_27";"Italian"
7820;"11-10-2023";861.64;1799;"User_1799";"Chennai";"Gold";416;"Restaurant_416";"Chinese"
7821;"20-10-2023";1394.44;1440;"User_1440";"Hyderabad";"Gold";108;"Restaurant_108";"Chinese"
7822;"06-11-2023";326.55;2694;"User_2694";"Bangalore";"Regular";455;"Restaurant_455";"Chinese"
7823;"30-05-2023";687.39;2514;"User_2514";"Pune";"Regular";58;"Restaurant_58";"Indian"
7824;"30-09-2023";405.87;952;"User_952";"Chennai";"Gold";73;"Restaurant_73";"Mexican"
7825;"01-07-2023";939.42;292;"User_292";"Hyderabad";"Gold";279;"Restaurant_279";"Italian"
7826;"14-09-2023";323.06;1799;"User_1799";"Chennai";"Gold";89;"Restaurant_89";"Indian"
7827;"11-11-2023";623.61;963;"User_963";"Chennai";"Gold";425;"Restaurant_425";"Chinese"
7828;"07-07-2023";227.37;434;"User_434";"Bangalore";"Gold";273;"Restaurant_273";"Indian"
7829;"05-04-2023";885.5;1504;"User_1504";"Bangalore";"Regular";170;"Restaurant_170";"Mexican"
7830;"16-09-2023";943.41;254;"User_254";"Bangalore";"Gold";9;"Restaurant_9";"Italian"
7831;"26-02-2023";585.91;1128;"User_1128";"Pune";"Gold";119;"Restaurant_119";"Chinese"
7832;"11-10-2023";1012.11;1183;"User_1183";"Chennai";"Gold";17;"Restaurant_17";"Indian"
7833;"01-02-2023";1067.62;1928;"User_1928";"Chennai";"Gold";142;"Restaurant_142";"Indian"
7834;"13-08-2023";705.18;2076;"User_2076";"Bangalore";"Gold";207;"Restaurant_207";"Italian"
7835;"04-02-2023";426.52;1138;"User_1138";"Hyderabad";"Gold";460;"Restaurant_460";"Chinese"
7836;"06-07-2023";866.85;1063;"User_1063";"Pune";"Regular";36;"Restaurant_36";"Italian"
7837;"15-04-2023";446.36;1222;"User_1222";"Chennai";"Regular";300;"Restaurant_300";"Italian"
7838;"21-07-2023";1058.57;2779;"User_2779";"Chennai";"Gold";187;"Restaurant_187";"Chinese"
7839;"24-04-2023";1276.44;108;"User_108";"Pune";"Regular";430;"Restaurant_430";"Mexican"
7840;"18-08-2023";827.44;2162;"User_2162";"Bangalore";"Gold";14;"Restaurant_14";"Indian"
7841;"10-07-2023";241.52;874;"User_874";"Pune";"Gold";61;"Restaurant_61";"Italian"
7842;"26-09-2023";167.32;2939;"User_2939";"Pune";"Regular";428;"Restaurant_428";"Mexican"
7843;"06-03-2023";409.32;2525;"User_2525";"Chennai";"Regular";395;"Restaurant_395";"Mexican"
7844;"19-05-2023";394.27;2887;"User_2887";"Chennai";"Regular";127;"Restaurant_127";"Chinese"
7845;"09-03-2023";266.81;303;"User_303";"Pune";"Regular";444;"Restaurant_444";"Chinese"
7846;"13-09-2023";637.36;1740;"User_1740";"Pune";"Regular";385;"Restaurant_385";"Chinese"
7847;"16-07-2023";806.5;903;"User_903";"Bangalore";"Gold";35;"Restaurant_35";"Chinese"
7848;"04-03-2023";362.12;2680;"User_2680";"Bangalore";"Gold";409;"Restaurant_409";"Mexican"
7849;"12-04-2023";1190.56;528;"User_528";"Bangalore";"Regular";328;"Restaurant_328";"Mexican"
7850;"16-02-2023";580.59;502;"User_502";"Pune";"Regular";365;"Restaurant_365";"Italian"
7851;"26-11-2023";677.23;4;"User_4";"Bangalore";"Regular";211;"Restaurant_211";"Chinese"
7852;"23-02-2023";1149.14;2714;"User_2714";"Chennai";"Regular";390;"Restaurant_390";"Mexican"
7853;"09-11-2023";784.79;794;"User_794";"Bangalore";"Regular";401;"Restaurant_401";"Indian"
7854;"08-02-2023";385.83;2239;"User_2239";"Chennai";"Regular";104;"Restaurant_104";"Chinese"
7855;"23-10-2023";962.63;2788;"User_2788";"Hyderabad";"Regular";436;"Restaurant_436";"Mexican"
7856;"07-12-2023";163.24;700;"User_700";"Pune";"Gold";107;"Restaurant_107";"Mexican"
7857;"16-02-2023";941.68;1168;"User_1168";"Hyderabad";"Regular";440;"Restaurant_440";"Mexican"
7858;"26-12-2023";922.14;1337;"User_1337";"Bangalore";"Regular";269;"Restaurant_269";"Indian"
7859;"14-01-2023";856.97;2466;"User_2466";"Hyderabad";"Gold";54;"Restaurant_54";"Italian"
7860;"21-10-2023";820.94;2977;"User_2977";"Chennai";"Gold";359;"Restaurant_359";"Mexican"
7861;"01-03-2023";1492.67;2255;"User_2255";"Chennai";"Gold";316;"Restaurant_316";"Chinese"
7862;"11-05-2023";1243.14;813;"User_813";"Bangalore";"Gold";393;"Restaurant_393";"Italian"
7863;"01-01-2023";949.61;2065;"User_2065";"Chennai";"Regular";220;"Restaurant_220";"Mexican"
7864;"17-12-2023";658.88;457;"User_457";"Chennai";"Regular";437;"Restaurant_437";"Indian"
7865;"21-06-2023";903.53;2762;"User_2762";"Pune";"Gold";226;"Restaurant_226";"Indian"
7866;"16-07-2023";1292.27;1041;"User_1041";"Bangalore";"Regular";229;"Restaurant_229";"Italian"
7867;"15-09-2023";537.2;214;"User_214";"Bangalore";"Regular";51;"Restaurant_51";"Italian"
7868;"17-08-2023";616.9;615;"User_615";"Bangalore";"Gold";282;"Restaurant_282";"Indian"
7869;"12-02-2023";974.15;731;"User_731";"Bangalore";"Regular";439;"Restaurant_439";"Mexican"
7870;"01-09-2023";1199.67;2162;"User_2162";"Bangalore";"Gold";316;"Restaurant_316";"Chinese"
7871;"26-08-2023";439.62;2215;"User_2215";"Pune";"Gold";168;"Restaurant_168";"Indian"
7872;"21-05-2023";1258.31;2253;"User_2253";"Hyderabad";"Regular";385;"Restaurant_385";"Chinese"
7873;"29-11-2023";876.45;974;"User_974";"Bangalore";"Regular";247;"Restaurant_247";"Mexican"
7874;"16-02-2023";564.87;2785;"User_2785";"Pune";"Gold";97;"Restaurant_97";"Mexican"
7875;"04-02-2023";149.74;2604;"User_2604";"Hyderabad";"Gold";330;"Restaurant_330";"Italian"
7876;"06-12-2023";919.08;1856;"User_1856";"Pune";"Gold";129;"Restaurant_129";"Indian"
7877;"30-10-2023";501.81;1274;"User_1274";"Chennai";"Gold";346;"Restaurant_346";"Indian"
7878;"05-01-2023";880.71;335;"User_335";"Chennai";"Gold";373;"Restaurant_373";"Indian"
7879;"06-08-2023";561.02;388;"User_388";"Chennai";"Gold";488;"Restaurant_488";"Chinese"
7880;"10-02-2023";1463.17;2653;"User_2653";"Bangalore";"Gold";420;"Restaurant_420";"Italian"
7881;"19-10-2023";380.61;2027;"User_2027";"Bangalore";"Regular";326;"Restaurant_326";"Italian"
7882;"28-07-2023";788.19;782;"User_782";"Hyderabad";"Gold";8;"Restaurant_8";"Indian"
7883;"11-12-2023";1117.74;2736;"User_2736";"Chennai";"Gold";43;"Restaurant_43";"Chinese"
7884;"19-11-2023";437.86;2456;"User_2456";"Bangalore";"Gold";202;"Restaurant_202";"Indian"
7885;"22-03-2023";605.64;2380;"User_2380";"Pune";"Regular";484;"Restaurant_484";"Mexican"
7886;"19-01-2023";588.13;1455;"User_1455";"Hyderabad";"Gold";54;"Restaurant_54";"Italian"
7887;"30-06-2023";849.73;2210;"User_2210";"Bangalore";"Regular";222;"Restaurant_222";"Italian"
7888;"21-08-2023";1396.76;2185;"User_2185";"Bangalore";"Regular";443;"Restaurant_443";"Mexican"
7889;"24-09-2023";1312.73;1434;"User_1434";"Hyderabad";"Gold";426;"Restaurant_426";"Chinese"
7890;"27-02-2023";115.61;2045;"User_2045";"Pune";"Regular";455;"Restaurant_455";"Chinese"
7891;"27-07-2023";144.91;1660;"User_1660";"Bangalore";"Regular";481;"Restaurant_481";"Indian"
7892;"18-06-2023";134.09;1935;"User_1935";"Bangalore";"Gold";419;"Restaurant_419";"Chinese"
7893;"13-08-2023";964.08;1317;"User_1317";"Pune";"Regular";449;"Restaurant_449";"Indian"
7894;"04-11-2023";1224.17;2040;"User_2040";"Chennai";"Regular";183;"Restaurant_183";"Chinese"
7895;"08-07-2023";722.33;906;"User_906";"Hyderabad";"Gold";486;"Restaurant_486";"Italian"
7896;"06-03-2023";540.05;2490;"User_2490";"Pune";"Gold";176;"Restaurant_176";"Italian"
7897;"01-07-2023";241.76;65;"User_65";"Pune";"Regular";181;"Restaurant_181";"Indian"
7898;"11-09-2023";423.28;2209;"User_2209";"Chennai";"Regular";57;"Restaurant_57";"Mexican"
7899;"29-03-2023";1022.6;1869;"User_1869";"Pune";"Regular";272;"Restaurant_272";"Indian"
7900;"03-05-2023";791.77;1309;"User_1309";"Bangalore";"Gold";94;"Restaurant_94";"Chinese"
7901;"16-09-2023";849.24;1940;"User_1940";"Hyderabad";"Gold";340;"Restaurant_340";"Chinese"
7902;"25-12-2023";551.55;2061;"User_2061";"Chennai";"Gold";112;"Restaurant_112";"Chinese"
7903;"04-11-2023";480.95;1772;"User_1772";"Hyderabad";"Regular";79;"Restaurant_79";"Mexican"
7904;"05-10-2023";157.57;2972;"User_2972";"Bangalore";"Regular";491;"Restaurant_491";"Chinese"
7905;"02-06-2023";288.67;2458;"User_2458";"Bangalore";"Gold";116;"Restaurant_116";"Chinese"
7906;"20-03-2023";1219.54;1435;"User_1435";"Hyderabad";"Regular";493;"Restaurant_493";"Mexican"
7907;"24-12-2023";1253.75;738;"User_738";"Hyderabad";"Gold";228;"Restaurant_228";"Mexican"
7908;"28-02-2023";1464.42;374;"User_374";"Hyderabad";"Regular";71;"Restaurant_71";"Indian"
7909;"18-12-2023";1484.41;44;"User_44";"Chennai";"Gold";130;"Restaurant_130";"Indian"
7910;"15-12-2023";967.14;2837;"User_2837";"Hyderabad";"Gold";480;"Restaurant_480";"Chinese"
7911;"09-08-2023";139.47;1285;"User_1285";"Chennai";"Gold";318;"Restaurant_318";"Indian"
7912;"23-02-2023";489.97;362;"User_362";"Chennai";"Gold";393;"Restaurant_393";"Italian"
7913;"22-09-2023";1027.34;1210;"User_1210";"Chennai";"Gold";196;"Restaurant_196";"Italian"
7914;"22-07-2023";625.76;2496;"User_2496";"Chennai";"Gold";407;"Restaurant_407";"Mexican"
7915;"01-11-2023";424.35;1802;"User_1802";"Hyderabad";"Regular";231;"Restaurant_231";"Indian"
7916;"26-03-2023";1038.58;2668;"User_2668";"Pune";"Regular";443;"Restaurant_443";"Mexican"
7917;"30-11-2023";1275.78;447;"User_447";"Hyderabad";"Regular";98;"Restaurant_98";"Indian"
7918;"05-07-2023";182.61;672;"User_672";"Bangalore";"Regular";337;"Restaurant_337";"Mexican"
7919;"30-11-2023";1294.44;1284;"User_1284";"Chennai";"Regular";109;"Restaurant_109";"Chinese"
7920;"16-11-2023";535.8;2566;"User_2566";"Bangalore";"Gold";493;"Restaurant_493";"Mexican"
7921;"29-09-2023";803.47;1147;"User_1147";"Hyderabad";"Regular";232;"Restaurant_232";"Mexican"
7922;"19-08-2023";1316.77;487;"User_487";"Hyderabad";"Regular";375;"Restaurant_375";"Chinese"
7923;"04-12-2023";1466.26;2047;"User_2047";"Hyderabad";"Gold";460;"Restaurant_460";"Chinese"
7924;"07-02-2023";1340.14;2515;"User_2515";"Pune";"Regular";41;"Restaurant_41";"Mexican"
7925;"26-06-2023";1082.25;103;"User_103";"Hyderabad";"Regular";397;"Restaurant_397";"Indian"
7926;"29-12-2023";1497.8;978;"User_978";"Pune";"Regular";98;"Restaurant_98";"Indian"
7927;"05-06-2023";909.46;1412;"User_1412";"Chennai";"Regular";419;"Restaurant_419";"Chinese"
7928;"21-10-2023";617.53;1179;"User_1179";"Bangalore";"Regular";364;"Restaurant_364";"Mexican"
7929;"12-03-2023";188.64;730;"User_730";"Bangalore";"Regular";437;"Restaurant_437";"Indian"
7930;"15-05-2023";305.41;1693;"User_1693";"Pune";"Gold";461;"Restaurant_461";"Italian"
7931;"28-05-2023";1057.55;1220;"User_1220";"Hyderabad";"Regular";71;"Restaurant_71";"Indian"
7932;"12-04-2023";992.42;1190;"User_1190";"Chennai";"Gold";426;"Restaurant_426";"Chinese"
7933;"03-06-2023";1142.61;1750;"User_1750";"Pune";"Gold";41;"Restaurant_41";"Mexican"
7934;"30-01-2023";1416.46;2773;"User_2773";"Pune";"Gold";451;"Restaurant_451";"Chinese"
7935;"30-07-2023";512.43;1997;"User_1997";"Pune";"Gold";357;"Restaurant_357";"Italian"
7936;"07-09-2023";1349.97;1139;"User_1139";"Hyderabad";"Regular";16;"Restaurant_16";"Indian"
7937;"02-04-2023";1092.74;2690;"User_2690";"Hyderabad";"Regular";137;"Restaurant_137";"Indian"
7938;"16-10-2023";801.35;2752;"User_2752";"Bangalore";"Gold";489;"Restaurant_489";"Italian"
7939;"22-04-2023";997.48;1899;"User_1899";"Chennai";"Gold";122;"Restaurant_122";"Indian"
7940;"08-03-2023";956.04;2506;"User_2506";"Bangalore";"Gold";316;"Restaurant_316";"Chinese"
7941;"05-06-2023";222.5;722;"User_722";"Pune";"Gold";231;"Restaurant_231";"Indian"
7942;"05-02-2023";1141.67;2102;"User_2102";"Bangalore";"Gold";298;"Restaurant_298";"Mexican"
7943;"04-01-2023";1390.82;448;"User_448";"Chennai";"Regular";393;"Restaurant_393";"Italian"
7944;"05-04-2023";344.63;735;"User_735";"Bangalore";"Gold";420;"Restaurant_420";"Italian"
7945;"07-10-2023";837.89;2627;"User_2627";"Bangalore";"Gold";39;"Restaurant_39";"Indian"
7946;"06-06-2023";1259.54;2063;"User_2063";"Bangalore";"Gold";253;"Restaurant_253";"Italian"
7947;"11-05-2023";919.51;2649;"User_2649";"Hyderabad";"Gold";305;"Restaurant_305";"Indian"
7948;"21-05-2023";315.16;613;"User_613";"Chennai";"Regular";350;"Restaurant_350";"Mexican"
7949;"12-01-2023";1111.98;202;"User_202";"Chennai";"Regular";194;"Restaurant_194";"Chinese"
7950;"12-11-2023";336.46;2780;"User_2780";"Bangalore";"Regular";356;"Restaurant_356";"Indian"
7951;"08-09-2023";1062.43;1846;"User_1846";"Chennai";"Regular";50;"Restaurant_50";"Mexican"
7952;"17-08-2023";799.21;2388;"User_2388";"Hyderabad";"Regular";86;"Restaurant_86";"Indian"
7953;"21-07-2023";559.64;2255;"User_2255";"Chennai";"Gold";170;"Restaurant_170";"Mexican"
7954;"01-11-2023";1152.28;2447;"User_2447";"Chennai";"Regular";215;"Restaurant_215";"Mexican"
7955;"17-04-2023";1215.51;2364;"User_2364";"Chennai";"Gold";394;"Restaurant_394";"Mexican"
7956;"06-06-2023";1080.63;1952;"User_1952";"Pune";"Regular";79;"Restaurant_79";"Mexican"
7957;"02-11-2023";453.12;2506;"User_2506";"Bangalore";"Gold";209;"Restaurant_209";"Indian"
7958;"24-02-2023";1387.53;1266;"User_1266";"Bangalore";"Regular";123;"Restaurant_123";"Chinese"
7959;"09-02-2023";1260.07;1493;"User_1493";"Chennai";"Regular";223;"Restaurant_223";"Italian"
7960;"08-12-2023";195.3;1229;"User_1229";"Bangalore";"Regular";200;"Restaurant_200";"Chinese"
7961;"11-06-2023";750.78;2265;"User_2265";"Pune";"Gold";79;"Restaurant_79";"Mexican"
7962;"08-12-2023";232.25;386;"User_386";"Pune";"Regular";330;"Restaurant_330";"Italian"
7963;"15-01-2023";400.35;46;"User_46";"Bangalore";"Regular";487;"Restaurant_487";"Chinese"
7964;"16-02-2023";327.87;759;"User_759";"Chennai";"Regular";91;"Restaurant_91";"Italian"
7965;"15-09-2023";502.25;1923;"User_1923";"Chennai";"Regular";187;"Restaurant_187";"Chinese"
7966;"14-10-2023";539.61;2443;"User_2443";"Pune";"Regular";222;"Restaurant_222";"Italian"
7967;"13-10-2023";516.91;957;"User_957";"Bangalore";"Gold";230;"Restaurant_230";"Chinese"
7968;"11-03-2023";1157.4;2009;"User_2009";"Chennai";"Gold";341;"Restaurant_341";"Chinese"
7969;"11-06-2023";863.74;1288;"User_1288";"Chennai";"Regular";216;"Restaurant_216";"Italian"
7970;"01-07-2023";1156.08;1700;"User_1700";"Hyderabad";"Regular";5;"Restaurant_5";"Chinese"
7971;"29-07-2023";1171.74;1802;"User_1802";"Hyderabad";"Regular";396;"Restaurant_396";"Mexican"
7972;"12-11-2023";1416.59;1608;"User_1608";"Bangalore";"Gold";398;"Restaurant_398";"Indian"
7973;"28-09-2023";1380.58;1558;"User_1558";"Chennai";"Gold";439;"Restaurant_439";"Mexican"
7974;"03-12-2023";1422.03;2567;"User_2567";"Bangalore";"Gold";86;"Restaurant_86";"Indian"
7975;"11-04-2023";116.89;2229;"User_2229";"Hyderabad";"Regular";25;"Restaurant_25";"Chinese"
7976;"18-01-2023";232.73;2235;"User_2235";"Chennai";"Gold";475;"Restaurant_475";"Italian"
7977;"12-03-2023";1301.33;954;"User_954";"Chennai";"Gold";485;"Restaurant_485";"Mexican"
7978;"07-10-2023";516.88;93;"User_93";"Bangalore";"Regular";343;"Restaurant_343";"Mexican"
7979;"13-09-2023";1267.26;890;"User_890";"Chennai";"Gold";360;"Restaurant_360";"Indian"
7980;"15-12-2023";253.43;449;"User_449";"Pune";"Regular";366;"Restaurant_366";"Indian"
7981;"07-08-2023";845.85;568;"User_568";"Bangalore";"Regular";457;"Restaurant_457";"Indian"
7982;"02-03-2023";194.71;2867;"User_2867";"Bangalore";"Regular";481;"Restaurant_481";"Indian"
7983;"29-04-2023";1329.66;2705;"User_2705";"Pune";"Regular";212;"Restaurant_212";"Indian"
7984;"19-10-2023";1460.32;1021;"User_1021";"Bangalore";"Regular";484;"Restaurant_484";"Mexican"
7985;"18-08-2023";1193.77;177;"User_177";"Chennai";"Regular";248;"Restaurant_248";"Italian"
7986;"11-04-2023";1499.83;1396;"User_1396";"Pune";"Gold";75;"Restaurant_75";"Chinese"
7987;"19-08-2023";623.08;1938;"User_1938";"Bangalore";"Regular";192;"Restaurant_192";"Italian"
7988;"21-06-2023";1240.15;2044;"User_2044";"Bangalore";"Regular";230;"Restaurant_230";"Chinese"
7989;"09-02-2023";1354.99;2796;"User_2796";"Bangalore";"Gold";296;"Restaurant_296";"Italian"
7990;"20-01-2023";1100.2;1582;"User_1582";"Hyderabad";"Regular";380;"Restaurant_380";"Italian"
7991;"22-12-2023";1432.87;752;"User_752";"Hyderabad";"Gold";111;"Restaurant_111";"Mexican"
7992;"19-10-2023";1392.04;261;"User_261";"Bangalore";"Regular";499;"Restaurant_499";"Mexican"
7993;"10-12-2023";385.24;354;"User_354";"Chennai";"Regular";331;"Restaurant_331";"Mexican"
7994;"10-11-2023";1096.66;1765;"User_1765";"Hyderabad";"Regular";407;"Restaurant_407";"Mexican"
7995;"01-10-2023";503.52;702;"User_702";"Pune";"Regular";78;"Restaurant_78";"Indian"
7996;"01-06-2023";103.03;15;"User_15";"Bangalore";"Regular";18;"Restaurant_18";"Italian"
7997;"08-01-2023";1144.59;790;"User_790";"Bangalore";"Regular";8;"Restaurant_8";"Indian"
7998;"30-01-2023";270.77;2515;"User_2515";"Pune";"Regular";315;"Restaurant_315";"Mexican"
7999;"30-09-2023";467.89;794;"User_794";"Bangalore";"Regular";319;"Restaurant_319";"Indian"
8000;"30-03-2023";1368.88;613;"User_613";"Chennai";"Regular";347;"Restaurant_347";"Chinese"
8001;"18-08-2023";664.81;2179;"User_2179";"Pune";"Regular";374;"Restaurant_374";"Mexican"
8002;"03-02-2023";288.96;1274;"User_1274";"Chennai";"Gold";309;"Restaurant_309";"Indian"
8003;"25-10-2023";1005.67;1334;"User_1334";"Bangalore";"Gold";383;"Restaurant_383";"Indian"
8004;"15-06-2023";485.99;2743;"User_2743";"Hyderabad";"Regular";86;"Restaurant_86";"Indian"
8005;"02-11-2023";132.18;2145;"User_2145";"Chennai";"Regular";11;"Restaurant_11";"Chinese"
8006;"07-05-2023";1338.17;2221;"User_2221";"Bangalore";"Gold";340;"Restaurant_340";"Chinese"
8007;"21-03-2023";359.19;1069;"User_1069";"Chennai";"Regular";373;"Restaurant_373";"Indian"
8008;"16-05-2023";1201.14;459;"User_459";"Hyderabad";"Regular";387;"Restaurant_387";"Mexican"
8009;"15-10-2023";1036.06;104;"User_104";"Hyderabad";"Gold";192;"Restaurant_192";"Italian"
8010;"13-10-2023";207.9;1430;"User_1430";"Hyderabad";"Regular";22;"Restaurant_22";"Chinese"
8011;"31-05-2023";511.6;2195;"User_2195";"Bangalore";"Regular";314;"Restaurant_314";"Indian"
8012;"15-09-2023";837.94;459;"User_459";"Hyderabad";"Regular";55;"Restaurant_55";"Indian"
8013;"18-11-2023";960.02;2084;"User_2084";"Chennai";"Gold";215;"Restaurant_215";"Mexican"
8014;"10-08-2023";540.9;1870;"User_1870";"Bangalore";"Regular";115;"Restaurant_115";"Chinese"
8015;"11-07-2023";1215.21;636;"User_636";"Chennai";"Regular";16;"Restaurant_16";"Indian"
8016;"31-12-2023";310.6;293;"User_293";"Bangalore";"Gold";190;"Restaurant_190";"Chinese"
8017;"12-10-2023";114.45;2297;"User_2297";"Bangalore";"Gold";147;"Restaurant_147";"Italian"
8018;"30-05-2023";419.56;1746;"User_1746";"Hyderabad";"Gold";318;"Restaurant_318";"Indian"
8019;"26-03-2023";1335.99;2977;"User_2977";"Chennai";"Gold";416;"Restaurant_416";"Chinese"
8020;"28-01-2023";1212.37;1616;"User_1616";"Hyderabad";"Gold";111;"Restaurant_111";"Mexican"
8021;"29-03-2023";1066.08;2954;"User_2954";"Chennai";"Gold";186;"Restaurant_186";"Indian"
8022;"23-09-2023";786.44;1086;"User_1086";"Bangalore";"Gold";366;"Restaurant_366";"Indian"
8023;"27-09-2023";165.45;558;"User_558";"Hyderabad";"Regular";82;"Restaurant_82";"Chinese"
8024;"21-06-2023";618.75;2215;"User_2215";"Pune";"Gold";353;"Restaurant_353";"Indian"
8025;"03-09-2023";1378.97;2911;"User_2911";"Pune";"Regular";373;"Restaurant_373";"Indian"
8026;"19-12-2023";788.67;2856;"User_2856";"Hyderabad";"Regular";96;"Restaurant_96";"Mexican"
8027;"07-05-2023";1061.65;2997;"User_2997";"Hyderabad";"Regular";79;"Restaurant_79";"Mexican"
8028;"31-03-2023";498.83;2723;"User_2723";"Chennai";"Regular";81;"Restaurant_81";"Chinese"
8029;"28-07-2023";1418.94;1117;"User_1117";"Hyderabad";"Regular";215;"Restaurant_215";"Mexican"
8030;"23-05-2023";1248.74;2000;"User_2000";"Bangalore";"Regular";379;"Restaurant_379";"Mexican"
8031;"15-08-2023";1318.28;63;"User_63";"Pune";"Regular";324;"Restaurant_324";"Mexican"
8032;"01-04-2023";233.95;2108;"User_2108";"Chennai";"Gold";88;"Restaurant_88";"Indian"
8033;"02-12-2023";914.6;2300;"User_2300";"Hyderabad";"Gold";264;"Restaurant_264";"Indian"
8034;"12-01-2023";1293.46;2132;"User_2132";"Bangalore";"Gold";392;"Restaurant_392";"Italian"
8035;"13-08-2023";1201.17;1715;"User_1715";"Pune";"Regular";425;"Restaurant_425";"Chinese"
8036;"26-05-2023";1192.28;1006;"User_1006";"Chennai";"Regular";260;"Restaurant_260";"Indian"
8037;"01-01-2023";388.22;993;"User_993";"Chennai";"Gold";341;"Restaurant_341";"Chinese"
8038;"27-12-2023";1437.98;2265;"User_2265";"Pune";"Gold";312;"Restaurant_312";"Chinese"
8039;"21-05-2023";559.38;2622;"User_2622";"Pune";"Regular";489;"Restaurant_489";"Italian"
8040;"21-01-2023";1344.66;1495;"User_1495";"Chennai";"Regular";83;"Restaurant_83";"Chinese"
8041;"29-03-2023";1344.99;1515;"User_1515";"Bangalore";"Regular";113;"Restaurant_113";"Chinese"
8042;"19-05-2023";1245.83;599;"User_599";"Hyderabad";"Gold";368;"Restaurant_368";"Indian"
8043;"23-03-2023";1069.96;2547;"User_2547";"Chennai";"Regular";284;"Restaurant_284";"Indian"
8044;"03-08-2023";772.72;215;"User_215";"Bangalore";"Gold";453;"Restaurant_453";"Chinese"
8045;"21-01-2023";1194.38;302;"User_302";"Pune";"Gold";5;"Restaurant_5";"Chinese"
8046;"31-12-2023";475.27;1348;"User_1348";"Hyderabad";"Regular";324;"Restaurant_324";"Mexican"
8047;"28-03-2023";432.43;2509;"User_2509";"Pune";"Gold";2;"Restaurant_2";"Indian"
8048;"27-07-2023";963.21;316;"User_316";"Pune";"Gold";433;"Restaurant_433";"Italian"
8049;"30-05-2023";1428.42;2076;"User_2076";"Bangalore";"Gold";304;"Restaurant_304";"Italian"
8050;"24-02-2023";741.77;2470;"User_2470";"Hyderabad";"Regular";283;"Restaurant_283";"Chinese"
8051;"01-02-2023";1257.71;1115;"User_1115";"Chennai";"Regular";349;"Restaurant_349";"Indian"
8052;"06-04-2023";701.15;2920;"User_2920";"Bangalore";"Gold";46;"Restaurant_46";"Chinese"
8053;"07-05-2023";879.9;290;"User_290";"Hyderabad";"Regular";152;"Restaurant_152";"Indian"
8054;"24-03-2023";564.56;1724;"User_1724";"Bangalore";"Regular";129;"Restaurant_129";"Indian"
8055;"22-06-2023";634.13;583;"User_583";"Pune";"Gold";412;"Restaurant_412";"Mexican"
8056;"06-11-2023";885.6;836;"User_836";"Bangalore";"Gold";400;"Restaurant_400";"Mexican"
8057;"23-06-2023";116.51;256;"User_256";"Bangalore";"Regular";474;"Restaurant_474";"Mexican"
8058;"22-03-2023";604.7;2477;"User_2477";"Bangalore";"Gold";39;"Restaurant_39";"Indian"
8059;"18-06-2023";634.01;499;"User_499";"Bangalore";"Regular";335;"Restaurant_335";"Italian"
8060;"01-12-2023";376.67;2269;"User_2269";"Hyderabad";"Regular";109;"Restaurant_109";"Chinese"
8061;"08-07-2023";736.9;802;"User_802";"Hyderabad";"Gold";162;"Restaurant_162";"Italian"
8062;"13-08-2023";381.51;2142;"User_2142";"Chennai";"Gold";381;"Restaurant_381";"Italian"
8063;"24-11-2023";353.52;292;"User_292";"Hyderabad";"Gold";301;"Restaurant_301";"Italian"
8064;"21-02-2023";499.01;799;"User_799";"Chennai";"Regular";369;"Restaurant_369";"Italian"
8065;"04-09-2023";214.57;2701;"User_2701";"Chennai";"Gold";110;"Restaurant_110";"Mexican"
8066;"05-09-2023";203.17;1184;"User_1184";"Pune";"Gold";100;"Restaurant_100";"Indian"
8067;"28-03-2023";1182.12;1604;"User_1604";"Hyderabad";"Regular";131;"Restaurant_131";"Italian"
8068;"13-09-2023";1208.4;1917;"User_1917";"Chennai";"Gold";497;"Restaurant_497";"Mexican"
8069;"19-10-2023";1415.81;581;"User_581";"Chennai";"Gold";211;"Restaurant_211";"Chinese"
8070;"29-12-2023";637.53;636;"User_636";"Chennai";"Regular";421;"Restaurant_421";"Indian"
8071;"25-04-2023";598.7;1806;"User_1806";"Chennai";"Gold";318;"Restaurant_318";"Indian"
8072;"06-07-2023";112.72;2744;"User_2744";"Hyderabad";"Gold";416;"Restaurant_416";"Chinese"
8073;"16-01-2023";1054.79;1083;"User_1083";"Hyderabad";"Regular";422;"Restaurant_422";"Mexican"
8074;"29-03-2023";306.4;1279;"User_1279";"Bangalore";"Regular";47;"Restaurant_47";"Indian"
8075;"15-07-2023";960.99;786;"User_786";"Hyderabad";"Gold";434;"Restaurant_434";"Italian"
8076;"14-05-2023";692.17;733;"User_733";"Chennai";"Gold";237;"Restaurant_237";"Italian"
8077;"23-06-2023";1024.84;2658;"User_2658";"Bangalore";"Regular";78;"Restaurant_78";"Indian"
8078;"01-03-2023";279.18;321;"User_321";"Chennai";"Regular";462;"Restaurant_462";"Italian"
8079;"19-03-2023";770.01;2062;"User_2062";"Hyderabad";"Gold";93;"Restaurant_93";"Chinese"
8080;"22-07-2023";426.67;497;"User_497";"Hyderabad";"Regular";370;"Restaurant_370";"Chinese"
8081;"31-07-2023";1183.2;2034;"User_2034";"Pune";"Gold";349;"Restaurant_349";"Indian"
8082;"16-01-2023";205.37;368;"User_368";"Pune";"Regular";92;"Restaurant_92";"Mexican"
8083;"08-10-2023";858.29;2410;"User_2410";"Hyderabad";"Gold";444;"Restaurant_444";"Chinese"
8084;"10-02-2023";560.06;2390;"User_2390";"Hyderabad";"Gold";82;"Restaurant_82";"Chinese"
8085;"27-12-2023";1060.34;1027;"User_1027";"Chennai";"Gold";222;"Restaurant_222";"Italian"
8086;"19-05-2023";556.19;1264;"User_1264";"Chennai";"Regular";483;"Restaurant_483";"Chinese"
8087;"02-08-2023";1253.74;885;"User_885";"Chennai";"Gold";404;"Restaurant_404";"Indian"
8088;"14-01-2023";290.73;944;"User_944";"Bangalore";"Regular";154;"Restaurant_154";"Chinese"
8089;"11-08-2023";745.59;1476;"User_1476";"Pune";"Gold";342;"Restaurant_342";"Mexican"
8090;"08-03-2023";661.26;500;"User_500";"Chennai";"Regular";133;"Restaurant_133";"Italian"
8091;"24-11-2023";647.32;1214;"User_1214";"Pune";"Gold";362;"Restaurant_362";"Indian"
8092;"16-10-2023";160.23;664;"User_664";"Pune";"Regular";138;"Restaurant_138";"Indian"
8093;"11-02-2023";1361.09;2104;"User_2104";"Bangalore";"Gold";86;"Restaurant_86";"Indian"
8094;"01-07-2023";812.56;1710;"User_1710";"Hyderabad";"Regular";228;"Restaurant_228";"Mexican"
8095;"25-11-2023";1457.41;985;"User_985";"Bangalore";"Regular";341;"Restaurant_341";"Chinese"
8096;"04-11-2023";864.19;2137;"User_2137";"Pune";"Gold";379;"Restaurant_379";"Mexican"
8097;"15-03-2023";1092.06;2944;"User_2944";"Hyderabad";"Gold";99;"Restaurant_99";"Italian"
8098;"16-01-2023";1487.59;209;"User_209";"Pune";"Regular";32;"Restaurant_32";"Italian"
8099;"27-02-2023";376.46;1558;"User_1558";"Chennai";"Gold";386;"Restaurant_386";"Italian"
8100;"06-03-2023";882.28;2051;"User_2051";"Bangalore";"Regular";275;"Restaurant_275";"Italian"
8101;"06-12-2023";998.12;1958;"User_1958";"Chennai";"Regular";175;"Restaurant_175";"Chinese"
8102;"25-05-2023";785.21;1044;"User_1044";"Bangalore";"Regular";128;"Restaurant_128";"Indian"
8103;"12-02-2023";591.29;774;"User_774";"Bangalore";"Gold";296;"Restaurant_296";"Italian"
8104;"17-01-2023";171.74;530;"User_530";"Pune";"Regular";422;"Restaurant_422";"Mexican"
8105;"08-08-2023";512.58;337;"User_337";"Pune";"Gold";426;"Restaurant_426";"Chinese"
8106;"06-10-2023";566.59;269;"User_269";"Bangalore";"Gold";16;"Restaurant_16";"Indian"
8107;"11-04-2023";365.62;522;"User_522";"Bangalore";"Gold";11;"Restaurant_11";"Chinese"
8108;"10-10-2023";623.92;872;"User_872";"Hyderabad";"Gold";4;"Restaurant_4";"Chinese"
8109;"04-09-2023";977.9;1196;"User_1196";"Pune";"Gold";74;"Restaurant_74";"Chinese"
8110;"20-06-2023";1053.98;831;"User_831";"Pune";"Regular";122;"Restaurant_122";"Indian"
8111;"10-05-2023";282.27;2474;"User_2474";"Chennai";"Gold";103;"Restaurant_103";"Mexican"
8112;"05-09-2023";583.83;894;"User_894";"Chennai";"Regular";44;"Restaurant_44";"Indian"
8113;"06-11-2023";557.58;2861;"User_2861";"Pune";"Gold";72;"Restaurant_72";"Mexican"
8114;"13-08-2023";1114.77;2461;"User_2461";"Bangalore";"Gold";48;"Restaurant_48";"Mexican"
8115;"04-08-2023";946.63;81;"User_81";"Chennai";"Regular";26;"Restaurant_26";"Chinese"
8116;"01-04-2023";1061.29;1434;"User_1434";"Hyderabad";"Gold";214;"Restaurant_214";"Chinese"
8117;"16-09-2023";755.76;116;"User_116";"Hyderabad";"Gold";412;"Restaurant_412";"Mexican"
8118;"10-12-2023";1372.44;1087;"User_1087";"Pune";"Regular";236;"Restaurant_236";"Italian"
8119;"21-09-2023";1173.06;1660;"User_1660";"Bangalore";"Regular";100;"Restaurant_100";"Indian"
8120;"16-11-2023";423.14;2096;"User_2096";"Pune";"Regular";21;"Restaurant_21";"Indian"
8121;"06-11-2023";151.99;1381;"User_1381";"Bangalore";"Regular";32;"Restaurant_32";"Italian"
8122;"29-05-2023";357.8;175;"User_175";"Hyderabad";"Gold";41;"Restaurant_41";"Mexican"
8123;"07-11-2023";907.87;583;"User_583";"Pune";"Gold";186;"Restaurant_186";"Indian"
8124;"14-05-2023";904.02;1917;"User_1917";"Chennai";"Gold";36;"Restaurant_36";"Italian"
8125;"10-05-2023";128.1;714;"User_714";"Hyderabad";"Gold";208;"Restaurant_208";"Mexican"
8126;"17-12-2023";1137.13;1178;"User_1178";"Chennai";"Regular";430;"Restaurant_430";"Mexican"
8127;"02-11-2023";510.35;680;"User_680";"Bangalore";"Gold";45;"Restaurant_45";"Mexican"
8128;"06-04-2023";930.29;2796;"User_2796";"Bangalore";"Gold";266;"Restaurant_266";"Italian"
8129;"25-10-2023";974.88;901;"User_901";"Bangalore";"Regular";479;"Restaurant_479";"Indian"
8130;"04-10-2023";1084.32;2409;"User_2409";"Chennai";"Regular";403;"Restaurant_403";"Indian"
8131;"16-05-2023";1413.09;1041;"User_1041";"Bangalore";"Regular";403;"Restaurant_403";"Indian"
8132;"19-02-2023";108.54;904;"User_904";"Chennai";"Gold";27;"Restaurant_27";"Italian"
8133;"18-07-2023";545.24;2810;"User_2810";"Bangalore";"Regular";41;"Restaurant_41";"Mexican"
8134;"07-05-2023";988.51;1066;"User_1066";"Bangalore";"Regular";58;"Restaurant_58";"Indian"
8135;"12-09-2023";1454.97;494;"User_494";"Hyderabad";"Regular";23;"Restaurant_23";"Chinese"
8136;"15-09-2023";815.22;1773;"User_1773";"Pune";"Regular";6;"Restaurant_6";"Chinese"
8137;"03-07-2023";546.67;1387;"User_1387";"Pune";"Gold";483;"Restaurant_483";"Chinese"
8138;"04-11-2023";1358.92;1802;"User_1802";"Hyderabad";"Regular";122;"Restaurant_122";"Indian"
8139;"16-11-2023";300.3;58;"User_58";"Bangalore";"Regular";93;"Restaurant_93";"Chinese"
8140;"04-12-2023";974.39;2634;"User_2634";"Chennai";"Regular";39;"Restaurant_39";"Indian"
8141;"17-09-2023";1292.22;2993;"User_2993";"Chennai";"Gold";327;"Restaurant_327";"Indian"
8142;"24-04-2023";923.83;2585;"User_2585";"Pune";"Gold";400;"Restaurant_400";"Mexican"
8143;"13-07-2023";1330.61;515;"User_515";"Chennai";"Regular";120;"Restaurant_120";"Italian"
8144;"15-04-2023";1297.07;1226;"User_1226";"Hyderabad";"Gold";46;"Restaurant_46";"Chinese"
8145;"03-07-2023";789.28;1479;"User_1479";"Pune";"Regular";205;"Restaurant_205";"Italian"
8146;"10-10-2023";1296.09;875;"User_875";"Hyderabad";"Regular";407;"Restaurant_407";"Mexican"
8147;"14-07-2023";795.99;2765;"User_2765";"Chennai";"Gold";474;"Restaurant_474";"Mexican"
8148;"16-06-2023";393.8;2566;"User_2566";"Bangalore";"Gold";435;"Restaurant_435";"Italian"
8149;"11-01-2023";1045.09;2220;"User_2220";"Bangalore";"Regular";224;"Restaurant_224";"Chinese"
8150;"20-10-2023";616.21;933;"User_933";"Hyderabad";"Regular";319;"Restaurant_319";"Indian"
8151;"04-10-2023";965.36;88;"User_88";"Pune";"Gold";65;"Restaurant_65";"Mexican"
8152;"26-10-2023";1397.18;2062;"User_2062";"Hyderabad";"Gold";200;"Restaurant_200";"Chinese"
8153;"02-11-2023";868.85;628;"User_628";"Pune";"Regular";273;"Restaurant_273";"Indian"
8154;"01-11-2023";551.56;2481;"User_2481";"Bangalore";"Gold";251;"Restaurant_251";"Chinese"
8155;"27-05-2023";1225.35;1631;"User_1631";"Bangalore";"Regular";482;"Restaurant_482";"Chinese"
8156;"29-07-2023";1452.1;1556;"User_1556";"Bangalore";"Regular";369;"Restaurant_369";"Italian"
8157;"03-05-2023";1251.91;650;"User_650";"Chennai";"Gold";17;"Restaurant_17";"Indian"
8158;"27-10-2023";1255.39;1960;"User_1960";"Chennai";"Gold";387;"Restaurant_387";"Mexican"
8159;"31-07-2023";297.94;1130;"User_1130";"Chennai";"Gold";172;"Restaurant_172";"Italian"
8160;"23-11-2023";603.86;2139;"User_2139";"Bangalore";"Gold";53;"Restaurant_53";"Indian"
8161;"06-06-2023";893.2;299;"User_299";"Bangalore";"Regular";71;"Restaurant_71";"Indian"
8162;"15-01-2023";1081.83;182;"User_182";"Bangalore";"Regular";360;"Restaurant_360";"Indian"
8163;"28-04-2023";475.34;1973;"User_1973";"Bangalore";"Regular";434;"Restaurant_434";"Italian"
8164;"22-09-2023";452.45;1807;"User_1807";"Pune";"Gold";221;"Restaurant_221";"Chinese"
8165;"30-01-2023";1209.76;2138;"User_2138";"Chennai";"Regular";487;"Restaurant_487";"Chinese"
8166;"12-01-2023";571.22;997;"User_997";"Chennai";"Gold";51;"Restaurant_51";"Italian"
8167;"21-03-2023";1020.47;1925;"User_1925";"Chennai";"Gold";477;"Restaurant_477";"Indian"
8168;"18-07-2023";1154.83;1951;"User_1951";"Pune";"Gold";385;"Restaurant_385";"Chinese"
8169;"29-09-2023";985.4;1160;"User_1160";"Chennai";"Gold";369;"Restaurant_369";"Italian"
8170;"04-12-2023";144.66;2797;"User_2797";"Hyderabad";"Gold";377;"Restaurant_377";"Mexican"
8171;"20-10-2023";1323.65;849;"User_849";"Pune";"Regular";83;"Restaurant_83";"Chinese"
8172;"24-07-2023";310.56;1534;"User_1534";"Pune";"Gold";170;"Restaurant_170";"Mexican"
8173;"02-01-2023";1133.53;1847;"User_1847";"Bangalore";"Regular";7;"Restaurant_7";"Italian"
8174;"17-06-2023";1261.63;176;"User_176";"Hyderabad";"Gold";104;"Restaurant_104";"Chinese"
8175;"26-05-2023";1249.93;2492;"User_2492";"Bangalore";"Regular";466;"Restaurant_466";"Italian"
8176;"13-08-2023";1195.24;2295;"User_2295";"Bangalore";"Regular";96;"Restaurant_96";"Mexican"
8177;"11-10-2023";430.6;825;"User_825";"Chennai";"Gold";359;"Restaurant_359";"Mexican"
8178;"31-01-2023";1045.28;2818;"User_2818";"Pune";"Gold";25;"Restaurant_25";"Chinese"
8179;"15-06-2023";741.19;2491;"User_2491";"Bangalore";"Gold";211;"Restaurant_211";"Chinese"
8180;"22-02-2023";1499.19;2204;"User_2204";"Chennai";"Gold";231;"Restaurant_231";"Indian"
8181;"19-03-2023";1496.2;2002;"User_2002";"Pune";"Gold";67;"Restaurant_67";"Mexican"
8182;"30-10-2023";749.2;1135;"User_1135";"Bangalore";"Regular";2;"Restaurant_2";"Indian"
8183;"31-03-2023";1264.08;1660;"User_1660";"Bangalore";"Regular";438;"Restaurant_438";"Italian"
8184;"05-01-2023";337.34;721;"User_721";"Chennai";"Gold";405;"Restaurant_405";"Indian"
8185;"09-09-2023";135.88;833;"User_833";"Bangalore";"Regular";227;"Restaurant_227";"Italian"
8186;"23-10-2023";173.31;2337;"User_2337";"Bangalore";"Gold";8;"Restaurant_8";"Indian"
8187;"20-03-2023";196.04;64;"User_64";"Pune";"Regular";300;"Restaurant_300";"Italian"
8188;"02-11-2023";1494.51;2829;"User_2829";"Bangalore";"Regular";291;"Restaurant_291";"Mexican"
8189;"26-05-2023";779.25;156;"User_156";"Hyderabad";"Regular";490;"Restaurant_490";"Italian"
8190;"04-02-2023";1067.56;1648;"User_1648";"Hyderabad";"Regular";270;"Restaurant_270";"Mexican"
8191;"07-06-2023";475.88;68;"User_68";"Pune";"Gold";236;"Restaurant_236";"Italian"
8192;"20-06-2023";191.84;2932;"User_2932";"Chennai";"Gold";166;"Restaurant_166";"Chinese"
8193;"12-03-2023";1142.03;227;"User_227";"Chennai";"Gold";191;"Restaurant_191";"Indian"
8194;"05-09-2023";267.52;1673;"User_1673";"Chennai";"Regular";392;"Restaurant_392";"Italian"
8195;"02-06-2023";1465.33;2357;"User_2357";"Hyderabad";"Regular";98;"Restaurant_98";"Indian"
8196;"16-12-2023";1399.45;934;"User_934";"Bangalore";"Regular";216;"Restaurant_216";"Italian"
8197;"07-10-2023";376.94;1689;"User_1689";"Bangalore";"Regular";175;"Restaurant_175";"Chinese"
8198;"25-10-2023";131.8;1368;"User_1368";"Pune";"Gold";383;"Restaurant_383";"Indian"
8199;"28-05-2023";246.53;2627;"User_2627";"Bangalore";"Gold";3;"Restaurant_3";"Mexican"
8200;"08-03-2023";1195.87;2430;"User_2430";"Pune";"Gold";443;"Restaurant_443";"Mexican"
8201;"08-06-2023";1069.78;1198;"User_1198";"Chennai";"Gold";372;"Restaurant_372";"Italian"
8202;"30-05-2023";347.02;282;"User_282";"Chennai";"Gold";127;"Restaurant_127";"Chinese"
8203;"02-07-2023";122.35;520;"User_520";"Chennai";"Regular";428;"Restaurant_428";"Mexican"
8204;"22-02-2023";805.95;2949;"User_2949";"Bangalore";"Gold";277;"Restaurant_277";"Mexican"
8205;"17-02-2023";295.93;1946;"User_1946";"Pune";"Regular";374;"Restaurant_374";"Mexican"
8206;"29-01-2023";693.25;1593;"User_1593";"Chennai";"Regular";406;"Restaurant_406";"Chinese"
8207;"10-03-2023";963.23;2322;"User_2322";"Pune";"Gold";149;"Restaurant_149";"Mexican"
8208;"16-11-2023";228.95;746;"User_746";"Bangalore";"Regular";89;"Restaurant_89";"Indian"
8209;"12-01-2023";220.1;2689;"User_2689";"Bangalore";"Regular";4;"Restaurant_4";"Chinese"
8210;"12-09-2023";1455.22;1413;"User_1413";"Chennai";"Gold";436;"Restaurant_436";"Mexican"
8211;"31-01-2023";332.45;1949;"User_1949";"Hyderabad";"Gold";228;"Restaurant_228";"Mexican"
8212;"17-12-2023";1375.47;1677;"User_1677";"Chennai";"Regular";175;"Restaurant_175";"Chinese"
8213;"01-10-2023";728.07;1841;"User_1841";"Chennai";"Regular";333;"Restaurant_333";"Chinese"
8214;"10-06-2023";379.9;798;"User_798";"Pune";"Regular";480;"Restaurant_480";"Chinese"
8215;"15-01-2023";431.05;2059;"User_2059";"Bangalore";"Gold";422;"Restaurant_422";"Mexican"
8216;"08-10-2023";574.06;2087;"User_2087";"Bangalore";"Regular";457;"Restaurant_457";"Indian"
8217;"06-01-2023";963.02;1172;"User_1172";"Hyderabad";"Gold";441;"Restaurant_441";"Indian"
8218;"02-02-2023";1224.65;1144;"User_1144";"Chennai";"Gold";212;"Restaurant_212";"Indian"
8219;"23-09-2023";1028.85;2113;"User_2113";"Chennai";"Gold";12;"Restaurant_12";"Mexican"
8220;"13-03-2023";1279.77;1514;"User_1514";"Pune";"Gold";434;"Restaurant_434";"Italian"
8221;"18-06-2023";950.73;2176;"User_2176";"Pune";"Regular";421;"Restaurant_421";"Indian"
8222;"26-09-2023";776.37;2586;"User_2586";"Hyderabad";"Regular";198;"Restaurant_198";"Mexican"
8223;"24-06-2023";973.02;1395;"User_1395";"Hyderabad";"Gold";306;"Restaurant_306";"Chinese"
8224;"03-01-2023";1223.62;2666;"User_2666";"Chennai";"Gold";147;"Restaurant_147";"Italian"
8225;"24-08-2023";584.68;747;"User_747";"Pune";"Regular";104;"Restaurant_104";"Chinese"
8226;"02-11-2023";548.05;1982;"User_1982";"Chennai";"Gold";322;"Restaurant_322";"Italian"
8227;"18-06-2023";574.36;906;"User_906";"Hyderabad";"Gold";381;"Restaurant_381";"Italian"
8228;"21-09-2023";1368.7;2197;"User_2197";"Bangalore";"Regular";337;"Restaurant_337";"Mexican"
8229;"02-09-2023";693.25;1711;"User_1711";"Chennai";"Regular";124;"Restaurant_124";"Mexican"
8230;"20-12-2023";1284.23;1891;"User_1891";"Bangalore";"Gold";44;"Restaurant_44";"Indian"
8231;"26-02-2023";1497.5;1003;"User_1003";"Bangalore";"Regular";138;"Restaurant_138";"Indian"
8232;"21-02-2023";646.34;1578;"User_1578";"Pune";"Gold";336;"Restaurant_336";"Mexican"
8233;"14-11-2023";1234.17;2737;"User_2737";"Hyderabad";"Regular";429;"Restaurant_429";"Chinese"
8234;"06-10-2023";1087.66;2605;"User_2605";"Hyderabad";"Gold";450;"Restaurant_450";"Mexican"
8235;"26-09-2023";1211.58;303;"User_303";"Pune";"Regular";395;"Restaurant_395";"Mexican"
8236;"04-12-2023";340.89;2645;"User_2645";"Chennai";"Regular";419;"Restaurant_419";"Chinese"
8237;"30-03-2023";475.73;2990;"User_2990";"Bangalore";"Gold";414;"Restaurant_414";"Chinese"
8238;"14-12-2023";1423.25;319;"User_319";"Bangalore";"Gold";96;"Restaurant_96";"Mexican"
8239;"07-03-2023";210.44;425;"User_425";"Pune";"Gold";143;"Restaurant_143";"Chinese"
8240;"17-10-2023";544.28;1196;"User_1196";"Pune";"Gold";432;"Restaurant_432";"Mexican"
8241;"12-05-2023";1102.75;1424;"User_1424";"Pune";"Gold";306;"Restaurant_306";"Chinese"
8242;"08-12-2023";880.19;1457;"User_1457";"Chennai";"Regular";153;"Restaurant_153";"Italian"
8243;"30-05-2023";733.65;994;"User_994";"Bangalore";"Regular";440;"Restaurant_440";"Mexican"
8244;"05-12-2023";732.04;169;"User_169";"Bangalore";"Gold";69;"Restaurant_69";"Chinese"
8245;"17-11-2023";1168.28;737;"User_737";"Bangalore";"Gold";251;"Restaurant_251";"Chinese"
8246;"11-09-2023";1088.82;970;"User_970";"Bangalore";"Regular";380;"Restaurant_380";"Italian"
8247;"29-05-2023";1439.12;1547;"User_1547";"Bangalore";"Regular";467;"Restaurant_467";"Italian"
8248;"15-03-2023";943.3;2537;"User_2537";"Hyderabad";"Gold";346;"Restaurant_346";"Indian"
8249;"07-01-2023";841.44;96;"User_96";"Pune";"Regular";177;"Restaurant_177";"Indian"
8250;"16-01-2023";496.96;2238;"User_2238";"Chennai";"Gold";88;"Restaurant_88";"Indian"
8251;"21-07-2023";1267.85;2736;"User_2736";"Chennai";"Gold";348;"Restaurant_348";"Italian"
8252;"10-06-2023";754.99;1229;"User_1229";"Bangalore";"Regular";303;"Restaurant_303";"Mexican"
8253;"24-08-2023";1135.79;1256;"User_1256";"Pune";"Regular";407;"Restaurant_407";"Mexican"
8254;"11-11-2023";741.99;769;"User_769";"Hyderabad";"Regular";92;"Restaurant_92";"Mexican"
8255;"21-04-2023";1136.51;2637;"User_2637";"Hyderabad";"Regular";418;"Restaurant_418";"Chinese"
8256;"12-02-2023";1101.93;1529;"User_1529";"Bangalore";"Regular";102;"Restaurant_102";"Italian"
8257;"10-08-2023";1416.71;2411;"User_2411";"Chennai";"Gold";325;"Restaurant_325";"Italian"
8258;"15-09-2023";1077.16;1327;"User_1327";"Bangalore";"Gold";245;"Restaurant_245";"Mexican"
8259;"27-07-2023";859.03;1715;"User_1715";"Pune";"Regular";144;"Restaurant_144";"Chinese"
8260;"02-08-2023";1129.08;668;"User_668";"Bangalore";"Regular";161;"Restaurant_161";"Mexican"
8261;"04-12-2023";155.57;1505;"User_1505";"Pune";"Gold";293;"Restaurant_293";"Italian"
8262;"27-01-2023";1198.1;2035;"User_2035";"Pune";"Regular";418;"Restaurant_418";"Chinese"
8263;"24-08-2023";755.98;1283;"User_1283";"Hyderabad";"Regular";285;"Restaurant_285";"Mexican"
8264;"15-02-2023";660.19;2731;"User_2731";"Pune";"Gold";470;"Restaurant_470";"Italian"
8265;"03-12-2023";718.47;634;"User_634";"Hyderabad";"Regular";306;"Restaurant_306";"Chinese"
8266;"04-01-2023";264.59;332;"User_332";"Bangalore";"Regular";151;"Restaurant_151";"Chinese"
8267;"04-05-2023";1480.35;214;"User_214";"Bangalore";"Regular";100;"Restaurant_100";"Indian"
8268;"07-10-2023";980.2;82;"User_82";"Hyderabad";"Regular";242;"Restaurant_242";"Mexican"
8269;"30-09-2023";1493.38;2824;"User_2824";"Bangalore";"Regular";379;"Restaurant_379";"Mexican"
8270;"09-09-2023";1496.85;1411;"User_1411";"Chennai";"Regular";55;"Restaurant_55";"Indian"
8271;"26-04-2023";1257.67;2104;"User_2104";"Bangalore";"Gold";174;"Restaurant_174";"Mexican"
8272;"26-09-2023";166.81;2163;"User_2163";"Bangalore";"Gold";481;"Restaurant_481";"Indian"
8273;"24-03-2023";592.82;352;"User_352";"Chennai";"Gold";118;"Restaurant_118";"Mexican"
8274;"25-12-2023";730.86;2376;"User_2376";"Hyderabad";"Regular";79;"Restaurant_79";"Mexican"
8275;"27-06-2023";143.62;2859;"User_2859";"Hyderabad";"Regular";296;"Restaurant_296";"Italian"
8276;"12-07-2023";947.18;2929;"User_2929";"Bangalore";"Regular";226;"Restaurant_226";"Indian"
8277;"24-02-2023";252.38;1635;"User_1635";"Bangalore";"Gold";73;"Restaurant_73";"Mexican"
8278;"19-02-2023";1375.28;329;"User_329";"Hyderabad";"Regular";122;"Restaurant_122";"Indian"
8279;"12-03-2023";1293.65;2721;"User_2721";"Hyderabad";"Gold";315;"Restaurant_315";"Mexican"
8280;"25-03-2023";254.43;2307;"User_2307";"Pune";"Gold";402;"Restaurant_402";"Mexican"
8281;"25-08-2023";627.32;427;"User_427";"Pune";"Gold";238;"Restaurant_238";"Chinese"
8282;"29-05-2023";426.52;129;"User_129";"Pune";"Gold";297;"Restaurant_297";"Italian"
8283;"26-01-2023";1293.82;2474;"User_2474";"Chennai";"Gold";255;"Restaurant_255";"Mexican"
8284;"27-05-2023";241.89;1436;"User_1436";"Bangalore";"Regular";11;"Restaurant_11";"Chinese"
8285;"11-12-2023";590.97;339;"User_339";"Pune";"Regular";301;"Restaurant_301";"Italian"
8286;"01-01-2024";692.07;1339;"User_1339";"Chennai";"Regular";252;"Restaurant_252";"Indian"
8287;"11-04-2023";788.98;1678;"User_1678";"Pune";"Gold";29;"Restaurant_29";"Italian"
8288;"22-08-2023";137.75;1591;"User_1591";"Hyderabad";"Gold";188;"Restaurant_188";"Chinese"
8289;"15-09-2023";363.95;2631;"User_2631";"Bangalore";"Regular";408;"Restaurant_408";"Mexican"
8290;"19-07-2023";1342.51;2672;"User_2672";"Pune";"Regular";95;"Restaurant_95";"Indian"
8291;"24-03-2023";1134.37;2047;"User_2047";"Hyderabad";"Gold";138;"Restaurant_138";"Indian"
8292;"23-11-2023";1042.04;2531;"User_2531";"Hyderabad";"Gold";456;"Restaurant_456";"Chinese"
8293;"29-04-2023";962.66;2178;"User_2178";"Pune";"Gold";362;"Restaurant_362";"Indian"
8294;"11-05-2023";977.73;1960;"User_1960";"Chennai";"Gold";149;"Restaurant_149";"Mexican"
8295;"16-08-2023";742.25;1476;"User_1476";"Pune";"Gold";419;"Restaurant_419";"Chinese"
8296;"17-08-2023";939.85;1052;"User_1052";"Pune";"Regular";324;"Restaurant_324";"Mexican"
8297;"27-11-2023";539.36;487;"User_487";"Hyderabad";"Regular";347;"Restaurant_347";"Chinese"
8298;"25-05-2023";398.41;2505;"User_2505";"Bangalore";"Gold";163;"Restaurant_163";"Italian"
8299;"30-03-2023";202.63;627;"User_627";"Pune";"Regular";252;"Restaurant_252";"Indian"
8300;"26-08-2023";229.89;852;"User_852";"Bangalore";"Gold";411;"Restaurant_411";"Indian"
8301;"23-05-2023";830.41;735;"User_735";"Bangalore";"Gold";176;"Restaurant_176";"Italian"
8302;"16-08-2023";1327.7;1905;"User_1905";"Bangalore";"Gold";478;"Restaurant_478";"Chinese"
8303;"29-10-2023";1152.96;1563;"User_1563";"Chennai";"Regular";235;"Restaurant_235";"Italian"
8304;"18-04-2023";300.05;1134;"User_1134";"Bangalore";"Gold";421;"Restaurant_421";"Indian"
8305;"12-01-2023";801.07;996;"User_996";"Chennai";"Gold";129;"Restaurant_129";"Indian"
8306;"07-07-2023";1151.7;2387;"User_2387";"Pune";"Regular";462;"Restaurant_462";"Italian"
8307;"17-04-2023";278.61;2007;"User_2007";"Chennai";"Regular";446;"Restaurant_446";"Indian"
8308;"21-04-2023";430.17;1819;"User_1819";"Bangalore";"Gold";97;"Restaurant_97";"Mexican"
8309;"30-12-2023";1087.4;800;"User_800";"Pune";"Regular";453;"Restaurant_453";"Chinese"
8310;"06-06-2023";393.36;2104;"User_2104";"Bangalore";"Gold";226;"Restaurant_226";"Indian"
8311;"27-03-2023";311.38;1081;"User_1081";"Hyderabad";"Gold";486;"Restaurant_486";"Italian"
8312;"03-08-2023";1296.17;2895;"User_2895";"Chennai";"Gold";46;"Restaurant_46";"Chinese"
8313;"14-01-2023";985.5;128;"User_128";"Hyderabad";"Regular";227;"Restaurant_227";"Italian"
8314;"19-02-2023";1343.44;951;"User_951";"Chennai";"Gold";371;"Restaurant_371";"Chinese"
8315;"10-07-2023";604.27;2332;"User_2332";"Hyderabad";"Regular";289;"Restaurant_289";"Italian"
8316;"31-12-2023";393.93;1703;"User_1703";"Pune";"Gold";21;"Restaurant_21";"Indian"
8317;"23-05-2023";595.71;838;"User_838";"Bangalore";"Gold";123;"Restaurant_123";"Chinese"
8318;"09-09-2023";1449.93;2589;"User_2589";"Bangalore";"Gold";330;"Restaurant_330";"Italian"
8319;"05-06-2023";584.29;1086;"User_1086";"Bangalore";"Gold";306;"Restaurant_306";"Chinese"
8320;"27-03-2023";440.22;2561;"User_2561";"Hyderabad";"Regular";21;"Restaurant_21";"Indian"
8321;"11-06-2023";1414.53;856;"User_856";"Pune";"Regular";32;"Restaurant_32";"Italian"
8322;"07-01-2023";234.25;2697;"User_2697";"Bangalore";"Gold";431;"Restaurant_431";"Mexican"
8323;"30-06-2023";355.68;2622;"User_2622";"Pune";"Regular";115;"Restaurant_115";"Chinese"
8324;"29-12-2023";1335.03;1539;"User_1539";"Hyderabad";"Regular";440;"Restaurant_440";"Mexican"
8325;"22-10-2023";1206.57;1257;"User_1257";"Bangalore";"Gold";399;"Restaurant_399";"Chinese"
8326;"18-02-2023";144.04;2523;"User_2523";"Pune";"Gold";408;"Restaurant_408";"Mexican"
8327;"15-02-2023";999.33;1374;"User_1374";"Chennai";"Regular";281;"Restaurant_281";"Italian"
8328;"23-12-2023";1165.2;2417;"User_2417";"Chennai";"Regular";127;"Restaurant_127";"Chinese"
8329;"05-05-2023";170.16;640;"User_640";"Hyderabad";"Regular";213;"Restaurant_213";"Indian"
8330;"20-10-2023";143.12;824;"User_824";"Hyderabad";"Regular";21;"Restaurant_21";"Indian"
8331;"10-12-2023";499.63;269;"User_269";"Bangalore";"Gold";41;"Restaurant_41";"Mexican"
8332;"19-10-2023";785.49;1379;"User_1379";"Chennai";"Regular";336;"Restaurant_336";"Mexican"
8333;"20-08-2023";1203.85;2462;"User_2462";"Chennai";"Gold";406;"Restaurant_406";"Chinese"
8334;"20-01-2023";1101.06;2615;"User_2615";"Bangalore";"Regular";255;"Restaurant_255";"Mexican"
8335;"06-05-2023";311.26;1893;"User_1893";"Hyderabad";"Regular";248;"Restaurant_248";"Italian"
8336;"31-01-2023";529.26;1007;"User_1007";"Bangalore";"Gold";383;"Restaurant_383";"Indian"
8337;"12-11-2023";1477.34;1282;"User_1282";"Chennai";"Regular";325;"Restaurant_325";"Italian"
8338;"28-08-2023";1250.46;1330;"User_1330";"Chennai";"Gold";369;"Restaurant_369";"Italian"
8339;"19-10-2023";824.37;1881;"User_1881";"Hyderabad";"Gold";366;"Restaurant_366";"Indian"
8340;"26-07-2023";1449.87;65;"User_65";"Pune";"Regular";290;"Restaurant_290";"Chinese"
8341;"26-06-2023";1236.66;1306;"User_1306";"Chennai";"Gold";462;"Restaurant_462";"Italian"
8342;"22-05-2023";1097.99;1379;"User_1379";"Chennai";"Regular";62;"Restaurant_62";"Indian"
8343;"17-10-2023";1494.17;1990;"User_1990";"Chennai";"Regular";33;"Restaurant_33";"Italian"
8344;"23-05-2023";806.2;1982;"User_1982";"Chennai";"Gold";259;"Restaurant_259";"Mexican"
8345;"21-01-2023";946.2;2040;"User_2040";"Chennai";"Regular";92;"Restaurant_92";"Mexican"
8346;"12-06-2023";458.16;2743;"User_2743";"Hyderabad";"Regular";325;"Restaurant_325";"Italian"
8347;"25-11-2023";1450.34;2326;"User_2326";"Hyderabad";"Gold";423;"Restaurant_423";"Indian"
8348;"25-04-2023";1240.94;1091;"User_1091";"Pune";"Gold";157;"Restaurant_157";"Italian"
8349;"18-06-2023";1370.06;218;"User_218";"Hyderabad";"Regular";221;"Restaurant_221";"Chinese"
8350;"03-04-2023";967.5;702;"User_702";"Pune";"Regular";356;"Restaurant_356";"Indian"
8351;"02-02-2023";541.36;691;"User_691";"Chennai";"Gold";77;"Restaurant_77";"Mexican"
8352;"02-04-2023";1367.96;963;"User_963";"Chennai";"Gold";45;"Restaurant_45";"Mexican"
8353;"16-03-2023";131.48;2316;"User_2316";"Hyderabad";"Regular";127;"Restaurant_127";"Chinese"
8354;"24-06-2023";352.91;2680;"User_2680";"Bangalore";"Gold";194;"Restaurant_194";"Chinese"
8355;"13-06-2023";501.28;1653;"User_1653";"Bangalore";"Gold";438;"Restaurant_438";"Italian"
8356;"16-10-2023";454.47;1340;"User_1340";"Bangalore";"Gold";47;"Restaurant_47";"Indian"
8357;"03-01-2023";347.59;2106;"User_2106";"Bangalore";"Regular";416;"Restaurant_416";"Chinese"
8358;"18-06-2023";1358.58;2290;"User_2290";"Hyderabad";"Gold";458;"Restaurant_458";"Italian"
8359;"21-07-2023";1434.34;1727;"User_1727";"Bangalore";"Regular";39;"Restaurant_39";"Indian"
8360;"27-05-2023";1006.31;2482;"User_2482";"Chennai";"Regular";440;"Restaurant_440";"Mexican"
8361;"23-11-2023";1102.82;1707;"User_1707";"Chennai";"Gold";196;"Restaurant_196";"Italian"
8362;"31-01-2023";1254.78;789;"User_789";"Pune";"Regular";492;"Restaurant_492";"Italian"
8363;"17-08-2023";716.28;2986;"User_2986";"Hyderabad";"Regular";234;"Restaurant_234";"Chinese"
8364;"04-02-2023";1233.19;304;"User_304";"Pune";"Regular";356;"Restaurant_356";"Indian"
8365;"25-10-2023";211.42;1267;"User_1267";"Bangalore";"Gold";27;"Restaurant_27";"Italian"
8366;"01-02-2023";1038.65;2601;"User_2601";"Bangalore";"Gold";142;"Restaurant_142";"Indian"
8367;"10-03-2023";648.2;1723;"User_1723";"Chennai";"Gold";420;"Restaurant_420";"Italian"
8368;"04-08-2023";497.8;2543;"User_2543";"Pune";"Regular";397;"Restaurant_397";"Indian"
8369;"22-09-2023";129.34;2108;"User_2108";"Chennai";"Gold";15;"Restaurant_15";"Chinese"
8370;"28-03-2023";936.82;1382;"User_1382";"Bangalore";"Regular";216;"Restaurant_216";"Italian"
8371;"31-05-2023";856.7;1953;"User_1953";"Chennai";"Gold";68;"Restaurant_68";"Italian"
8372;"29-05-2023";1191.86;2369;"User_2369";"Chennai";"Gold";290;"Restaurant_290";"Chinese"
8373;"21-07-2023";1324.18;2487;"User_2487";"Hyderabad";"Gold";265;"Restaurant_265";"Chinese"
8374;"13-08-2023";418.99;1656;"User_1656";"Hyderabad";"Regular";376;"Restaurant_376";"Indian"
8375;"19-02-2023";1136.58;1104;"User_1104";"Bangalore";"Regular";496;"Restaurant_496";"Indian"
8376;"04-12-2023";766.31;1795;"User_1795";"Chennai";"Regular";25;"Restaurant_25";"Chinese"
8377;"19-05-2023";1146.71;1653;"User_1653";"Bangalore";"Gold";150;"Restaurant_150";"Indian"
8378;"24-10-2023";1476.74;1398;"User_1398";"Chennai";"Regular";33;"Restaurant_33";"Italian"
8379;"27-03-2023";1251.68;585;"User_585";"Chennai";"Regular";481;"Restaurant_481";"Indian"
8380;"02-12-2023";1467.88;2409;"User_2409";"Chennai";"Regular";169;"Restaurant_169";"Italian"
8381;"27-02-2023";704.69;1108;"User_1108";"Pune";"Gold";286;"Restaurant_286";"Italian"
8382;"05-07-2023";1198.29;456;"User_456";"Pune";"Regular";103;"Restaurant_103";"Mexican"
8383;"23-11-2023";754.27;1947;"User_1947";"Bangalore";"Regular";267;"Restaurant_267";"Chinese"
8384;"13-04-2023";262.91;2127;"User_2127";"Pune";"Gold";217;"Restaurant_217";"Indian"
8385;"13-07-2023";757.59;556;"User_556";"Chennai";"Regular";433;"Restaurant_433";"Italian"
8386;"26-02-2023";859.89;953;"User_953";"Bangalore";"Gold";28;"Restaurant_28";"Chinese"
8387;"26-03-2023";508.29;532;"User_532";"Hyderabad";"Gold";305;"Restaurant_305";"Indian"
8388;"22-11-2023";570.11;2355;"User_2355";"Pune";"Regular";258;"Restaurant_258";"Indian"
8389;"16-01-2023";393.12;2651;"User_2651";"Pune";"Gold";195;"Restaurant_195";"Indian"
8390;"29-07-2023";862.32;334;"User_334";"Chennai";"Gold";370;"Restaurant_370";"Chinese"
8391;"21-09-2023";377.16;1581;"User_1581";"Bangalore";"Gold";168;"Restaurant_168";"Indian"
8392;"13-05-2023";397.14;838;"User_838";"Bangalore";"Gold";150;"Restaurant_150";"Indian"
8393;"30-03-2023";454.28;1635;"User_1635";"Bangalore";"Gold";216;"Restaurant_216";"Italian"
8394;"20-07-2023";534.14;2563;"User_2563";"Hyderabad";"Regular";57;"Restaurant_57";"Mexican"
8395;"06-10-2023";1331.39;548;"User_548";"Chennai";"Regular";347;"Restaurant_347";"Chinese"
8396;"30-07-2023";129.68;1130;"User_1130";"Chennai";"Gold";268;"Restaurant_268";"Indian"
8397;"18-02-2023";1036.01;2356;"User_2356";"Hyderabad";"Regular";128;"Restaurant_128";"Indian"
8398;"23-10-2023";595.75;1060;"User_1060";"Chennai";"Gold";342;"Restaurant_342";"Mexican"
8399;"13-03-2023";629.37;319;"User_319";"Bangalore";"Gold";347;"Restaurant_347";"Chinese"
8400;"11-12-2023";1390.04;2219;"User_2219";"Pune";"Regular";374;"Restaurant_374";"Mexican"
8401;"26-08-2023";348.55;1750;"User_1750";"Pune";"Gold";183;"Restaurant_183";"Chinese"
8402;"13-11-2023";531.12;48;"User_48";"Chennai";"Gold";447;"Restaurant_447";"Chinese"
8403;"28-07-2023";397.32;2924;"User_2924";"Hyderabad";"Gold";474;"Restaurant_474";"Mexican"
8404;"08-10-2023";1476.09;2089;"User_2089";"Hyderabad";"Gold";227;"Restaurant_227";"Italian"
8405;"20-06-2023";295.54;1236;"User_1236";"Chennai";"Regular";347;"Restaurant_347";"Chinese"
8406;"13-01-2023";1100.68;289;"User_289";"Pune";"Regular";484;"Restaurant_484";"Mexican"
8407;"16-04-2023";362.39;1064;"User_1064";"Pune";"Regular";235;"Restaurant_235";"Italian"
8408;"14-01-2023";163.17;514;"User_514";"Bangalore";"Gold";278;"Restaurant_278";"Indian"
8409;"30-03-2023";424.71;2557;"User_2557";"Chennai";"Gold";385;"Restaurant_385";"Chinese"
8410;"03-01-2023";477.06;1275;"User_1275";"Chennai";"Gold";500;"Restaurant_500";"Chinese"
8411;"06-10-2023";121.73;1201;"User_1201";"Bangalore";"Gold";82;"Restaurant_82";"Chinese"
8412;"13-05-2023";1146.09;2665;"User_2665";"Chennai";"Gold";92;"Restaurant_92";"Mexican"
8413;"28-06-2023";558.46;2483;"User_2483";"Pune";"Gold";419;"Restaurant_419";"Chinese"
8414;"10-09-2023";1393.18;1153;"User_1153";"Hyderabad";"Gold";27;"Restaurant_27";"Italian"
8415;"24-08-2023";1337.09;2286;"User_2286";"Chennai";"Regular";478;"Restaurant_478";"Chinese"
8416;"27-05-2023";563.24;2629;"User_2629";"Bangalore";"Regular";136;"Restaurant_136";"Indian"
8417;"28-01-2023";1169.35;208;"User_208";"Bangalore";"Regular";469;"Restaurant_469";"Italian"
8418;"09-01-2023";888.22;447;"User_447";"Hyderabad";"Regular";231;"Restaurant_231";"Indian"
8419;"31-03-2023";991.82;2438;"User_2438";"Pune";"Gold";150;"Restaurant_150";"Indian"
8420;"20-06-2023";1293.27;416;"User_416";"Hyderabad";"Regular";4;"Restaurant_4";"Chinese"
8421;"20-08-2023";240.36;94;"User_94";"Chennai";"Regular";320;"Restaurant_320";"Italian"
8422;"26-08-2023";350.82;437;"User_437";"Bangalore";"Gold";441;"Restaurant_441";"Indian"
8423;"12-02-2023";1110.28;360;"User_360";"Pune";"Regular";68;"Restaurant_68";"Italian"
8424;"25-12-2023";343.44;184;"User_184";"Chennai";"Regular";30;"Restaurant_30";"Mexican"
8425;"10-12-2023";1467.32;2326;"User_2326";"Hyderabad";"Gold";232;"Restaurant_232";"Mexican"
8426;"15-10-2023";1346.96;2344;"User_2344";"Hyderabad";"Regular";493;"Restaurant_493";"Mexican"
8427;"26-05-2023";276.34;340;"User_340";"Chennai";"Regular";407;"Restaurant_407";"Mexican"
8428;"05-10-2023";142.5;2220;"User_2220";"Bangalore";"Regular";5;"Restaurant_5";"Chinese"
8429;"28-09-2023";929.12;176;"User_176";"Hyderabad";"Gold";356;"Restaurant_356";"Indian"
8430;"05-07-2023";327.95;55;"User_55";"Bangalore";"Regular";463;"Restaurant_463";"Chinese"
8431;"01-04-2023";266.23;209;"User_209";"Pune";"Regular";212;"Restaurant_212";"Indian"
8432;"23-07-2023";1171.12;2418;"User_2418";"Bangalore";"Regular";203;"Restaurant_203";"Chinese"
8433;"18-10-2023";322.48;1128;"User_1128";"Pune";"Gold";328;"Restaurant_328";"Mexican"
8434;"16-10-2023";1103.39;330;"User_330";"Chennai";"Regular";279;"Restaurant_279";"Italian"
8435;"08-07-2023";792.92;2091;"User_2091";"Chennai";"Gold";432;"Restaurant_432";"Mexican"
8436;"16-08-2023";661.78;2498;"User_2498";"Bangalore";"Regular";225;"Restaurant_225";"Italian"
8437;"06-10-2023";851.8;2624;"User_2624";"Hyderabad";"Regular";363;"Restaurant_363";"Italian"
8438;"17-03-2023";758.29;2196;"User_2196";"Hyderabad";"Gold";245;"Restaurant_245";"Mexican"
8439;"28-08-2023";450.5;131;"User_131";"Chennai";"Gold";40;"Restaurant_40";"Indian"
8440;"11-05-2023";355.24;1865;"User_1865";"Chennai";"Regular";267;"Restaurant_267";"Chinese"
8441;"22-03-2023";190.92;1381;"User_1381";"Bangalore";"Regular";243;"Restaurant_243";"Chinese"
8442;"27-09-2023";1029.45;1459;"User_1459";"Hyderabad";"Gold";84;"Restaurant_84";"Chinese"
8443;"07-12-2023";879.83;1761;"User_1761";"Bangalore";"Gold";262;"Restaurant_262";"Chinese"
8444;"14-07-2023";1174.96;174;"User_174";"Pune";"Gold";286;"Restaurant_286";"Italian"
8445;"14-07-2023";235.52;1954;"User_1954";"Hyderabad";"Gold";212;"Restaurant_212";"Indian"
8446;"26-09-2023";327.66;70;"User_70";"Bangalore";"Gold";351;"Restaurant_351";"Mexican"
8447;"17-12-2023";1388.05;1518;"User_1518";"Chennai";"Gold";380;"Restaurant_380";"Italian"
8448;"04-08-2023";1195.46;1117;"User_1117";"Hyderabad";"Regular";449;"Restaurant_449";"Indian"
8449;"12-02-2023";384.54;98;"User_98";"Pune";"Regular";113;"Restaurant_113";"Chinese"
8450;"22-09-2023";593.41;2400;"User_2400";"Pune";"Regular";442;"Restaurant_442";"Italian"
8451;"25-02-2023";1379.16;808;"User_808";"Bangalore";"Gold";300;"Restaurant_300";"Italian"
8452;"26-07-2023";351.79;9;"User_9";"Bangalore";"Gold";247;"Restaurant_247";"Mexican"
8453;"02-05-2023";1249.88;1791;"User_1791";"Hyderabad";"Gold";426;"Restaurant_426";"Chinese"
8454;"07-05-2023";555.87;577;"User_577";"Chennai";"Gold";97;"Restaurant_97";"Mexican"
8455;"04-08-2023";1032.97;1185;"User_1185";"Bangalore";"Gold";326;"Restaurant_326";"Italian"
8456;"15-10-2023";152.59;2320;"User_2320";"Hyderabad";"Gold";12;"Restaurant_12";"Mexican"
8457;"16-09-2023";241.65;1269;"User_1269";"Bangalore";"Gold";300;"Restaurant_300";"Italian"
8458;"12-08-2023";998.78;811;"User_811";"Pune";"Gold";385;"Restaurant_385";"Chinese"
8459;"19-02-2023";625.26;1518;"User_1518";"Chennai";"Gold";494;"Restaurant_494";"Mexican"
8460;"15-06-2023";378.34;848;"User_848";"Pune";"Regular";397;"Restaurant_397";"Indian"
8461;"21-07-2023";536.93;1958;"User_1958";"Chennai";"Regular";416;"Restaurant_416";"Chinese"
8462;"18-09-2023";792.38;1932;"User_1932";"Bangalore";"Regular";41;"Restaurant_41";"Mexican"
8463;"21-09-2023";1129.53;571;"User_571";"Pune";"Regular";28;"Restaurant_28";"Chinese"
8464;"17-04-2023";1304.88;1637;"User_1637";"Hyderabad";"Gold";435;"Restaurant_435";"Italian"
8465;"16-06-2023";475.8;2375;"User_2375";"Pune";"Gold";171;"Restaurant_171";"Mexican"
8466;"03-12-2023";453.3;2117;"User_2117";"Bangalore";"Gold";83;"Restaurant_83";"Chinese"
8467;"08-11-2023";1287.99;1888;"User_1888";"Hyderabad";"Gold";159;"Restaurant_159";"Mexican"
8468;"22-04-2023";739.78;1615;"User_1615";"Hyderabad";"Regular";368;"Restaurant_368";"Indian"
8469;"18-01-2023";677.22;1528;"User_1528";"Chennai";"Regular";314;"Restaurant_314";"Indian"
8470;"29-04-2023";1302.89;1123;"User_1123";"Bangalore";"Regular";9;"Restaurant_9";"Italian"
8471;"28-01-2023";422.66;1948;"User_1948";"Pune";"Regular";200;"Restaurant_200";"Chinese"
8472;"06-11-2023";463.26;1661;"User_1661";"Chennai";"Gold";195;"Restaurant_195";"Indian"
8473;"17-05-2023";407.72;287;"User_287";"Bangalore";"Regular";225;"Restaurant_225";"Italian"
8474;"28-10-2023";1187.21;2450;"User_2450";"Bangalore";"Regular";349;"Restaurant_349";"Indian"
8475;"19-09-2023";1342.57;2866;"User_2866";"Hyderabad";"Regular";127;"Restaurant_127";"Chinese"
8476;"22-07-2023";553.68;1678;"User_1678";"Pune";"Gold";296;"Restaurant_296";"Italian"
8477;"05-01-2023";1039.18;1779;"User_1779";"Chennai";"Regular";386;"Restaurant_386";"Italian"
8478;"01-07-2023";1494.44;1010;"User_1010";"Hyderabad";"Regular";75;"Restaurant_75";"Chinese"
8479;"13-05-2023";275.09;926;"User_926";"Pune";"Gold";52;"Restaurant_52";"Mexican"
8480;"29-09-2023";522.28;1627;"User_1627";"Pune";"Regular";320;"Restaurant_320";"Italian"
8481;"25-11-2023";796.45;2908;"User_2908";"Pune";"Gold";257;"Restaurant_257";"Italian"
8482;"31-01-2023";423.0;1257;"User_1257";"Bangalore";"Gold";171;"Restaurant_171";"Mexican"
8483;"04-08-2023";690.34;71;"User_71";"Chennai";"Gold";59;"Restaurant_59";"Chinese"
8484;"23-04-2023";789.23;1869;"User_1869";"Pune";"Regular";447;"Restaurant_447";"Chinese"
8485;"15-10-2023";793.76;2973;"User_2973";"Hyderabad";"Gold";363;"Restaurant_363";"Italian"
8486;"30-06-2023";486.87;242;"User_242";"Chennai";"Regular";26;"Restaurant_26";"Chinese"
8487;"16-01-2023";1290.09;1509;"User_1509";"Chennai";"Gold";179;"Restaurant_179";"Italian"
8488;"12-04-2023";841.4;589;"User_589";"Pune";"Gold";220;"Restaurant_220";"Mexican"
8489;"19-01-2023";651.29;1055;"User_1055";"Bangalore";"Regular";128;"Restaurant_128";"Indian"
8490;"24-01-2023";1241.59;2297;"User_2297";"Bangalore";"Gold";75;"Restaurant_75";"Chinese"
8491;"16-01-2023";945.3;1228;"User_1228";"Bangalore";"Regular";227;"Restaurant_227";"Italian"
8492;"16-07-2023";255.74;2445;"User_2445";"Chennai";"Gold";494;"Restaurant_494";"Mexican"
8493;"19-01-2023";151.25;560;"User_560";"Bangalore";"Gold";411;"Restaurant_411";"Indian"
8494;"17-02-2023";377.87;453;"User_453";"Hyderabad";"Regular";63;"Restaurant_63";"Italian"
8495;"16-08-2023";786.93;2960;"User_2960";"Pune";"Gold";252;"Restaurant_252";"Indian"
8496;"09-01-2023";1103.56;135;"User_135";"Chennai";"Regular";27;"Restaurant_27";"Italian"
8497;"06-12-2023";1134.7;1244;"User_1244";"Hyderabad";"Gold";420;"Restaurant_420";"Italian"
8498;"31-03-2023";520.23;2088;"User_2088";"Hyderabad";"Regular";218;"Restaurant_218";"Indian"
8499;"07-02-2023";520.48;2553;"User_2553";"Chennai";"Gold";491;"Restaurant_491";"Chinese"
8500;"30-09-2023";999.59;480;"User_480";"Pune";"Regular";321;"Restaurant_321";"Chinese"
8501;"29-09-2023";1060.06;1506;"User_1506";"Pune";"Regular";368;"Restaurant_368";"Indian"
8502;"10-02-2023";1464.06;1592;"User_1592";"Hyderabad";"Gold";110;"Restaurant_110";"Mexican"
8503;"11-08-2023";353.84;1246;"User_1246";"Chennai";"Gold";232;"Restaurant_232";"Mexican"
8504;"14-07-2023";1399.17;1092;"User_1092";"Pune";"Gold";152;"Restaurant_152";"Indian"
8505;"28-09-2023";777.55;1440;"User_1440";"Hyderabad";"Gold";25;"Restaurant_25";"Chinese"
8506;"21-02-2023";165.05;2220;"User_2220";"Bangalore";"Regular";37;"Restaurant_37";"Mexican"
8507;"28-12-2023";130.27;606;"User_606";"Hyderabad";"Gold";197;"Restaurant_197";"Mexican"
8508;"02-09-2023";1450.76;1540;"User_1540";"Bangalore";"Regular";102;"Restaurant_102";"Italian"
8509;"10-10-2023";323.38;1624;"User_1624";"Pune";"Gold";448;"Restaurant_448";"Mexican"
8510;"16-07-2023";628.1;2219;"User_2219";"Pune";"Regular";11;"Restaurant_11";"Chinese"
8511;"21-05-2023";450.27;2116;"User_2116";"Chennai";"Gold";408;"Restaurant_408";"Mexican"
8512;"27-07-2023";284.24;2128;"User_2128";"Bangalore";"Gold";363;"Restaurant_363";"Italian"
8513;"11-06-2023";468.31;1986;"User_1986";"Bangalore";"Regular";185;"Restaurant_185";"Mexican"
8514;"27-02-2023";668.17;2899;"User_2899";"Bangalore";"Regular";50;"Restaurant_50";"Mexican"
8515;"17-11-2023";538.28;2526;"User_2526";"Pune";"Regular";116;"Restaurant_116";"Chinese"
8516;"05-12-2023";1112.21;1077;"User_1077";"Chennai";"Regular";264;"Restaurant_264";"Indian"
8517;"10-04-2023";283.67;645;"User_645";"Hyderabad";"Gold";433;"Restaurant_433";"Italian"
8518;"20-02-2023";782.59;91;"User_91";"Chennai";"Regular";296;"Restaurant_296";"Italian"
8519;"24-05-2023";1485.54;1947;"User_1947";"Bangalore";"Regular";18;"Restaurant_18";"Italian"
8520;"05-06-2023";213.3;2537;"User_2537";"Hyderabad";"Gold";281;"Restaurant_281";"Italian"
8521;"23-09-2023";563.45;2339;"User_2339";"Pune";"Regular";285;"Restaurant_285";"Mexican"
8522;"22-05-2023";568.92;607;"User_607";"Hyderabad";"Regular";248;"Restaurant_248";"Italian"
8523;"26-06-2023";594.71;756;"User_756";"Hyderabad";"Gold";173;"Restaurant_173";"Chinese"
8524;"29-12-2023";992.34;2563;"User_2563";"Hyderabad";"Regular";24;"Restaurant_24";"Mexican"
8525;"21-04-2023";275.43;832;"User_832";"Chennai";"Regular";300;"Restaurant_300";"Italian"
8526;"20-08-2023";1036.31;482;"User_482";"Hyderabad";"Regular";38;"Restaurant_38";"Italian"
8527;"08-09-2023";160.38;2956;"User_2956";"Hyderabad";"Regular";215;"Restaurant_215";"Mexican"
8528;"04-09-2023";945.74;2454;"User_2454";"Chennai";"Regular";272;"Restaurant_272";"Indian"
8529;"23-07-2023";1235.0;1788;"User_1788";"Pune";"Gold";74;"Restaurant_74";"Chinese"
8530;"16-08-2023";452.77;836;"User_836";"Bangalore";"Gold";272;"Restaurant_272";"Indian"
8531;"29-04-2023";795.74;2795;"User_2795";"Pune";"Regular";81;"Restaurant_81";"Chinese"
8532;"14-01-2023";628.38;90;"User_90";"Chennai";"Gold";24;"Restaurant_24";"Mexican"
8533;"23-05-2023";830.3;812;"User_812";"Bangalore";"Regular";142;"Restaurant_142";"Indian"
8534;"11-04-2023";1451.28;631;"User_631";"Chennai";"Gold";25;"Restaurant_25";"Chinese"
8535;"12-01-2023";1440.38;1726;"User_1726";"Pune";"Gold";31;"Restaurant_31";"Mexican"
8536;"02-02-2023";1341.06;1582;"User_1582";"Hyderabad";"Regular";76;"Restaurant_76";"Italian"
8537;"13-03-2023";199.14;1942;"User_1942";"Hyderabad";"Gold";90;"Restaurant_90";"Italian"
8538;"28-01-2023";156.45;1566;"User_1566";"Pune";"Regular";426;"Restaurant_426";"Chinese"
8539;"03-07-2023";1298.89;508;"User_508";"Pune";"Gold";333;"Restaurant_333";"Chinese"
8540;"02-08-2023";504.18;1741;"User_1741";"Pune";"Gold";284;"Restaurant_284";"Indian"
8541;"18-03-2023";313.22;358;"User_358";"Bangalore";"Gold";55;"Restaurant_55";"Indian"
8542;"02-07-2023";460.6;648;"User_648";"Chennai";"Gold";314;"Restaurant_314";"Indian"
8543;"02-04-2023";625.26;355;"User_355";"Hyderabad";"Gold";12;"Restaurant_12";"Mexican"
8544;"02-09-2023";898.26;1347;"User_1347";"Chennai";"Gold";128;"Restaurant_128";"Indian"
8545;"24-05-2023";976.81;1385;"User_1385";"Bangalore";"Regular";143;"Restaurant_143";"Chinese"
8546;"30-06-2023";245.22;1502;"User_1502";"Bangalore";"Gold";86;"Restaurant_86";"Indian"
8547;"17-04-2023";755.52;2763;"User_2763";"Bangalore";"Regular";223;"Restaurant_223";"Italian"
8548;"23-10-2023";1017.22;1807;"User_1807";"Pune";"Gold";459;"Restaurant_459";"Italian"
8549;"01-04-2023";1198.84;1500;"User_1500";"Hyderabad";"Regular";40;"Restaurant_40";"Indian"
8550;"04-03-2023";1264.9;413;"User_413";"Pune";"Gold";491;"Restaurant_491";"Chinese"
8551;"10-04-2023";666.06;1950;"User_1950";"Bangalore";"Gold";199;"Restaurant_199";"Italian"
8552;"07-10-2023";1442.45;2182;"User_2182";"Chennai";"Gold";182;"Restaurant_182";"Mexican"
8553;"21-05-2023";1470.62;623;"User_623";"Pune";"Gold";291;"Restaurant_291";"Mexican"
8554;"12-06-2023";694.76;384;"User_384";"Pune";"Gold";313;"Restaurant_313";"Indian"
8555;"08-10-2023";482.63;2954;"User_2954";"Chennai";"Gold";102;"Restaurant_102";"Italian"
8556;"07-06-2023";823.13;2250;"User_2250";"Pune";"Gold";47;"Restaurant_47";"Indian"
8557;"27-06-2023";940.42;567;"User_567";"Hyderabad";"Gold";175;"Restaurant_175";"Chinese"
8558;"16-07-2023";1381.58;851;"User_851";"Hyderabad";"Gold";334;"Restaurant_334";"Indian"
8559;"18-09-2023";1458.8;1600;"User_1600";"Chennai";"Regular";201;"Restaurant_201";"Mexican"
8560;"22-05-2023";792.79;1400;"User_1400";"Hyderabad";"Gold";480;"Restaurant_480";"Chinese"
8561;"30-11-2023";719.57;2181;"User_2181";"Hyderabad";"Regular";2;"Restaurant_2";"Indian"
8562;"17-02-2023";1222.35;399;"User_399";"Bangalore";"Regular";118;"Restaurant_118";"Mexican"
8563;"27-04-2023";189.97;2358;"User_2358";"Bangalore";"Regular";130;"Restaurant_130";"Indian"
8564;"02-08-2023";1393.26;990;"User_990";"Bangalore";"Regular";174;"Restaurant_174";"Mexican"
8565;"03-10-2023";1050.27;1831;"User_1831";"Hyderabad";"Gold";357;"Restaurant_357";"Italian"
8566;"15-08-2023";205.07;702;"User_702";"Pune";"Regular";13;"Restaurant_13";"Indian"
8567;"17-02-2023";314.77;91;"User_91";"Chennai";"Regular";85;"Restaurant_85";"Mexican"
8568;"12-12-2023";356.93;2677;"User_2677";"Pune";"Regular";455;"Restaurant_455";"Chinese"
8569;"11-08-2023";965.11;77;"User_77";"Pune";"Regular";128;"Restaurant_128";"Indian"
8570;"19-04-2023";1060.85;2096;"User_2096";"Pune";"Regular";433;"Restaurant_433";"Italian"
8571;"15-07-2023";678.17;2998;"User_2998";"Bangalore";"Regular";266;"Restaurant_266";"Italian"
8572;"08-01-2023";1490.12;2694;"User_2694";"Bangalore";"Regular";385;"Restaurant_385";"Chinese"
8573;"09-11-2023";305.03;866;"User_866";"Bangalore";"Gold";424;"Restaurant_424";"Indian"
8574;"10-07-2023";240.2;2305;"User_2305";"Pune";"Gold";32;"Restaurant_32";"Italian"
8575;"11-05-2023";1126.65;2469;"User_2469";"Bangalore";"Gold";33;"Restaurant_33";"Italian"
8576;"22-04-2023";730.8;2312;"User_2312";"Bangalore";"Regular";275;"Restaurant_275";"Italian"
8577;"02-07-2023";1247.24;200;"User_200";"Hyderabad";"Regular";436;"Restaurant_436";"Mexican"
8578;"15-01-2023";579.36;2752;"User_2752";"Bangalore";"Gold";49;"Restaurant_49";"Italian"
8579;"22-10-2023";1075.18;2874;"User_2874";"Hyderabad";"Regular";173;"Restaurant_173";"Chinese"
8580;"02-02-2023";796.35;2;"User_2";"Pune";"Gold";358;"Restaurant_358";"Indian"
8581;"29-04-2023";779.15;2678;"User_2678";"Hyderabad";"Regular";247;"Restaurant_247";"Mexican"
8582;"16-02-2023";347.53;453;"User_453";"Hyderabad";"Regular";138;"Restaurant_138";"Indian"
8583;"13-10-2023";412.2;2557;"User_2557";"Chennai";"Gold";96;"Restaurant_96";"Mexican"
8584;"01-12-2023";887.66;1331;"User_1331";"Hyderabad";"Gold";399;"Restaurant_399";"Chinese"
8585;"26-07-2023";1385.96;1694;"User_1694";"Chennai";"Gold";24;"Restaurant_24";"Mexican"
8586;"29-12-2023";880.33;1305;"User_1305";"Chennai";"Regular";459;"Restaurant_459";"Italian"
8587;"05-10-2023";1393.14;1708;"User_1708";"Pune";"Regular";331;"Restaurant_331";"Mexican"
8588;"11-06-2023";1042.52;1747;"User_1747";"Hyderabad";"Gold";388;"Restaurant_388";"Indian"
8589;"30-08-2023";521.62;949;"User_949";"Chennai";"Regular";273;"Restaurant_273";"Indian"
8590;"10-07-2023";115.31;2191;"User_2191";"Pune";"Gold";406;"Restaurant_406";"Chinese"
8591;"24-04-2023";671.42;1089;"User_1089";"Hyderabad";"Regular";438;"Restaurant_438";"Italian"
8592;"25-11-2023";484.24;1705;"User_1705";"Chennai";"Gold";211;"Restaurant_211";"Chinese"
8593;"18-07-2023";224.86;747;"User_747";"Pune";"Regular";154;"Restaurant_154";"Chinese"
8594;"25-11-2023";296.87;1016;"User_1016";"Hyderabad";"Gold";466;"Restaurant_466";"Italian"
8595;"11-04-2023";626.82;1634;"User_1634";"Pune";"Gold";316;"Restaurant_316";"Chinese"
8596;"14-12-2023";785.89;1838;"User_1838";"Bangalore";"Regular";140;"Restaurant_140";"Italian"
8597;"03-07-2023";418.23;2553;"User_2553";"Chennai";"Gold";257;"Restaurant_257";"Italian"
8598;"08-11-2023";482.59;2349;"User_2349";"Pune";"Regular";171;"Restaurant_171";"Mexican"
8599;"09-12-2023";1492.32;1093;"User_1093";"Pune";"Regular";153;"Restaurant_153";"Italian"
8600;"23-11-2023";373.67;2303;"User_2303";"Pune";"Gold";326;"Restaurant_326";"Italian"
8601;"14-06-2023";1105.1;960;"User_960";"Pune";"Gold";146;"Restaurant_146";"Indian"
8602;"12-04-2023";250.78;2661;"User_2661";"Chennai";"Gold";67;"Restaurant_67";"Mexican"
8603;"29-03-2023";967.44;2777;"User_2777";"Chennai";"Gold";187;"Restaurant_187";"Chinese"
8604;"27-02-2023";1223.52;956;"User_956";"Chennai";"Gold";14;"Restaurant_14";"Indian"
8605;"19-08-2023";835.31;170;"User_170";"Hyderabad";"Gold";314;"Restaurant_314";"Indian"
8606;"13-07-2023";1454.26;1840;"User_1840";"Hyderabad";"Regular";381;"Restaurant_381";"Italian"
8607;"05-09-2023";925.04;2767;"User_2767";"Hyderabad";"Regular";303;"Restaurant_303";"Mexican"
8608;"03-01-2023";114.82;1986;"User_1986";"Bangalore";"Regular";357;"Restaurant_357";"Italian"
8609;"08-11-2023";1110.49;627;"User_627";"Pune";"Regular";362;"Restaurant_362";"Indian"
8610;"22-07-2023";828.08;1800;"User_1800";"Bangalore";"Regular";61;"Restaurant_61";"Italian"
8611;"12-07-2023";952.99;1620;"User_1620";"Pune";"Gold";274;"Restaurant_274";"Mexican"
8612;"02-03-2023";557.57;2899;"User_2899";"Bangalore";"Regular";140;"Restaurant_140";"Italian"
8613;"30-07-2023";813.93;2210;"User_2210";"Bangalore";"Regular";351;"Restaurant_351";"Mexican"
8614;"06-07-2023";392.61;1415;"User_1415";"Bangalore";"Regular";398;"Restaurant_398";"Indian"
8615;"19-03-2023";1125.38;26;"User_26";"Hyderabad";"Gold";110;"Restaurant_110";"Mexican"
8616;"22-09-2023";987.42;168;"User_168";"Hyderabad";"Gold";159;"Restaurant_159";"Mexican"
8617;"17-09-2023";1359.72;1877;"User_1877";"Pune";"Regular";211;"Restaurant_211";"Chinese"
8618;"29-08-2023";971.28;888;"User_888";"Hyderabad";"Gold";362;"Restaurant_362";"Indian"
8619;"18-12-2023";1085.15;1974;"User_1974";"Pune";"Gold";52;"Restaurant_52";"Mexican"
8620;"19-04-2023";909.5;2370;"User_2370";"Bangalore";"Regular";460;"Restaurant_460";"Chinese"
8621;"07-12-2023";1225.65;1521;"User_1521";"Hyderabad";"Regular";418;"Restaurant_418";"Chinese"
8622;"20-03-2023";575.86;89;"User_89";"Chennai";"Regular";336;"Restaurant_336";"Mexican"
8623;"20-09-2023";1317.72;609;"User_609";"Bangalore";"Gold";368;"Restaurant_368";"Indian"
8624;"05-05-2023";1369.17;1153;"User_1153";"Hyderabad";"Gold";234;"Restaurant_234";"Chinese"
8625;"22-01-2023";1363.74;1224;"User_1224";"Hyderabad";"Gold";155;"Restaurant_155";"Mexican"
8626;"28-09-2023";1289.16;1700;"User_1700";"Hyderabad";"Regular";67;"Restaurant_67";"Mexican"
8627;"04-03-2023";1028.69;1125;"User_1125";"Chennai";"Gold";386;"Restaurant_386";"Italian"
8628;"17-06-2023";1126.05;837;"User_837";"Bangalore";"Gold";282;"Restaurant_282";"Indian"
8629;"17-10-2023";1251.61;45;"User_45";"Hyderabad";"Gold";281;"Restaurant_281";"Italian"
8630;"19-12-2023";1288.6;2748;"User_2748";"Hyderabad";"Regular";232;"Restaurant_232";"Mexican"
8631;"09-08-2023";439.59;1086;"User_1086";"Bangalore";"Gold";476;"Restaurant_476";"Mexican"
8632;"05-10-2023";886.76;2969;"User_2969";"Hyderabad";"Gold";60;"Restaurant_60";"Mexican"
8633;"29-05-2023";605.26;157;"User_157";"Bangalore";"Gold";161;"Restaurant_161";"Mexican"
8634;"29-11-2023";656.51;2493;"User_2493";"Pune";"Gold";138;"Restaurant_138";"Indian"
8635;"04-01-2023";224.58;2843;"User_2843";"Hyderabad";"Gold";310;"Restaurant_310";"Indian"
8636;"31-05-2023";1331.7;2136;"User_2136";"Hyderabad";"Regular";105;"Restaurant_105";"Mexican"
8637;"03-09-2023";460.52;1066;"User_1066";"Bangalore";"Regular";464;"Restaurant_464";"Italian"
8638;"25-02-2023";767.27;2021;"User_2021";"Pune";"Gold";340;"Restaurant_340";"Chinese"
8639;"26-03-2023";1352.03;114;"User_114";"Bangalore";"Gold";421;"Restaurant_421";"Indian"
8640;"15-09-2023";1085.75;2943;"User_2943";"Pune";"Regular";495;"Restaurant_495";"Italian"
8641;"13-07-2023";708.11;2261;"User_2261";"Bangalore";"Gold";120;"Restaurant_120";"Italian"
8642;"18-12-2023";1060.69;2006;"User_2006";"Pune";"Regular";435;"Restaurant_435";"Italian"
8643;"27-03-2023";220.87;1518;"User_1518";"Chennai";"Gold";341;"Restaurant_341";"Chinese"
8644;"13-03-2023";108.73;1828;"User_1828";"Chennai";"Regular";353;"Restaurant_353";"Indian"
8645;"01-03-2023";422.05;2724;"User_2724";"Chennai";"Gold";477;"Restaurant_477";"Indian"
8646;"04-01-2023";1362.28;267;"User_267";"Hyderabad";"Regular";478;"Restaurant_478";"Chinese"
8647;"07-07-2023";988.03;260;"User_260";"Bangalore";"Regular";237;"Restaurant_237";"Italian"
8648;"23-12-2023";443.86;1938;"User_1938";"Bangalore";"Regular";225;"Restaurant_225";"Italian"
8649;"27-03-2023";1046.06;2556;"User_2556";"Chennai";"Gold";236;"Restaurant_236";"Italian"
8650;"28-01-2023";485.25;1529;"User_1529";"Bangalore";"Regular";422;"Restaurant_422";"Mexican"
8651;"27-06-2023";1374.42;2328;"User_2328";"Bangalore";"Regular";290;"Restaurant_290";"Chinese"
8652;"24-04-2023";955.44;2793;"User_2793";"Bangalore";"Gold";455;"Restaurant_455";"Chinese"
8653;"18-12-2023";1220.26;1697;"User_1697";"Bangalore";"Regular";245;"Restaurant_245";"Mexican"
8654;"09-02-2023";168.55;2704;"User_2704";"Pune";"Gold";46;"Restaurant_46";"Chinese"
8655;"22-03-2023";731.61;1677;"User_1677";"Chennai";"Regular";52;"Restaurant_52";"Mexican"
8656;"05-08-2023";572.22;2089;"User_2089";"Hyderabad";"Gold";203;"Restaurant_203";"Chinese"
8657;"10-11-2023";1336.9;64;"User_64";"Pune";"Regular";410;"Restaurant_410";"Italian"
8658;"25-03-2023";589.39;2111;"User_2111";"Hyderabad";"Gold";308;"Restaurant_308";"Italian"
8659;"09-06-2023";1452.15;541;"User_541";"Pune";"Gold";242;"Restaurant_242";"Mexican"
8660;"21-03-2023";832.02;182;"User_182";"Bangalore";"Regular";55;"Restaurant_55";"Indian"
8661;"23-04-2023";969.63;2380;"User_2380";"Pune";"Regular";17;"Restaurant_17";"Indian"
8662;"18-08-2023";809.66;441;"User_441";"Hyderabad";"Gold";52;"Restaurant_52";"Mexican"
8663;"22-04-2023";1363.6;844;"User_844";"Chennai";"Gold";401;"Restaurant_401";"Indian"
8664;"04-07-2023";671.82;1153;"User_1153";"Hyderabad";"Gold";150;"Restaurant_150";"Indian"
8665;"17-07-2023";772.07;1991;"User_1991";"Pune";"Regular";327;"Restaurant_327";"Indian"
8666;"25-12-2023";724.5;2731;"User_2731";"Pune";"Gold";70;"Restaurant_70";"Chinese"
8667;"17-08-2023";669.59;2439;"User_2439";"Chennai";"Gold";375;"Restaurant_375";"Chinese"
8668;"13-11-2023";880.41;396;"User_396";"Pune";"Regular";98;"Restaurant_98";"Indian"
8669;"03-02-2023";378.8;2919;"User_2919";"Bangalore";"Gold";52;"Restaurant_52";"Mexican"
8670;"22-02-2023";665.56;1966;"User_1966";"Hyderabad";"Regular";471;"Restaurant_471";"Indian"
8671;"05-12-2023";862.43;1216;"User_1216";"Bangalore";"Regular";349;"Restaurant_349";"Indian"
8672;"01-06-2023";993.78;1900;"User_1900";"Bangalore";"Gold";369;"Restaurant_369";"Italian"
8673;"16-05-2023";790.57;668;"User_668";"Bangalore";"Regular";135;"Restaurant_135";"Indian"
8674;"14-02-2023";179.36;2582;"User_2582";"Hyderabad";"Gold";458;"Restaurant_458";"Italian"
8675;"17-05-2023";115.49;1971;"User_1971";"Hyderabad";"Gold";298;"Restaurant_298";"Mexican"
8676;"23-10-2023";1181.66;767;"User_767";"Hyderabad";"Gold";19;"Restaurant_19";"Indian"
8677;"09-07-2023";861.01;25;"User_25";"Hyderabad";"Gold";23;"Restaurant_23";"Chinese"
8678;"20-09-2023";1367.77;288;"User_288";"Pune";"Regular";205;"Restaurant_205";"Italian"
8679;"15-04-2023";298.82;1171;"User_1171";"Bangalore";"Regular";410;"Restaurant_410";"Italian"
8680;"01-01-2024";1360.61;1498;"User_1498";"Chennai";"Gold";188;"Restaurant_188";"Chinese"
8681;"02-12-2023";1421.81;1057;"User_1057";"Hyderabad";"Regular";453;"Restaurant_453";"Chinese"
8682;"25-08-2023";1289.96;153;"User_153";"Pune";"Gold";245;"Restaurant_245";"Mexican"
8683;"17-05-2023";274.11;453;"User_453";"Hyderabad";"Regular";58;"Restaurant_58";"Indian"
8684;"07-06-2023";956.82;2522;"User_2522";"Chennai";"Regular";190;"Restaurant_190";"Chinese"
8685;"19-01-2023";337.75;620;"User_620";"Pune";"Regular";393;"Restaurant_393";"Italian"
8686;"03-07-2023";228.23;636;"User_636";"Chennai";"Regular";177;"Restaurant_177";"Indian"
8687;"19-01-2023";354.93;2098;"User_2098";"Bangalore";"Regular";414;"Restaurant_414";"Chinese"
8688;"16-09-2023";230.91;1708;"User_1708";"Pune";"Regular";181;"Restaurant_181";"Indian"
8689;"12-05-2023";421.39;877;"User_877";"Pune";"Gold";456;"Restaurant_456";"Chinese"
8690;"21-06-2023";580.0;631;"User_631";"Chennai";"Gold";156;"Restaurant_156";"Italian"
8691;"25-12-2023";1127.65;2627;"User_2627";"Bangalore";"Gold";454;"Restaurant_454";"Italian"
8692;"05-03-2023";748.47;1192;"User_1192";"Bangalore";"Regular";217;"Restaurant_217";"Indian"
8693;"07-05-2023";669.07;2829;"User_2829";"Bangalore";"Regular";359;"Restaurant_359";"Mexican"
8694;"03-08-2023";982.33;1767;"User_1767";"Bangalore";"Regular";233;"Restaurant_233";"Italian"
8695;"14-04-2023";1252.22;2924;"User_2924";"Hyderabad";"Gold";312;"Restaurant_312";"Chinese"
8696;"10-04-2023";168.0;1479;"User_1479";"Pune";"Regular";292;"Restaurant_292";"Mexican"
8697;"16-05-2023";209.66;333;"User_333";"Pune";"Gold";344;"Restaurant_344";"Indian"
8698;"24-09-2023";1383.67;1333;"User_1333";"Bangalore";"Gold";322;"Restaurant_322";"Italian"
8699;"22-11-2023";346.56;1360;"User_1360";"Chennai";"Gold";131;"Restaurant_131";"Italian"
8700;"07-10-2023";239.56;579;"User_579";"Pune";"Gold";137;"Restaurant_137";"Indian"
8701;"22-02-2023";943.96;1189;"User_1189";"Pune";"Regular";171;"Restaurant_171";"Mexican"
8702;"13-11-2023";995.03;1984;"User_1984";"Pune";"Gold";457;"Restaurant_457";"Indian"
8703;"05-04-2023";1241.92;1906;"User_1906";"Bangalore";"Gold";179;"Restaurant_179";"Italian"
8704;"09-12-2023";970.46;2159;"User_2159";"Bangalore";"Gold";44;"Restaurant_44";"Indian"
8705;"15-09-2023";1006.99;858;"User_858";"Hyderabad";"Gold";457;"Restaurant_457";"Indian"
8706;"29-08-2023";1266.17;1950;"User_1950";"Bangalore";"Gold";393;"Restaurant_393";"Italian"
8707;"16-01-2023";1402.17;278;"User_278";"Pune";"Gold";243;"Restaurant_243";"Chinese"
8708;"23-02-2023";677.49;1791;"User_1791";"Hyderabad";"Gold";86;"Restaurant_86";"Indian"
8709;"16-09-2023";852.76;1721;"User_1721";"Chennai";"Regular";326;"Restaurant_326";"Italian"
8710;"21-09-2023";1220.7;2954;"User_2954";"Chennai";"Gold";496;"Restaurant_496";"Indian"
8711;"15-06-2023";582.83;1836;"User_1836";"Bangalore";"Gold";247;"Restaurant_247";"Mexican"
8712;"18-06-2023";1149.2;1505;"User_1505";"Pune";"Gold";154;"Restaurant_154";"Chinese"
8713;"03-04-2023";257.29;2898;"User_2898";"Hyderabad";"Regular";289;"Restaurant_289";"Italian"
8714;"01-01-2024";1024.74;2983;"User_2983";"Bangalore";"Regular";282;"Restaurant_282";"Indian"
8715;"18-06-2023";1364.01;1834;"User_1834";"Bangalore";"Gold";490;"Restaurant_490";"Italian"
8716;"09-07-2023";342.95;2592;"User_2592";"Hyderabad";"Regular";238;"Restaurant_238";"Chinese"
8717;"03-05-2023";161.18;1724;"User_1724";"Bangalore";"Regular";424;"Restaurant_424";"Indian"
8718;"03-09-2023";942.05;932;"User_932";"Hyderabad";"Regular";16;"Restaurant_16";"Indian"
8719;"19-08-2023";1485.34;110;"User_110";"Hyderabad";"Gold";319;"Restaurant_319";"Indian"
8720;"19-10-2023";418.24;1979;"User_1979";"Bangalore";"Gold";130;"Restaurant_130";"Indian"
8721;"04-07-2023";560.74;2688;"User_2688";"Bangalore";"Regular";400;"Restaurant_400";"Mexican"
8722;"23-11-2023";873.13;2597;"User_2597";"Pune";"Gold";491;"Restaurant_491";"Chinese"
8723;"05-02-2023";1464.63;1914;"User_1914";"Pune";"Regular";345;"Restaurant_345";"Chinese"
8724;"30-03-2023";906.4;163;"User_163";"Chennai";"Gold";324;"Restaurant_324";"Mexican"
8725;"08-05-2023";1336.55;2288;"User_2288";"Bangalore";"Gold";37;"Restaurant_37";"Mexican"
8726;"03-08-2023";109.58;1188;"User_1188";"Pune";"Regular";48;"Restaurant_48";"Mexican"
8727;"08-11-2023";152.35;802;"User_802";"Hyderabad";"Gold";330;"Restaurant_330";"Italian"
8728;"05-06-2023";1351.66;647;"User_647";"Hyderabad";"Gold";362;"Restaurant_362";"Indian"
8729;"19-10-2023";824.53;341;"User_341";"Hyderabad";"Gold";31;"Restaurant_31";"Mexican"
8730;"27-07-2023";444.48;605;"User_605";"Bangalore";"Gold";281;"Restaurant_281";"Italian"
8731;"06-07-2023";800.11;2165;"User_2165";"Chennai";"Gold";313;"Restaurant_313";"Indian"
8732;"20-09-2023";183.05;2883;"User_2883";"Chennai";"Regular";475;"Restaurant_475";"Italian"
8733;"07-12-2023";1339.61;2649;"User_2649";"Hyderabad";"Gold";275;"Restaurant_275";"Italian"
8734;"20-07-2023";1100.5;1690;"User_1690";"Hyderabad";"Gold";154;"Restaurant_154";"Chinese"
8735;"08-03-2023";825.88;2134;"User_2134";"Hyderabad";"Regular";439;"Restaurant_439";"Mexican"
8736;"10-12-2023";614.38;2233;"User_2233";"Hyderabad";"Regular";369;"Restaurant_369";"Italian"
8737;"09-04-2023";972.26;1577;"User_1577";"Chennai";"Gold";174;"Restaurant_174";"Mexican"
8738;"17-04-2023";1442.96;2720;"User_2720";"Chennai";"Gold";429;"Restaurant_429";"Chinese"
8739;"29-03-2023";1267.16;529;"User_529";"Pune";"Gold";131;"Restaurant_131";"Italian"
8740;"01-01-2024";305.04;610;"User_610";"Pune";"Gold";389;"Restaurant_389";"Italian"
8741;"17-04-2023";851.05;1363;"User_1363";"Bangalore";"Gold";219;"Restaurant_219";"Mexican"
8742;"30-03-2023";1122.46;103;"User_103";"Hyderabad";"Regular";456;"Restaurant_456";"Chinese"
8743;"12-02-2023";304.95;837;"User_837";"Bangalore";"Gold";458;"Restaurant_458";"Italian"
8744;"07-06-2023";920.27;2003;"User_2003";"Chennai";"Regular";492;"Restaurant_492";"Italian"
8745;"08-04-2023";461.18;646;"User_646";"Pune";"Gold";252;"Restaurant_252";"Indian"
8746;"15-10-2023";691.22;1786;"User_1786";"Bangalore";"Regular";85;"Restaurant_85";"Mexican"
8747;"24-08-2023";1010.96;1184;"User_1184";"Pune";"Gold";176;"Restaurant_176";"Italian"
8748;"01-02-2023";1270.72;1800;"User_1800";"Bangalore";"Regular";349;"Restaurant_349";"Indian"
8749;"28-04-2023";1448.62;852;"User_852";"Bangalore";"Gold";156;"Restaurant_156";"Italian"
8750;"10-09-2023";538.89;2950;"User_2950";"Hyderabad";"Gold";48;"Restaurant_48";"Mexican"
8751;"09-02-2023";1147.85;1134;"User_1134";"Bangalore";"Gold";426;"Restaurant_426";"Chinese"
8752;"25-07-2023";891.1;976;"User_976";"Bangalore";"Regular";297;"Restaurant_297";"Italian"
8753;"26-01-2023";710.24;1945;"User_1945";"Pune";"Regular";19;"Restaurant_19";"Indian"
8754;"12-06-2023";937.35;359;"User_359";"Chennai";"Regular";100;"Restaurant_100";"Indian"
8755;"18-08-2023";1098.83;1967;"User_1967";"Hyderabad";"Regular";53;"Restaurant_53";"Indian"
8756;"17-03-2023";119.12;402;"User_402";"Hyderabad";"Regular";114;"Restaurant_114";"Indian"
8757;"30-11-2023";683.95;2997;"User_2997";"Hyderabad";"Regular";187;"Restaurant_187";"Chinese"
8758;"25-09-2023";270.23;2197;"User_2197";"Bangalore";"Regular";155;"Restaurant_155";"Mexican"
8759;"26-08-2023";1164.68;2170;"User_2170";"Bangalore";"Regular";90;"Restaurant_90";"Italian"
8760;"14-08-2023";344.6;667;"User_667";"Bangalore";"Gold";195;"Restaurant_195";"Indian"
8761;"17-02-2023";271.58;761;"User_761";"Pune";"Regular";344;"Restaurant_344";"Indian"
8762;"22-04-2023";1321.29;2307;"User_2307";"Pune";"Gold";90;"Restaurant_90";"Italian"
8763;"19-01-2023";333.71;2729;"User_2729";"Hyderabad";"Gold";457;"Restaurant_457";"Indian"
8764;"18-06-2023";215.42;2068;"User_2068";"Bangalore";"Regular";225;"Restaurant_225";"Italian"
8765;"07-02-2023";1480.4;2123;"User_2123";"Bangalore";"Regular";146;"Restaurant_146";"Indian"
8766;"19-04-2023";1030.79;859;"User_859";"Hyderabad";"Gold";148;"Restaurant_148";"Italian"
8767;"15-03-2023";1168.91;2269;"User_2269";"Hyderabad";"Regular";138;"Restaurant_138";"Indian"
8768;"22-02-2023";808.26;1596;"User_1596";"Pune";"Gold";21;"Restaurant_21";"Indian"
8769;"18-05-2023";471.86;2405;"User_2405";"Bangalore";"Regular";72;"Restaurant_72";"Mexican"
8770;"06-03-2023";446.26;329;"User_329";"Hyderabad";"Regular";475;"Restaurant_475";"Italian"
8771;"03-01-2023";707.95;2026;"User_2026";"Chennai";"Regular";116;"Restaurant_116";"Chinese"
8772;"18-04-2023";816.67;566;"User_566";"Chennai";"Regular";497;"Restaurant_497";"Mexican"
8773;"26-09-2023";1319.32;362;"User_362";"Chennai";"Gold";60;"Restaurant_60";"Mexican"
8774;"10-08-2023";110.14;597;"User_597";"Hyderabad";"Regular";287;"Restaurant_287";"Chinese"
8775;"01-05-2023";741.9;1553;"User_1553";"Pune";"Regular";407;"Restaurant_407";"Mexican"
8776;"13-08-2023";1202.92;1966;"User_1966";"Hyderabad";"Regular";203;"Restaurant_203";"Chinese"
8777;"03-12-2023";734.44;2642;"User_2642";"Pune";"Gold";140;"Restaurant_140";"Italian"
8778;"26-12-2023";864.94;2704;"User_2704";"Pune";"Gold";213;"Restaurant_213";"Indian"
8779;"23-02-2023";474.18;157;"User_157";"Bangalore";"Gold";406;"Restaurant_406";"Chinese"
8780;"08-10-2023";116.53;411;"User_411";"Pune";"Gold";216;"Restaurant_216";"Italian"
8781;"06-10-2023";921.35;168;"User_168";"Hyderabad";"Gold";37;"Restaurant_37";"Mexican"
8782;"20-11-2023";140.38;2108;"User_2108";"Chennai";"Gold";92;"Restaurant_92";"Mexican"
8783;"14-11-2023";1224.0;2794;"User_2794";"Pune";"Regular";69;"Restaurant_69";"Chinese"
8784;"29-10-2023";1095.68;1458;"User_1458";"Bangalore";"Regular";233;"Restaurant_233";"Italian"
8785;"15-02-2023";153.44;2071;"User_2071";"Hyderabad";"Regular";186;"Restaurant_186";"Indian"
8786;"29-12-2023";133.3;834;"User_834";"Chennai";"Gold";176;"Restaurant_176";"Italian"
8787;"04-09-2023";1086.69;2920;"User_2920";"Bangalore";"Gold";487;"Restaurant_487";"Chinese"
8788;"06-03-2023";207.23;1838;"User_1838";"Bangalore";"Regular";206;"Restaurant_206";"Mexican"
8789;"05-08-2023";1189.84;14;"User_14";"Bangalore";"Gold";35;"Restaurant_35";"Chinese"
8790;"29-11-2023";125.09;1744;"User_1744";"Bangalore";"Gold";106;"Restaurant_106";"Indian"
8791;"08-03-2023";1297.08;1927;"User_1927";"Hyderabad";"Gold";199;"Restaurant_199";"Italian"
8792;"08-03-2023";1057.11;2772;"User_2772";"Bangalore";"Gold";94;"Restaurant_94";"Chinese"
8793;"09-05-2023";208.11;1980;"User_1980";"Pune";"Gold";335;"Restaurant_335";"Italian"
8794;"05-12-2023";1144.33;504;"User_504";"Bangalore";"Gold";61;"Restaurant_61";"Italian"
8795;"22-05-2023";1136.66;1339;"User_1339";"Chennai";"Regular";212;"Restaurant_212";"Indian"
8796;"05-10-2023";921.25;2903;"User_2903";"Bangalore";"Regular";34;"Restaurant_34";"Chinese"
8797;"01-01-2023";233.96;1926;"User_1926";"Pune";"Gold";331;"Restaurant_331";"Mexican"
8798;"26-12-2023";690.52;1103;"User_1103";"Hyderabad";"Regular";382;"Restaurant_382";"Mexican"
8799;"19-09-2023";315.9;319;"User_319";"Bangalore";"Gold";498;"Restaurant_498";"Chinese"
8800;"17-05-2023";566.23;1322;"User_1322";"Bangalore";"Gold";234;"Restaurant_234";"Chinese"
8801;"14-09-2023";726.24;749;"User_749";"Bangalore";"Regular";425;"Restaurant_425";"Chinese"
8802;"22-12-2023";657.84;2257;"User_2257";"Chennai";"Gold";378;"Restaurant_378";"Italian"
8803;"31-12-2023";1369.13;505;"User_505";"Hyderabad";"Gold";461;"Restaurant_461";"Italian"
8804;"01-09-2023";619.99;1799;"User_1799";"Chennai";"Gold";391;"Restaurant_391";"Indian"
8805;"20-12-2023";1095.66;621;"User_621";"Bangalore";"Regular";130;"Restaurant_130";"Indian"
8806;"15-03-2023";979.82;844;"User_844";"Chennai";"Gold";50;"Restaurant_50";"Mexican"
8807;"25-03-2023";380.22;143;"User_143";"Bangalore";"Gold";67;"Restaurant_67";"Mexican"
8808;"12-06-2023";520.83;1352;"User_1352";"Pune";"Gold";40;"Restaurant_40";"Indian"
8809;"23-10-2023";102.49;2088;"User_2088";"Hyderabad";"Regular";188;"Restaurant_188";"Chinese"
8810;"17-02-2023";822.1;2337;"User_2337";"Bangalore";"Gold";297;"Restaurant_297";"Italian"
8811;"01-04-2023";142.31;2854;"User_2854";"Hyderabad";"Regular";310;"Restaurant_310";"Indian"
8812;"29-01-2023";1380.46;2574;"User_2574";"Pune";"Gold";239;"Restaurant_239";"Indian"
8813;"26-06-2023";839.67;830;"User_830";"Hyderabad";"Gold";133;"Restaurant_133";"Italian"
8814;"21-09-2023";882.9;1529;"User_1529";"Bangalore";"Regular";137;"Restaurant_137";"Indian"
8815;"18-10-2023";1153.22;1274;"User_1274";"Chennai";"Gold";414;"Restaurant_414";"Chinese"
8816;"13-08-2023";408.27;1612;"User_1612";"Chennai";"Gold";90;"Restaurant_90";"Italian"
8817;"22-01-2023";1282.81;932;"User_932";"Hyderabad";"Regular";35;"Restaurant_35";"Chinese"
8818;"01-01-2023";1352.77;2908;"User_2908";"Pune";"Gold";403;"Restaurant_403";"Indian"
8819;"05-09-2023";308.59;266;"User_266";"Bangalore";"Regular";470;"Restaurant_470";"Italian"
8820;"11-06-2023";856.28;39;"User_39";"Hyderabad";"Regular";460;"Restaurant_460";"Chinese"
8821;"16-07-2023";885.96;1348;"User_1348";"Hyderabad";"Regular";9;"Restaurant_9";"Italian"
8822;"16-10-2023";740.49;1417;"User_1417";"Chennai";"Gold";368;"Restaurant_368";"Indian"
8823;"26-11-2023";846.09;1516;"User_1516";"Pune";"Gold";287;"Restaurant_287";"Chinese"
8824;"10-03-2023";905.95;48;"User_48";"Chennai";"Gold";113;"Restaurant_113";"Chinese"
8825;"04-07-2023";1228.69;1273;"User_1273";"Chennai";"Regular";406;"Restaurant_406";"Chinese"
8826;"13-10-2023";505.53;2519;"User_2519";"Chennai";"Gold";143;"Restaurant_143";"Chinese"
8827;"08-01-2023";1150.96;2396;"User_2396";"Chennai";"Gold";323;"Restaurant_323";"Mexican"
8828;"22-08-2023";913.24;2579;"User_2579";"Bangalore";"Gold";44;"Restaurant_44";"Indian"
8829;"12-02-2023";1036.27;2727;"User_2727";"Chennai";"Regular";338;"Restaurant_338";"Mexican"
8830;"03-01-2023";881.71;2383;"User_2383";"Chennai";"Gold";209;"Restaurant_209";"Indian"
8831;"18-07-2023";275.33;1293;"User_1293";"Hyderabad";"Gold";43;"Restaurant_43";"Chinese"
8832;"07-07-2023";121.09;281;"User_281";"Chennai";"Regular";179;"Restaurant_179";"Italian"
8833;"11-08-2023";1001.9;1401;"User_1401";"Hyderabad";"Gold";86;"Restaurant_86";"Indian"
8834;"23-06-2023";1175.09;2717;"User_2717";"Bangalore";"Regular";348;"Restaurant_348";"Italian"
8835;"05-10-2023";165.02;1291;"User_1291";"Chennai";"Gold";214;"Restaurant_214";"Chinese"
8836;"03-10-2023";1474.37;1004;"User_1004";"Bangalore";"Regular";227;"Restaurant_227";"Italian"
8837;"12-12-2023";756.7;884;"User_884";"Pune";"Gold";188;"Restaurant_188";"Chinese"
8838;"07-02-2023";429.51;906;"User_906";"Hyderabad";"Gold";268;"Restaurant_268";"Indian"
8839;"30-03-2023";841.62;2217;"User_2217";"Pune";"Regular";32;"Restaurant_32";"Italian"
8840;"27-08-2023";1028.58;1813;"User_1813";"Hyderabad";"Regular";231;"Restaurant_231";"Indian"
8841;"04-12-2023";631.82;2381;"User_2381";"Pune";"Regular";294;"Restaurant_294";"Italian"
8842;"11-06-2023";1207.96;1682;"User_1682";"Pune";"Gold";157;"Restaurant_157";"Italian"
8843;"26-01-2023";157.33;1628;"User_1628";"Hyderabad";"Gold";453;"Restaurant_453";"Chinese"
8844;"08-10-2023";1255.97;1216;"User_1216";"Bangalore";"Regular";179;"Restaurant_179";"Italian"
8845;"20-08-2023";133.69;120;"User_120";"Chennai";"Regular";440;"Restaurant_440";"Mexican"
8846;"24-03-2023";749.64;1522;"User_1522";"Chennai";"Gold";350;"Restaurant_350";"Mexican"
8847;"04-12-2023";1495.06;2259;"User_2259";"Bangalore";"Gold";185;"Restaurant_185";"Mexican"
8848;"29-04-2023";182.67;35;"User_35";"Hyderabad";"Regular";219;"Restaurant_219";"Mexican"
8849;"05-11-2023";1485.34;1430;"User_1430";"Hyderabad";"Regular";218;"Restaurant_218";"Indian"
8850;"22-03-2023";346.28;545;"User_545";"Pune";"Regular";167;"Restaurant_167";"Italian"
8851;"26-11-2023";834.83;1493;"User_1493";"Chennai";"Regular";358;"Restaurant_358";"Indian"
8852;"24-06-2023";646.97;1683;"User_1683";"Chennai";"Gold";190;"Restaurant_190";"Chinese"
8853;"16-03-2023";189.7;637;"User_637";"Hyderabad";"Gold";139;"Restaurant_139";"Mexican"
8854;"29-12-2023";126.63;2792;"User_2792";"Chennai";"Regular";278;"Restaurant_278";"Indian"
8855;"23-03-2023";731.51;700;"User_700";"Pune";"Gold";238;"Restaurant_238";"Chinese"
8856;"03-01-2023";665.68;2888;"User_2888";"Chennai";"Gold";171;"Restaurant_171";"Mexican"
8857;"13-05-2023";1490.42;731;"User_731";"Bangalore";"Regular";176;"Restaurant_176";"Italian"
8858;"12-11-2023";689.77;1040;"User_1040";"Chennai";"Regular";161;"Restaurant_161";"Mexican"
8859;"01-06-2023";1189.66;11;"User_11";"Chennai";"Gold";240;"Restaurant_240";"Indian"
8860;"11-06-2023";572.27;1790;"User_1790";"Pune";"Regular";278;"Restaurant_278";"Indian"
8861;"05-11-2023";1109.52;1069;"User_1069";"Chennai";"Regular";186;"Restaurant_186";"Indian"
8862;"20-07-2023";675.44;703;"User_703";"Pune";"Gold";428;"Restaurant_428";"Mexican"
8863;"18-01-2023";597.87;2753;"User_2753";"Bangalore";"Regular";157;"Restaurant_157";"Italian"
8864;"02-12-2023";610.55;2637;"User_2637";"Hyderabad";"Regular";127;"Restaurant_127";"Chinese"
8865;"29-06-2023";583.83;2890;"User_2890";"Bangalore";"Regular";247;"Restaurant_247";"Mexican"
8866;"12-10-2023";1074.57;74;"User_74";"Pune";"Regular";287;"Restaurant_287";"Chinese"
8867;"16-08-2023";894.46;607;"User_607";"Hyderabad";"Regular";37;"Restaurant_37";"Mexican"
8868;"31-05-2023";508.6;2361;"User_2361";"Bangalore";"Gold";391;"Restaurant_391";"Indian"
8869;"23-04-2023";281.22;2282;"User_2282";"Bangalore";"Regular";466;"Restaurant_466";"Italian"
8870;"28-03-2023";1297.84;2465;"User_2465";"Hyderabad";"Gold";330;"Restaurant_330";"Italian"
8871;"05-03-2023";926.05;158;"User_158";"Hyderabad";"Gold";27;"Restaurant_27";"Italian"
8872;"01-10-2023";1299.35;2842;"User_2842";"Chennai";"Gold";188;"Restaurant_188";"Chinese"
8873;"23-10-2023";545.18;1258;"User_1258";"Pune";"Regular";433;"Restaurant_433";"Italian"
8874;"07-08-2023";1106.88;2716;"User_2716";"Pune";"Regular";122;"Restaurant_122";"Indian"
8875;"25-04-2023";1088.23;1320;"User_1320";"Hyderabad";"Regular";356;"Restaurant_356";"Indian"
8876;"17-11-2023";990.83;874;"User_874";"Pune";"Gold";295;"Restaurant_295";"Chinese"
8877;"19-07-2023";117.13;95;"User_95";"Bangalore";"Gold";434;"Restaurant_434";"Italian"
8878;"26-03-2023";1250.86;364;"User_364";"Chennai";"Gold";444;"Restaurant_444";"Chinese"
8879;"05-02-2023";1365.27;343;"User_343";"Chennai";"Gold";287;"Restaurant_287";"Chinese"
8880;"19-10-2023";209.7;1555;"User_1555";"Pune";"Gold";443;"Restaurant_443";"Mexican"
8881;"20-04-2023";173.22;2939;"User_2939";"Pune";"Regular";183;"Restaurant_183";"Chinese"
8882;"21-09-2023";625.61;2978;"User_2978";"Pune";"Regular";32;"Restaurant_32";"Italian"
8883;"08-08-2023";1031.39;1594;"User_1594";"Bangalore";"Regular";213;"Restaurant_213";"Indian"
8884;"08-06-2023";655.5;74;"User_74";"Pune";"Regular";48;"Restaurant_48";"Mexican"
8885;"15-09-2023";369.72;2154;"User_2154";"Bangalore";"Gold";390;"Restaurant_390";"Mexican"
8886;"19-02-2023";465.21;1252;"User_1252";"Chennai";"Regular";357;"Restaurant_357";"Italian"
8887;"03-11-2023";1078.51;2848;"User_2848";"Hyderabad";"Gold";407;"Restaurant_407";"Mexican"
8888;"16-02-2023";1232.3;652;"User_652";"Bangalore";"Regular";171;"Restaurant_171";"Mexican"
8889;"09-05-2023";130.61;814;"User_814";"Hyderabad";"Regular";165;"Restaurant_165";"Mexican"
8890;"26-01-2023";347.02;2883;"User_2883";"Chennai";"Regular";486;"Restaurant_486";"Italian"
8891;"02-04-2023";289.92;2355;"User_2355";"Pune";"Regular";372;"Restaurant_372";"Italian"
8892;"12-08-2023";1387.44;765;"User_765";"Hyderabad";"Gold";67;"Restaurant_67";"Mexican"
8893;"16-11-2023";873.51;2261;"User_2261";"Bangalore";"Gold";72;"Restaurant_72";"Mexican"
8894;"19-12-2023";1054.07;1636;"User_1636";"Bangalore";"Regular";431;"Restaurant_431";"Mexican"
8895;"27-11-2023";1370.33;2;"User_2";"Pune";"Gold";232;"Restaurant_232";"Mexican"
8896;"22-07-2023";585.61;804;"User_804";"Bangalore";"Gold";422;"Restaurant_422";"Mexican"
8897;"07-11-2023";1393.62;2275;"User_2275";"Bangalore";"Gold";353;"Restaurant_353";"Indian"
8898;"21-06-2023";367.9;757;"User_757";"Pune";"Gold";462;"Restaurant_462";"Italian"
8899;"22-11-2023";982.15;1292;"User_1292";"Hyderabad";"Regular";32;"Restaurant_32";"Italian"
8900;"03-03-2023";380.93;2509;"User_2509";"Pune";"Gold";82;"Restaurant_82";"Chinese"
8901;"28-02-2023";1368.66;2939;"User_2939";"Pune";"Regular";238;"Restaurant_238";"Chinese"
8902;"07-06-2023";364.49;1052;"User_1052";"Pune";"Regular";254;"Restaurant_254";"Indian"
8903;"23-11-2023";1323.36;1193;"User_1193";"Pune";"Regular";168;"Restaurant_168";"Indian"
8904;"04-10-2023";968.54;746;"User_746";"Bangalore";"Regular";486;"Restaurant_486";"Italian"
8905;"29-12-2023";400.76;2648;"User_2648";"Hyderabad";"Regular";389;"Restaurant_389";"Italian"
8906;"12-04-2023";1209.82;2040;"User_2040";"Chennai";"Regular";357;"Restaurant_357";"Italian"
8907;"07-01-2023";769.75;1311;"User_1311";"Bangalore";"Regular";433;"Restaurant_433";"Italian"
8908;"29-03-2023";1231.37;63;"User_63";"Pune";"Regular";72;"Restaurant_72";"Mexican"
8909;"03-12-2023";511.6;2593;"User_2593";"Pune";"Regular";240;"Restaurant_240";"Indian"
8910;"11-05-2023";748.3;707;"User_707";"Chennai";"Gold";181;"Restaurant_181";"Indian"
8911;"24-01-2023";1127.59;2973;"User_2973";"Hyderabad";"Gold";426;"Restaurant_426";"Chinese"
8912;"08-08-2023";1016.18;1386;"User_1386";"Hyderabad";"Gold";127;"Restaurant_127";"Chinese"
8913;"28-07-2023";1312.64;110;"User_110";"Hyderabad";"Gold";61;"Restaurant_61";"Italian"
8914;"24-05-2023";1058.76;1822;"User_1822";"Bangalore";"Gold";231;"Restaurant_231";"Indian"
8915;"25-03-2023";879.96;931;"User_931";"Pune";"Regular";313;"Restaurant_313";"Indian"
8916;"09-07-2023";930.4;1719;"User_1719";"Pune";"Gold";354;"Restaurant_354";"Indian"
8917;"05-08-2023";667.16;1610;"User_1610";"Pune";"Regular";158;"Restaurant_158";"Indian"
8918;"24-10-2023";717.28;799;"User_799";"Chennai";"Regular";324;"Restaurant_324";"Mexican"
8919;"12-09-2023";1319.73;927;"User_927";"Chennai";"Regular";43;"Restaurant_43";"Chinese"
8920;"21-10-2023";1128.06;640;"User_640";"Hyderabad";"Regular";256;"Restaurant_256";"Italian"
8921;"18-11-2023";709.87;1813;"User_1813";"Hyderabad";"Regular";355;"Restaurant_355";"Indian"
8922;"26-08-2023";157.05;2856;"User_2856";"Hyderabad";"Regular";428;"Restaurant_428";"Mexican"
8923;"23-03-2023";1008.03;1945;"User_1945";"Pune";"Regular";485;"Restaurant_485";"Mexican"
8924;"27-04-2023";965.51;840;"User_840";"Bangalore";"Gold";80;"Restaurant_80";"Italian"
8925;"31-01-2023";616.82;2226;"User_2226";"Hyderabad";"Regular";320;"Restaurant_320";"Italian"
8926;"15-04-2023";1482.34;576;"User_576";"Pune";"Gold";217;"Restaurant_217";"Indian"
8927;"09-09-2023";711.31;1669;"User_1669";"Hyderabad";"Regular";321;"Restaurant_321";"Chinese"
8928;"18-07-2023";881.73;2146;"User_2146";"Chennai";"Gold";109;"Restaurant_109";"Chinese"
8929;"02-10-2023";259.33;1034;"User_1034";"Bangalore";"Gold";227;"Restaurant_227";"Italian"
8930;"04-09-2023";1185.12;2919;"User_2919";"Bangalore";"Gold";148;"Restaurant_148";"Italian"
8931;"01-12-2023";104.32;2671;"User_2671";"Bangalore";"Gold";374;"Restaurant_374";"Mexican"
8932;"09-05-2023";335.91;690;"User_690";"Hyderabad";"Gold";43;"Restaurant_43";"Chinese"
8933;"13-07-2023";162.26;1347;"User_1347";"Chennai";"Gold";314;"Restaurant_314";"Indian"
8934;"05-04-2023";248.77;1076;"User_1076";"Hyderabad";"Gold";302;"Restaurant_302";"Mexican"
8935;"14-06-2023";1324.45;1809;"User_1809";"Bangalore";"Gold";83;"Restaurant_83";"Chinese"
8936;"25-09-2023";1054.3;40;"User_40";"Hyderabad";"Regular";413;"Restaurant_413";"Italian"
8937;"18-01-2023";685.6;1899;"User_1899";"Chennai";"Gold";59;"Restaurant_59";"Chinese"
8938;"29-10-2023";350.56;1910;"User_1910";"Chennai";"Regular";466;"Restaurant_466";"Italian"
8939;"03-11-2023";114.06;1460;"User_1460";"Hyderabad";"Regular";338;"Restaurant_338";"Mexican"
8940;"27-04-2023";138.04;2564;"User_2564";"Pune";"Gold";165;"Restaurant_165";"Mexican"
8941;"08-04-2023";335.9;2743;"User_2743";"Hyderabad";"Regular";311;"Restaurant_311";"Italian"
8942;"27-01-2023";171.88;1548;"User_1548";"Pune";"Gold";242;"Restaurant_242";"Mexican"
8943;"16-08-2023";1301.51;976;"User_976";"Bangalore";"Regular";275;"Restaurant_275";"Italian"
8944;"10-10-2023";572.45;2587;"User_2587";"Bangalore";"Gold";34;"Restaurant_34";"Chinese"
8945;"01-10-2023";946.97;769;"User_769";"Hyderabad";"Regular";457;"Restaurant_457";"Indian"
8946;"14-01-2023";1491.29;1369;"User_1369";"Hyderabad";"Regular";468;"Restaurant_468";"Chinese"
8947;"09-01-2023";1460.65;824;"User_824";"Hyderabad";"Regular";430;"Restaurant_430";"Mexican"
8948;"23-03-2023";883.45;2123;"User_2123";"Bangalore";"Regular";52;"Restaurant_52";"Mexican"
8949;"07-10-2023";135.42;2920;"User_2920";"Bangalore";"Gold";254;"Restaurant_254";"Indian"
8950;"17-08-2023";259.77;1797;"User_1797";"Bangalore";"Regular";417;"Restaurant_417";"Mexican"
8951;"18-11-2023";848.29;1869;"User_1869";"Pune";"Regular";401;"Restaurant_401";"Indian"
8952;"27-09-2023";193.19;2788;"User_2788";"Hyderabad";"Regular";382;"Restaurant_382";"Mexican"
8953;"20-05-2023";1279.19;615;"User_615";"Bangalore";"Gold";41;"Restaurant_41";"Mexican"
8954;"24-03-2023";1196.15;2315;"User_2315";"Pune";"Regular";297;"Restaurant_297";"Italian"
8955;"26-01-2023";567.35;1687;"User_1687";"Chennai";"Gold";101;"Restaurant_101";"Mexican"
8956;"03-07-2023";980.4;1206;"User_1206";"Bangalore";"Gold";49;"Restaurant_49";"Italian"
8957;"31-05-2023";905.28;666;"User_666";"Hyderabad";"Regular";200;"Restaurant_200";"Chinese"
8958;"29-10-2023";500.95;2839;"User_2839";"Bangalore";"Regular";384;"Restaurant_384";"Mexican"
8959;"09-05-2023";451.49;855;"User_855";"Chennai";"Gold";393;"Restaurant_393";"Italian"
8960;"25-05-2023";122.14;1697;"User_1697";"Bangalore";"Regular";433;"Restaurant_433";"Italian"
8961;"18-08-2023";579.62;1997;"User_1997";"Pune";"Gold";225;"Restaurant_225";"Italian"
8962;"23-09-2023";1037.22;725;"User_725";"Bangalore";"Gold";163;"Restaurant_163";"Italian"
8963;"08-01-2023";357.55;1139;"User_1139";"Hyderabad";"Regular";334;"Restaurant_334";"Indian"
8964;"21-12-2023";1387.7;2949;"User_2949";"Bangalore";"Gold";321;"Restaurant_321";"Chinese"
8965;"11-08-2023";1097.78;1439;"User_1439";"Pune";"Regular";239;"Restaurant_239";"Indian"
8966;"16-03-2023";1070.83;2316;"User_2316";"Hyderabad";"Regular";452;"Restaurant_452";"Chinese"
8967;"07-06-2023";113.79;496;"User_496";"Chennai";"Regular";255;"Restaurant_255";"Mexican"
8968;"03-02-2023";114.98;171;"User_171";"Hyderabad";"Regular";250;"Restaurant_250";"Mexican"
8969;"29-12-2023";278.51;2682;"User_2682";"Chennai";"Gold";204;"Restaurant_204";"Mexican"
8970;"25-08-2023";1415.18;1440;"User_1440";"Hyderabad";"Gold";77;"Restaurant_77";"Mexican"
8971;"21-09-2023";822.06;9;"User_9";"Bangalore";"Gold";7;"Restaurant_7";"Italian"
8972;"17-01-2023";947.3;2916;"User_2916";"Bangalore";"Regular";151;"Restaurant_151";"Chinese"
8973;"07-09-2023";209.97;2123;"User_2123";"Bangalore";"Regular";86;"Restaurant_86";"Indian"
8974;"28-03-2023";715.35;1017;"User_1017";"Bangalore";"Regular";125;"Restaurant_125";"Chinese"
8975;"27-10-2023";1497.59;1690;"User_1690";"Hyderabad";"Gold";200;"Restaurant_200";"Chinese"
8976;"26-04-2023";1198.74;2378;"User_2378";"Chennai";"Gold";206;"Restaurant_206";"Mexican"
8977;"25-09-2023";1445.02;727;"User_727";"Pune";"Regular";386;"Restaurant_386";"Italian"
8978;"19-11-2023";801.18;1859;"User_1859";"Pune";"Regular";386;"Restaurant_386";"Italian"
8979;"01-01-2024";316.86;1801;"User_1801";"Hyderabad";"Gold";352;"Restaurant_352";"Italian"
8980;"21-05-2023";721.27;2310;"User_2310";"Hyderabad";"Gold";111;"Restaurant_111";"Mexican"
8981;"21-06-2023";379.34;1399;"User_1399";"Hyderabad";"Gold";301;"Restaurant_301";"Italian"
8982;"20-02-2023";1217.24;586;"User_586";"Bangalore";"Gold";468;"Restaurant_468";"Chinese"
8983;"19-07-2023";465.48;2846;"User_2846";"Bangalore";"Gold";329;"Restaurant_329";"Chinese"
8984;"24-05-2023";390.01;1943;"User_1943";"Bangalore";"Regular";143;"Restaurant_143";"Chinese"
8985;"01-03-2023";606.49;728;"User_728";"Hyderabad";"Gold";406;"Restaurant_406";"Chinese"
8986;"02-09-2023";1424.32;315;"User_315";"Chennai";"Gold";17;"Restaurant_17";"Indian"
8987;"09-12-2023";1402.3;2019;"User_2019";"Pune";"Gold";78;"Restaurant_78";"Indian"
8988;"13-04-2023";196.59;2701;"User_2701";"Chennai";"Gold";303;"Restaurant_303";"Mexican"
8989;"30-10-2023";1478.34;1444;"User_1444";"Bangalore";"Gold";421;"Restaurant_421";"Indian"
8990;"03-07-2023";1113.3;946;"User_946";"Hyderabad";"Regular";356;"Restaurant_356";"Indian"
8991;"03-06-2023";848.64;1515;"User_1515";"Bangalore";"Regular";65;"Restaurant_65";"Mexican"
8992;"06-02-2023";407.3;2444;"User_2444";"Bangalore";"Regular";282;"Restaurant_282";"Indian"
8993;"27-03-2023";1283.14;1011;"User_1011";"Pune";"Regular";302;"Restaurant_302";"Mexican"
8994;"19-04-2023";313.21;2918;"User_2918";"Hyderabad";"Regular";293;"Restaurant_293";"Italian"
8995;"07-12-2023";241.42;1606;"User_1606";"Hyderabad";"Gold";454;"Restaurant_454";"Italian"
8996;"06-05-2023";813.95;97;"User_97";"Bangalore";"Gold";231;"Restaurant_231";"Indian"
8997;"05-05-2023";543.8;329;"User_329";"Hyderabad";"Regular";53;"Restaurant_53";"Indian"
8998;"21-07-2023";304.54;745;"User_745";"Bangalore";"Gold";481;"Restaurant_481";"Indian"
8999;"08-10-2023";590.92;335;"User_335";"Chennai";"Gold";307;"Restaurant_307";"Mexican"
9000;"25-03-2023";934.12;394;"User_394";"Pune";"Gold";11;"Restaurant_11";"Chinese"
9001;"03-10-2023";1384.97;2958;"User_2958";"Pune";"Gold";344;"Restaurant_344";"Indian"
9002;"07-02-2023";1085.54;149;"User_149";"Bangalore";"Regular";374;"Restaurant_374";"Mexican"
9003;"08-05-2023";119.8;1246;"User_1246";"Chennai";"Gold";92;"Restaurant_92";"Mexican"
9004;"13-02-2023";1174.39;547;"User_547";"Bangalore";"Gold";44;"Restaurant_44";"Indian"
9005;"17-02-2023";845.81;2584;"User_2584";"Pune";"Gold";183;"Restaurant_183";"Chinese"
9006;"29-11-2023";708.45;2716;"User_2716";"Pune";"Regular";428;"Restaurant_428";"Mexican"
9007;"06-03-2023";1441.5;1750;"User_1750";"Pune";"Gold";363;"Restaurant_363";"Italian"
9008;"07-06-2023";243.98;971;"User_971";"Pune";"Regular";166;"Restaurant_166";"Chinese"
9009;"05-12-2023";1386.09;1360;"User_1360";"Chennai";"Gold";149;"Restaurant_149";"Mexican"
9010;"02-07-2023";894.57;1898;"User_1898";"Bangalore";"Regular";270;"Restaurant_270";"Mexican"
9011;"04-04-2023";1484.54;677;"User_677";"Chennai";"Gold";144;"Restaurant_144";"Chinese"
9012;"15-09-2023";538.04;1051;"User_1051";"Pune";"Regular";108;"Restaurant_108";"Chinese"
9013;"01-09-2023";855.48;2526;"User_2526";"Pune";"Regular";81;"Restaurant_81";"Chinese"
9014;"06-08-2023";569.14;802;"User_802";"Hyderabad";"Gold";460;"Restaurant_460";"Chinese"
9015;"22-08-2023";993.47;452;"User_452";"Bangalore";"Gold";500;"Restaurant_500";"Chinese"
9016;"19-11-2023";187.86;487;"User_487";"Hyderabad";"Regular";295;"Restaurant_295";"Chinese"
9017;"06-09-2023";996.52;1995;"User_1995";"Chennai";"Gold";443;"Restaurant_443";"Mexican"
9018;"23-03-2023";944.34;274;"User_274";"Pune";"Gold";389;"Restaurant_389";"Italian"
9019;"07-07-2023";108.09;1893;"User_1893";"Hyderabad";"Regular";300;"Restaurant_300";"Italian"
9020;"13-07-2023";904.58;1148;"User_1148";"Hyderabad";"Regular";482;"Restaurant_482";"Chinese"
9021;"02-12-2023";800.4;1846;"User_1846";"Chennai";"Regular";338;"Restaurant_338";"Mexican"
9022;"13-06-2023";301.85;1040;"User_1040";"Chennai";"Regular";278;"Restaurant_278";"Indian"
9023;"07-11-2023";540.73;540;"User_540";"Pune";"Gold";271;"Restaurant_271";"Chinese"
9024;"04-02-2023";818.26;2658;"User_2658";"Bangalore";"Regular";10;"Restaurant_10";"Chinese"
9025;"15-01-2023";119.66;1711;"User_1711";"Chennai";"Regular";213;"Restaurant_213";"Indian"
9026;"02-08-2023";448.73;2404;"User_2404";"Hyderabad";"Gold";188;"Restaurant_188";"Chinese"
9027;"06-09-2023";481.92;2977;"User_2977";"Chennai";"Gold";431;"Restaurant_431";"Mexican"
9028;"05-09-2023";612.98;2905;"User_2905";"Pune";"Gold";227;"Restaurant_227";"Italian"
9029;"04-12-2023";775.69;2091;"User_2091";"Chennai";"Gold";166;"Restaurant_166";"Chinese"
9030;"02-05-2023";274.5;470;"User_470";"Chennai";"Regular";300;"Restaurant_300";"Italian"
9031;"16-05-2023";859.4;1524;"User_1524";"Chennai";"Regular";413;"Restaurant_413";"Italian"
9032;"30-09-2023";1337.33;1340;"User_1340";"Bangalore";"Gold";464;"Restaurant_464";"Italian"
9033;"01-06-2023";881.5;299;"User_299";"Bangalore";"Regular";354;"Restaurant_354";"Indian"
9034;"05-04-2023";147.75;1877;"User_1877";"Pune";"Regular";412;"Restaurant_412";"Mexican"
9035;"24-04-2023";364.88;1786;"User_1786";"Bangalore";"Regular";489;"Restaurant_489";"Italian"
9036;"17-12-2023";578.29;1526;"User_1526";"Pune";"Regular";464;"Restaurant_464";"Italian"
9037;"21-01-2023";215.88;300;"User_300";"Chennai";"Regular";74;"Restaurant_74";"Chinese"
9038;"14-05-2023";439.54;2567;"User_2567";"Bangalore";"Gold";4;"Restaurant_4";"Chinese"
9039;"28-03-2023";1338.32;522;"User_522";"Bangalore";"Gold";154;"Restaurant_154";"Chinese"
9040;"07-02-2023";788.75;672;"User_672";"Bangalore";"Regular";441;"Restaurant_441";"Indian"
9041;"18-11-2023";1070.32;280;"User_280";"Bangalore";"Gold";271;"Restaurant_271";"Chinese"
9042;"06-01-2023";748.43;1178;"User_1178";"Chennai";"Regular";183;"Restaurant_183";"Chinese"
9043;"28-07-2023";527.74;365;"User_365";"Bangalore";"Regular";318;"Restaurant_318";"Indian"
9044;"25-04-2023";966.44;1110;"User_1110";"Pune";"Gold";420;"Restaurant_420";"Italian"
9045;"21-07-2023";1147.65;2171;"User_2171";"Chennai";"Gold";489;"Restaurant_489";"Italian"
9046;"14-12-2023";1158.58;1355;"User_1355";"Pune";"Gold";314;"Restaurant_314";"Indian"
9047;"21-11-2023";713.46;2640;"User_2640";"Bangalore";"Gold";220;"Restaurant_220";"Mexican"
9048;"16-11-2023";404.03;343;"User_343";"Chennai";"Gold";400;"Restaurant_400";"Mexican"
9049;"13-02-2023";258.79;1638;"User_1638";"Chennai";"Regular";295;"Restaurant_295";"Chinese"
9050;"23-06-2023";1300.31;2494;"User_2494";"Chennai";"Regular";268;"Restaurant_268";"Indian"
9051;"22-03-2023";501.93;1274;"User_1274";"Chennai";"Gold";156;"Restaurant_156";"Italian"
9052;"23-05-2023";589.93;2655;"User_2655";"Bangalore";"Regular";193;"Restaurant_193";"Chinese"
9053;"17-01-2023";1227.89;560;"User_560";"Bangalore";"Gold";2;"Restaurant_2";"Indian"
9054;"09-11-2023";967.46;758;"User_758";"Chennai";"Regular";179;"Restaurant_179";"Italian"
9055;"01-12-2023";1293.21;2665;"User_2665";"Chennai";"Gold";71;"Restaurant_71";"Indian"
9056;"03-08-2023";797.19;2283;"User_2283";"Hyderabad";"Gold";388;"Restaurant_388";"Indian"
9057;"24-02-2023";359.15;2232;"User_2232";"Pune";"Gold";255;"Restaurant_255";"Mexican"
9058;"23-12-2023";896.32;1372;"User_1372";"Chennai";"Gold";50;"Restaurant_50";"Mexican"
9059;"19-07-2023";497.18;158;"User_158";"Hyderabad";"Gold";315;"Restaurant_315";"Mexican"
9060;"04-06-2023";993.64;902;"User_902";"Bangalore";"Gold";240;"Restaurant_240";"Indian"
9061;"16-10-2023";555.83;2778;"User_2778";"Hyderabad";"Regular";383;"Restaurant_383";"Indian"
9062;"17-06-2023";1057.22;1319;"User_1319";"Hyderabad";"Gold";282;"Restaurant_282";"Indian"
9063;"19-12-2023";841.48;2463;"User_2463";"Chennai";"Gold";394;"Restaurant_394";"Mexican"
9064;"02-06-2023";741.88;228;"User_228";"Pune";"Regular";323;"Restaurant_323";"Mexican"
9065;"17-11-2023";612.57;2520;"User_2520";"Hyderabad";"Gold";374;"Restaurant_374";"Mexican"
9066;"05-09-2023";830.44;821;"User_821";"Chennai";"Gold";55;"Restaurant_55";"Indian"
9067;"03-06-2023";373.83;1195;"User_1195";"Chennai";"Gold";276;"Restaurant_276";"Italian"
9068;"29-06-2023";1117.69;2310;"User_2310";"Hyderabad";"Gold";159;"Restaurant_159";"Mexican"
9069;"20-12-2023";752.92;452;"User_452";"Bangalore";"Gold";482;"Restaurant_482";"Chinese"
9070;"14-04-2023";754.57;91;"User_91";"Chennai";"Regular";362;"Restaurant_362";"Indian"
9071;"19-07-2023";1326.55;817;"User_817";"Hyderabad";"Regular";108;"Restaurant_108";"Chinese"
9072;"30-10-2023";569.19;1779;"User_1779";"Chennai";"Regular";491;"Restaurant_491";"Chinese"
9073;"12-12-2023";232.61;1528;"User_1528";"Chennai";"Regular";321;"Restaurant_321";"Chinese"
9074;"10-11-2023";921.49;1955;"User_1955";"Chennai";"Gold";176;"Restaurant_176";"Italian"
9075;"30-09-2023";1273.29;1234;"User_1234";"Chennai";"Gold";40;"Restaurant_40";"Indian"
9076;"30-04-2023";918.36;612;"User_612";"Bangalore";"Regular";9;"Restaurant_9";"Italian"
9077;"22-03-2023";396.14;1448;"User_1448";"Chennai";"Regular";62;"Restaurant_62";"Indian"
9078;"14-09-2023";718.51;834;"User_834";"Chennai";"Gold";253;"Restaurant_253";"Italian"
9079;"02-09-2023";810.73;1557;"User_1557";"Pune";"Gold";40;"Restaurant_40";"Indian"
9080;"10-12-2023";489.41;715;"User_715";"Bangalore";"Regular";494;"Restaurant_494";"Mexican"
9081;"24-07-2023";1404.09;1648;"User_1648";"Hyderabad";"Regular";419;"Restaurant_419";"Chinese"
9082;"22-09-2023";1104.72;1547;"User_1547";"Bangalore";"Regular";353;"Restaurant_353";"Indian"
9083;"24-03-2023";1109.39;1982;"User_1982";"Chennai";"Gold";280;"Restaurant_280";"Chinese"
9084;"24-12-2023";753.11;861;"User_861";"Chennai";"Regular";24;"Restaurant_24";"Mexican"
9085;"29-07-2023";1306.54;767;"User_767";"Hyderabad";"Gold";436;"Restaurant_436";"Mexican"
9086;"30-06-2023";967.04;1128;"User_1128";"Pune";"Gold";252;"Restaurant_252";"Indian"
9087;"27-05-2023";226.39;665;"User_665";"Pune";"Gold";51;"Restaurant_51";"Italian"
9088;"23-01-2023";829.05;386;"User_386";"Pune";"Regular";354;"Restaurant_354";"Indian"
9089;"19-09-2023";423.6;1906;"User_1906";"Bangalore";"Gold";429;"Restaurant_429";"Chinese"
9090;"21-07-2023";272.74;1860;"User_1860";"Chennai";"Gold";32;"Restaurant_32";"Italian"
9091;"23-09-2023";854.27;2126;"User_2126";"Hyderabad";"Gold";477;"Restaurant_477";"Indian"
9092;"08-10-2023";1274.09;2304;"User_2304";"Chennai";"Regular";397;"Restaurant_397";"Indian"
9093;"17-03-2023";373.41;874;"User_874";"Pune";"Gold";123;"Restaurant_123";"Chinese"
9094;"21-01-2023";888.36;1676;"User_1676";"Bangalore";"Gold";373;"Restaurant_373";"Indian"
9095;"11-01-2023";1015.12;886;"User_886";"Bangalore";"Regular";351;"Restaurant_351";"Mexican"
9096;"27-10-2023";1396.29;2309;"User_2309";"Chennai";"Gold";303;"Restaurant_303";"Mexican"
9097;"25-09-2023";245.55;419;"User_419";"Chennai";"Regular";182;"Restaurant_182";"Mexican"
9098;"11-05-2023";610.48;2338;"User_2338";"Pune";"Regular";161;"Restaurant_161";"Mexican"
9099;"06-01-2023";1228.0;423;"User_423";"Chennai";"Gold";72;"Restaurant_72";"Mexican"
9100;"19-03-2023";476.72;98;"User_98";"Pune";"Regular";88;"Restaurant_88";"Indian"
9101;"30-07-2023";1340.07;1759;"User_1759";"Chennai";"Regular";96;"Restaurant_96";"Mexican"
9102;"06-05-2023";188.19;1069;"User_1069";"Chennai";"Regular";388;"Restaurant_388";"Indian"
9103;"16-01-2023";700.45;2462;"User_2462";"Chennai";"Gold";104;"Restaurant_104";"Chinese"
9104;"09-08-2023";132.9;197;"User_197";"Hyderabad";"Gold";108;"Restaurant_108";"Chinese"
9105;"13-04-2023";1467.85;1857;"User_1857";"Hyderabad";"Regular";352;"Restaurant_352";"Italian"
9106;"10-07-2023";727.72;1868;"User_1868";"Hyderabad";"Regular";425;"Restaurant_425";"Chinese"
9107;"18-05-2023";673.85;1791;"User_1791";"Hyderabad";"Gold";336;"Restaurant_336";"Mexican"
9108;"29-08-2023";1429.42;377;"User_377";"Bangalore";"Gold";496;"Restaurant_496";"Indian"
9109;"27-10-2023";835.42;1217;"User_1217";"Chennai";"Gold";411;"Restaurant_411";"Indian"
9110;"15-12-2023";555.65;390;"User_390";"Chennai";"Gold";20;"Restaurant_20";"Indian"
9111;"25-12-2023";689.26;2052;"User_2052";"Pune";"Regular";132;"Restaurant_132";"Indian"
9112;"30-01-2023";148.48;189;"User_189";"Bangalore";"Gold";367;"Restaurant_367";"Indian"
9113;"26-03-2023";715.31;1528;"User_1528";"Chennai";"Regular";93;"Restaurant_93";"Chinese"
9114;"18-08-2023";171.95;2765;"User_2765";"Chennai";"Gold";452;"Restaurant_452";"Chinese"
9115;"26-09-2023";1420.51;1016;"User_1016";"Hyderabad";"Gold";227;"Restaurant_227";"Italian"
9116;"24-06-2023";498.97;1562;"User_1562";"Chennai";"Regular";156;"Restaurant_156";"Italian"
9117;"10-05-2023";1094.94;944;"User_944";"Bangalore";"Regular";366;"Restaurant_366";"Indian"
9118;"13-08-2023";1375.03;1593;"User_1593";"Chennai";"Regular";140;"Restaurant_140";"Italian"
9119;"30-12-2023";1044.0;2922;"User_2922";"Chennai";"Gold";340;"Restaurant_340";"Chinese"
9120;"16-09-2023";553.75;927;"User_927";"Chennai";"Regular";79;"Restaurant_79";"Mexican"
9121;"10-09-2023";612.76;1257;"User_1257";"Bangalore";"Gold";66;"Restaurant_66";"Italian"
9122;"14-03-2023";353.55;1349;"User_1349";"Chennai";"Regular";51;"Restaurant_51";"Italian"
9123;"02-08-2023";1262.62;2230;"User_2230";"Chennai";"Gold";185;"Restaurant_185";"Mexican"
9124;"20-12-2023";1285.13;2698;"User_2698";"Hyderabad";"Regular";128;"Restaurant_128";"Indian"
9125;"15-07-2023";1399.23;1301;"User_1301";"Hyderabad";"Regular";160;"Restaurant_160";"Chinese"
9126;"10-03-2023";1186.71;2562;"User_2562";"Pune";"Regular";145;"Restaurant_145";"Italian"
9127;"22-03-2023";854.84;2761;"User_2761";"Chennai";"Regular";196;"Restaurant_196";"Italian"
9128;"01-05-2023";533.0;1478;"User_1478";"Pune";"Gold";228;"Restaurant_228";"Mexican"
9129;"27-02-2023";1056.32;1865;"User_1865";"Chennai";"Regular";128;"Restaurant_128";"Indian"
9130;"30-04-2023";341.86;236;"User_236";"Chennai";"Regular";161;"Restaurant_161";"Mexican"
9131;"03-04-2023";309.91;534;"User_534";"Bangalore";"Gold";209;"Restaurant_209";"Indian"
9132;"04-04-2023";1127.9;2360;"User_2360";"Bangalore";"Regular";32;"Restaurant_32";"Italian"
9133;"02-12-2023";832.71;334;"User_334";"Chennai";"Gold";340;"Restaurant_340";"Chinese"
9134;"08-07-2023";388.32;729;"User_729";"Bangalore";"Regular";313;"Restaurant_313";"Indian"
9135;"30-05-2023";890.27;1981;"User_1981";"Bangalore";"Gold";182;"Restaurant_182";"Mexican"
9136;"02-06-2023";1235.15;2265;"User_2265";"Pune";"Gold";344;"Restaurant_344";"Indian"
9137;"15-08-2023";1139.83;2606;"User_2606";"Bangalore";"Regular";35;"Restaurant_35";"Chinese"
9138;"17-04-2023";332.01;554;"User_554";"Chennai";"Gold";329;"Restaurant_329";"Chinese"
9139;"13-07-2023";106.95;1856;"User_1856";"Pune";"Gold";211;"Restaurant_211";"Chinese"
9140;"18-11-2023";1258.7;51;"User_51";"Hyderabad";"Regular";417;"Restaurant_417";"Mexican"
9141;"24-08-2023";862.54;725;"User_725";"Bangalore";"Gold";385;"Restaurant_385";"Chinese"
9142;"12-06-2023";303.51;333;"User_333";"Pune";"Gold";218;"Restaurant_218";"Indian"
9143;"04-03-2023";257.6;2159;"User_2159";"Bangalore";"Gold";95;"Restaurant_95";"Indian"
9144;"04-02-2023";853.67;1889;"User_1889";"Pune";"Regular";200;"Restaurant_200";"Chinese"
9145;"18-10-2023";133.23;45;"User_45";"Hyderabad";"Gold";229;"Restaurant_229";"Italian"
9146;"03-11-2023";889.68;48;"User_48";"Chennai";"Gold";404;"Restaurant_404";"Indian"
9147;"26-08-2023";378.24;944;"User_944";"Bangalore";"Regular";36;"Restaurant_36";"Italian"
9148;"14-07-2023";583.86;734;"User_734";"Hyderabad";"Gold";357;"Restaurant_357";"Italian"
9149;"22-06-2023";392.55;2421;"User_2421";"Hyderabad";"Gold";221;"Restaurant_221";"Chinese"
9150;"13-12-2023";597.11;746;"User_746";"Bangalore";"Regular";225;"Restaurant_225";"Italian"
9151;"14-07-2023";1034.91;2325;"User_2325";"Pune";"Gold";9;"Restaurant_9";"Italian"
9152;"24-04-2023";241.55;1342;"User_1342";"Pune";"Regular";32;"Restaurant_32";"Italian"
9153;"01-01-2024";564.71;515;"User_515";"Chennai";"Regular";320;"Restaurant_320";"Italian"
9154;"12-05-2023";1180.2;87;"User_87";"Hyderabad";"Regular";304;"Restaurant_304";"Italian"
9155;"27-03-2023";1035.81;1614;"User_1614";"Chennai";"Regular";457;"Restaurant_457";"Indian"
9156;"25-02-2023";882.66;2444;"User_2444";"Bangalore";"Regular";188;"Restaurant_188";"Chinese"
9157;"23-03-2023";322.91;2925;"User_2925";"Bangalore";"Regular";113;"Restaurant_113";"Chinese"
9158;"31-08-2023";373.12;739;"User_739";"Hyderabad";"Gold";421;"Restaurant_421";"Indian"
9159;"31-01-2023";930.22;85;"User_85";"Pune";"Gold";133;"Restaurant_133";"Italian"
9160;"01-11-2023";269.81;1759;"User_1759";"Chennai";"Regular";410;"Restaurant_410";"Italian"
9161;"28-09-2023";1440.62;94;"User_94";"Chennai";"Regular";257;"Restaurant_257";"Italian"
9162;"16-09-2023";1174.89;1602;"User_1602";"Hyderabad";"Gold";291;"Restaurant_291";"Mexican"
9163;"28-10-2023";299.48;750;"User_750";"Pune";"Gold";222;"Restaurant_222";"Italian"
9164;"10-02-2023";666.08;874;"User_874";"Pune";"Gold";284;"Restaurant_284";"Indian"
9165;"24-09-2023";528.83;1423;"User_1423";"Hyderabad";"Gold";266;"Restaurant_266";"Italian"
9166;"11-07-2023";829.33;2316;"User_2316";"Hyderabad";"Regular";124;"Restaurant_124";"Mexican"
9167;"20-01-2023";1486.14;2928;"User_2928";"Pune";"Gold";313;"Restaurant_313";"Indian"
9168;"01-04-2023";855.51;108;"User_108";"Pune";"Regular";227;"Restaurant_227";"Italian"
9169;"25-12-2023";437.66;2057;"User_2057";"Chennai";"Gold";194;"Restaurant_194";"Chinese"
9170;"28-07-2023";981.25;4;"User_4";"Bangalore";"Regular";439;"Restaurant_439";"Mexican"
9171;"13-03-2023";277.59;2294;"User_2294";"Pune";"Regular";495;"Restaurant_495";"Italian"
9172;"20-04-2023";286.62;1612;"User_1612";"Chennai";"Gold";371;"Restaurant_371";"Chinese"
9173;"14-04-2023";540.46;1885;"User_1885";"Bangalore";"Regular";239;"Restaurant_239";"Indian"
9174;"19-02-2023";724.97;476;"User_476";"Pune";"Regular";488;"Restaurant_488";"Chinese"
9175;"24-06-2023";437.11;1283;"User_1283";"Hyderabad";"Regular";447;"Restaurant_447";"Chinese"
9176;"21-09-2023";332.16;1883;"User_1883";"Chennai";"Gold";11;"Restaurant_11";"Chinese"
9177;"28-09-2023";1290.79;2503;"User_2503";"Bangalore";"Regular";319;"Restaurant_319";"Indian"
9178;"12-01-2023";1016.4;1666;"User_1666";"Hyderabad";"Regular";39;"Restaurant_39";"Indian"
9179;"08-11-2023";740.39;2668;"User_2668";"Pune";"Regular";472;"Restaurant_472";"Chinese"
9180;"22-01-2023";1481.47;1465;"User_1465";"Pune";"Regular";130;"Restaurant_130";"Indian"
9181;"11-03-2023";640.01;2198;"User_2198";"Chennai";"Regular";91;"Restaurant_91";"Italian"
9182;"28-03-2023";997.63;624;"User_624";"Pune";"Gold";27;"Restaurant_27";"Italian"
9183;"27-01-2023";961.05;1506;"User_1506";"Pune";"Regular";406;"Restaurant_406";"Chinese"
9184;"17-05-2023";450.98;464;"User_464";"Chennai";"Regular";500;"Restaurant_500";"Chinese"
9185;"12-02-2023";900.26;1221;"User_1221";"Bangalore";"Regular";61;"Restaurant_61";"Italian"
9186;"08-02-2023";485.59;84;"User_84";"Hyderabad";"Regular";361;"Restaurant_361";"Indian"
9187;"05-10-2023";1059.67;2741;"User_2741";"Pune";"Regular";475;"Restaurant_475";"Italian"
9188;"09-07-2023";386.73;1788;"User_1788";"Pune";"Gold";166;"Restaurant_166";"Chinese"
9189;"26-12-2023";641.07;209;"User_209";"Pune";"Regular";81;"Restaurant_81";"Chinese"
9190;"24-11-2023";1383.74;2004;"User_2004";"Hyderabad";"Regular";14;"Restaurant_14";"Indian"
9191;"20-09-2023";1466.59;1817;"User_1817";"Bangalore";"Gold";88;"Restaurant_88";"Indian"
9192;"04-06-2023";857.53;587;"User_587";"Chennai";"Regular";71;"Restaurant_71";"Indian"
9193;"07-12-2023";1071.0;1364;"User_1364";"Bangalore";"Regular";31;"Restaurant_31";"Mexican"
9194;"16-04-2023";765.52;2057;"User_2057";"Chennai";"Gold";444;"Restaurant_444";"Chinese"
9195;"29-06-2023";154.98;445;"User_445";"Chennai";"Regular";459;"Restaurant_459";"Italian"
9196;"27-07-2023";1107.59;8;"User_8";"Hyderabad";"Regular";42;"Restaurant_42";"Chinese"
9197;"14-11-2023";1271.54;1831;"User_1831";"Hyderabad";"Gold";247;"Restaurant_247";"Mexican"
9198;"09-01-2023";279.65;361;"User_361";"Pune";"Gold";118;"Restaurant_118";"Mexican"
9199;"20-10-2023";1000.19;2359;"User_2359";"Hyderabad";"Regular";167;"Restaurant_167";"Italian"
9200;"13-02-2023";1330.69;581;"User_581";"Chennai";"Gold";484;"Restaurant_484";"Mexican"
9201;"16-09-2023";418.15;748;"User_748";"Pune";"Regular";436;"Restaurant_436";"Mexican"
9202;"24-04-2023";553.71;2149;"User_2149";"Pune";"Gold";445;"Restaurant_445";"Indian"
9203;"11-11-2023";376.59;739;"User_739";"Hyderabad";"Gold";263;"Restaurant_263";"Indian"
9204;"30-01-2023";103.17;2009;"User_2009";"Chennai";"Gold";496;"Restaurant_496";"Indian"
9205;"30-01-2023";281.9;852;"User_852";"Bangalore";"Gold";267;"Restaurant_267";"Chinese"
9206;"31-12-2023";186.12;362;"User_362";"Chennai";"Gold";479;"Restaurant_479";"Indian"
9207;"16-01-2023";547.14;356;"User_356";"Pune";"Gold";461;"Restaurant_461";"Italian"
9208;"06-04-2023";1248.71;1735;"User_1735";"Pune";"Regular";273;"Restaurant_273";"Indian"
9209;"23-11-2023";605.19;716;"User_716";"Pune";"Gold";364;"Restaurant_364";"Mexican"
9210;"24-11-2023";522.15;904;"User_904";"Chennai";"Gold";381;"Restaurant_381";"Italian"
9211;"09-04-2023";214.95;1654;"User_1654";"Chennai";"Gold";498;"Restaurant_498";"Chinese"
9212;"09-08-2023";212.75;370;"User_370";"Bangalore";"Gold";168;"Restaurant_168";"Indian"
9213;"23-07-2023";416.4;657;"User_657";"Bangalore";"Regular";309;"Restaurant_309";"Indian"
9214;"14-09-2023";283.5;770;"User_770";"Bangalore";"Regular";307;"Restaurant_307";"Mexican"
9215;"08-02-2023";588.23;2208;"User_2208";"Chennai";"Gold";67;"Restaurant_67";"Mexican"
9216;"31-10-2023";1137.05;2795;"User_2795";"Pune";"Regular";479;"Restaurant_479";"Indian"
9217;"03-06-2023";484.38;2396;"User_2396";"Chennai";"Gold";92;"Restaurant_92";"Mexican"
9218;"08-08-2023";665.98;1886;"User_1886";"Hyderabad";"Gold";260;"Restaurant_260";"Indian"
9219;"04-06-2023";824.2;1689;"User_1689";"Bangalore";"Regular";187;"Restaurant_187";"Chinese"
9220;"15-12-2023";576.55;345;"User_345";"Chennai";"Gold";126;"Restaurant_126";"Italian"
9221;"26-01-2023";1330.74;326;"User_326";"Hyderabad";"Regular";287;"Restaurant_287";"Chinese"
9222;"24-05-2023";498.89;2001;"User_2001";"Pune";"Gold";114;"Restaurant_114";"Indian"
9223;"29-07-2023";160.18;2604;"User_2604";"Hyderabad";"Gold";170;"Restaurant_170";"Mexican"
9224;"14-12-2023";411.44;1769;"User_1769";"Hyderabad";"Gold";18;"Restaurant_18";"Italian"
9225;"03-07-2023";103.83;1277;"User_1277";"Chennai";"Regular";205;"Restaurant_205";"Italian"
9226;"30-03-2023";583.13;221;"User_221";"Pune";"Regular";49;"Restaurant_49";"Italian"
9227;"16-04-2023";492.14;2009;"User_2009";"Chennai";"Gold";297;"Restaurant_297";"Italian"
9228;"28-01-2023";418.78;2439;"User_2439";"Chennai";"Gold";143;"Restaurant_143";"Chinese"
9229;"31-07-2023";498.19;1130;"User_1130";"Chennai";"Gold";144;"Restaurant_144";"Chinese"
9230;"20-09-2023";400.65;2199;"User_2199";"Chennai";"Gold";88;"Restaurant_88";"Indian"
9231;"30-08-2023";699.55;1388;"User_1388";"Bangalore";"Gold";327;"Restaurant_327";"Indian"
9232;"23-07-2023";1273.48;2109;"User_2109";"Bangalore";"Gold";475;"Restaurant_475";"Italian"
9233;"15-03-2023";1013.81;692;"User_692";"Hyderabad";"Gold";315;"Restaurant_315";"Mexican"
9234;"27-10-2023";401.58;1428;"User_1428";"Bangalore";"Gold";134;"Restaurant_134";"Mexican"
9235;"22-09-2023";735.91;816;"User_816";"Chennai";"Regular";378;"Restaurant_378";"Italian"
9236;"29-04-2023";545.37;26;"User_26";"Hyderabad";"Gold";112;"Restaurant_112";"Chinese"
9237;"07-05-2023";345.62;1399;"User_1399";"Hyderabad";"Gold";459;"Restaurant_459";"Italian"
9238;"04-07-2023";740.5;418;"User_418";"Bangalore";"Regular";487;"Restaurant_487";"Chinese"
9239;"30-06-2023";211.7;2815;"User_2815";"Chennai";"Regular";368;"Restaurant_368";"Indian"
9240;"19-04-2023";557.53;1732;"User_1732";"Pune";"Regular";342;"Restaurant_342";"Mexican"
9241;"01-01-2023";1300.52;1383;"User_1383";"Chennai";"Gold";5;"Restaurant_5";"Chinese"
9242;"22-02-2023";1403.62;2963;"User_2963";"Pune";"Regular";389;"Restaurant_389";"Italian"
9243;"27-11-2023";1013.4;195;"User_195";"Hyderabad";"Gold";357;"Restaurant_357";"Italian"
9244;"20-03-2023";1260.01;1293;"User_1293";"Hyderabad";"Gold";293;"Restaurant_293";"Italian"
9245;"04-01-2023";1071.9;2172;"User_2172";"Chennai";"Gold";95;"Restaurant_95";"Indian"
9246;"06-09-2023";734.99;2601;"User_2601";"Bangalore";"Gold";265;"Restaurant_265";"Chinese"
9247;"15-08-2023";854.46;2730;"User_2730";"Bangalore";"Regular";408;"Restaurant_408";"Mexican"
9248;"16-11-2023";694.42;2413;"User_2413";"Chennai";"Gold";349;"Restaurant_349";"Indian"
9249;"26-04-2023";1066.87;791;"User_791";"Pune";"Regular";119;"Restaurant_119";"Chinese"
9250;"19-10-2023";180.0;1989;"User_1989";"Bangalore";"Regular";314;"Restaurant_314";"Indian"
9251;"08-07-2023";220.61;420;"User_420";"Pune";"Regular";21;"Restaurant_21";"Indian"
9252;"18-11-2023";741.4;2719;"User_2719";"Bangalore";"Regular";454;"Restaurant_454";"Italian"
9253;"21-03-2023";1240.39;592;"User_592";"Hyderabad";"Gold";203;"Restaurant_203";"Chinese"
9254;"29-10-2023";713.77;124;"User_124";"Hyderabad";"Regular";236;"Restaurant_236";"Italian"
9255;"18-06-2023";1290.65;2983;"User_2983";"Bangalore";"Regular";78;"Restaurant_78";"Indian"
9256;"06-10-2023";852.35;1190;"User_1190";"Chennai";"Gold";420;"Restaurant_420";"Italian"
9257;"30-08-2023";1082.89;481;"User_481";"Pune";"Gold";188;"Restaurant_188";"Chinese"
9258;"13-05-2023";935.03;2219;"User_2219";"Pune";"Regular";41;"Restaurant_41";"Mexican"
9259;"03-10-2023";830.0;711;"User_711";"Bangalore";"Regular";166;"Restaurant_166";"Chinese"
9260;"08-11-2023";1202.45;1477;"User_1477";"Hyderabad";"Regular";113;"Restaurant_113";"Chinese"
9261;"09-01-2023";829.95;1962;"User_1962";"Pune";"Gold";450;"Restaurant_450";"Mexican"
9262;"19-05-2023";984.52;808;"User_808";"Bangalore";"Gold";366;"Restaurant_366";"Indian"
9263;"09-07-2023";863.9;688;"User_688";"Hyderabad";"Gold";195;"Restaurant_195";"Indian"
9264;"04-02-2023";451.0;2372;"User_2372";"Chennai";"Gold";166;"Restaurant_166";"Chinese"
9265;"27-09-2023";450.04;639;"User_639";"Hyderabad";"Gold";327;"Restaurant_327";"Indian"
9266;"25-05-2023";1363.64;6;"User_6";"Pune";"Gold";251;"Restaurant_251";"Chinese"
9267;"08-09-2023";984.74;1224;"User_1224";"Hyderabad";"Gold";36;"Restaurant_36";"Italian"
9268;"01-11-2023";1369.19;5;"User_5";"Pune";"Gold";317;"Restaurant_317";"Mexican"
9269;"25-07-2023";868.16;477;"User_477";"Pune";"Gold";339;"Restaurant_339";"Indian"
9270;"12-05-2023";1056.35;2772;"User_2772";"Bangalore";"Gold";446;"Restaurant_446";"Indian"
9271;"30-11-2023";758.97;2898;"User_2898";"Hyderabad";"Regular";111;"Restaurant_111";"Mexican"
9272;"26-04-2023";1066.75;2803;"User_2803";"Chennai";"Gold";237;"Restaurant_237";"Italian"
9273;"08-11-2023";1100.77;2989;"User_2989";"Pune";"Gold";397;"Restaurant_397";"Indian"
9274;"06-03-2023";1305.86;947;"User_947";"Pune";"Regular";23;"Restaurant_23";"Chinese"
9275;"21-04-2023";1437.93;2989;"User_2989";"Pune";"Gold";230;"Restaurant_230";"Chinese"
9276;"25-09-2023";434.31;1790;"User_1790";"Pune";"Regular";314;"Restaurant_314";"Indian"
9277;"14-12-2023";943.61;2139;"User_2139";"Bangalore";"Gold";124;"Restaurant_124";"Mexican"
9278;"28-01-2023";290.19;2482;"User_2482";"Chennai";"Regular";237;"Restaurant_237";"Italian"
9279;"11-07-2023";1319.1;2832;"User_2832";"Hyderabad";"Gold";269;"Restaurant_269";"Indian"
9280;"29-06-2023";1419.01;2615;"User_2615";"Bangalore";"Regular";43;"Restaurant_43";"Chinese"
9281;"13-03-2023";521.51;2244;"User_2244";"Hyderabad";"Gold";405;"Restaurant_405";"Indian"
9282;"20-10-2023";693.05;785;"User_785";"Chennai";"Gold";326;"Restaurant_326";"Italian"
9283;"23-08-2023";1179.69;2127;"User_2127";"Pune";"Gold";220;"Restaurant_220";"Mexican"
9284;"07-08-2023";559.1;1681;"User_1681";"Chennai";"Regular";411;"Restaurant_411";"Indian"
9285;"27-01-2023";1350.37;1310;"User_1310";"Bangalore";"Gold";380;"Restaurant_380";"Italian"
9286;"01-12-2023";733.4;1769;"User_1769";"Hyderabad";"Gold";49;"Restaurant_49";"Italian"
9287;"03-07-2023";257.74;1760;"User_1760";"Chennai";"Regular";172;"Restaurant_172";"Italian"
9288;"21-04-2023";1424.38;791;"User_791";"Pune";"Regular";61;"Restaurant_61";"Italian"
9289;"10-04-2023";369.24;2785;"User_2785";"Pune";"Gold";41;"Restaurant_41";"Mexican"
9290;"02-05-2023";133.07;2699;"User_2699";"Hyderabad";"Regular";43;"Restaurant_43";"Chinese"
9291;"29-03-2023";912.67;1623;"User_1623";"Pune";"Gold";182;"Restaurant_182";"Mexican"
9292;"01-09-2023";245.23;2742;"User_2742";"Hyderabad";"Gold";198;"Restaurant_198";"Mexican"
9293;"24-02-2023";1402.49;1593;"User_1593";"Chennai";"Regular";373;"Restaurant_373";"Indian"
9294;"07-08-2023";1012.14;2078;"User_2078";"Bangalore";"Gold";269;"Restaurant_269";"Indian"
9295;"01-08-2023";1019.7;1073;"User_1073";"Chennai";"Regular";276;"Restaurant_276";"Italian"
9296;"09-05-2023";709.2;2375;"User_2375";"Pune";"Gold";52;"Restaurant_52";"Mexican"
9297;"17-03-2023";394.13;1473;"User_1473";"Hyderabad";"Regular";427;"Restaurant_427";"Indian"
9298;"13-08-2023";637.93;726;"User_726";"Bangalore";"Gold";481;"Restaurant_481";"Indian"
9299;"01-08-2023";432.09;2074;"User_2074";"Bangalore";"Gold";184;"Restaurant_184";"Mexican"
9300;"30-11-2023";720.62;1665;"User_1665";"Bangalore";"Regular";365;"Restaurant_365";"Italian"
9301;"05-07-2023";1282.05;305;"User_305";"Chennai";"Regular";227;"Restaurant_227";"Italian"
9302;"01-01-2024";469.38;495;"User_495";"Pune";"Gold";269;"Restaurant_269";"Indian"
9303;"29-05-2023";361.62;1342;"User_1342";"Pune";"Regular";225;"Restaurant_225";"Italian"
9304;"12-04-2023";1174.69;1335;"User_1335";"Bangalore";"Regular";113;"Restaurant_113";"Chinese"
9305;"30-05-2023";961.98;1600;"User_1600";"Chennai";"Regular";361;"Restaurant_361";"Indian"
9306;"14-08-2023";980.64;2017;"User_2017";"Chennai";"Gold";176;"Restaurant_176";"Italian"
9307;"03-04-2023";668.95;2294;"User_2294";"Pune";"Regular";268;"Restaurant_268";"Indian"
9308;"12-05-2023";1007.48;2101;"User_2101";"Pune";"Gold";296;"Restaurant_296";"Italian"
9309;"27-09-2023";340.73;389;"User_389";"Bangalore";"Regular";348;"Restaurant_348";"Italian"
9310;"26-02-2023";560.43;463;"User_463";"Pune";"Regular";472;"Restaurant_472";"Chinese"
9311;"22-04-2023";759.09;36;"User_36";"Bangalore";"Gold";100;"Restaurant_100";"Indian"
9312;"19-10-2023";273.08;2523;"User_2523";"Pune";"Gold";346;"Restaurant_346";"Indian"
9313;"24-11-2023";544.44;145;"User_145";"Hyderabad";"Regular";488;"Restaurant_488";"Chinese"
9314;"30-05-2023";434.47;1455;"User_1455";"Hyderabad";"Gold";66;"Restaurant_66";"Italian"
9315;"08-07-2023";562.0;75;"User_75";"Hyderabad";"Gold";361;"Restaurant_361";"Indian"
9316;"31-10-2023";871.05;2034;"User_2034";"Pune";"Gold";267;"Restaurant_267";"Chinese"
9317;"18-12-2023";183.91;1556;"User_1556";"Bangalore";"Regular";141;"Restaurant_141";"Mexican"
9318;"28-10-2023";1477.08;740;"User_740";"Hyderabad";"Gold";181;"Restaurant_181";"Indian"
9319;"20-09-2023";962.23;1594;"User_1594";"Bangalore";"Regular";256;"Restaurant_256";"Italian"
9320;"20-01-2023";424.51;2497;"User_2497";"Hyderabad";"Gold";332;"Restaurant_332";"Chinese"
9321;"23-01-2023";846.29;1922;"User_1922";"Chennai";"Gold";261;"Restaurant_261";"Italian"
9322;"03-08-2023";1166.16;113;"User_113";"Chennai";"Gold";270;"Restaurant_270";"Mexican"
9323;"24-11-2023";915.14;1022;"User_1022";"Bangalore";"Regular";276;"Restaurant_276";"Italian"
9324;"10-11-2023";998.38;2508;"User_2508";"Hyderabad";"Regular";39;"Restaurant_39";"Indian"
9325;"22-09-2023";147.19;1130;"User_1130";"Chennai";"Gold";326;"Restaurant_326";"Italian"
9326;"06-10-2023";1058.98;710;"User_710";"Hyderabad";"Regular";16;"Restaurant_16";"Indian"
9327;"17-12-2023";938.05;1504;"User_1504";"Bangalore";"Regular";227;"Restaurant_227";"Italian"
9328;"23-01-2023";668.11;2524;"User_2524";"Hyderabad";"Regular";361;"Restaurant_361";"Indian"
9329;"27-04-2023";119.22;1101;"User_1101";"Hyderabad";"Regular";479;"Restaurant_479";"Indian"
9330;"23-04-2023";836.89;2777;"User_2777";"Chennai";"Gold";487;"Restaurant_487";"Chinese"
9331;"11-11-2023";1285.99;2421;"User_2421";"Hyderabad";"Gold";454;"Restaurant_454";"Italian"
9332;"25-08-2023";250.79;2163;"User_2163";"Bangalore";"Gold";352;"Restaurant_352";"Italian"
9333;"05-12-2023";428.26;1538;"User_1538";"Bangalore";"Regular";485;"Restaurant_485";"Mexican"
9334;"13-06-2023";1060.38;2976;"User_2976";"Pune";"Regular";20;"Restaurant_20";"Indian"
9335;"05-10-2023";251.28;2699;"User_2699";"Hyderabad";"Regular";359;"Restaurant_359";"Mexican"
9336;"06-06-2023";895.93;418;"User_418";"Bangalore";"Regular";496;"Restaurant_496";"Indian"
9337;"26-04-2023";664.51;1861;"User_1861";"Bangalore";"Regular";431;"Restaurant_431";"Mexican"
9338;"16-01-2023";245.57;1053;"User_1053";"Hyderabad";"Regular";480;"Restaurant_480";"Chinese"
9339;"16-01-2023";451.84;2951;"User_2951";"Bangalore";"Regular";304;"Restaurant_304";"Italian"
9340;"22-05-2023";599.54;1087;"User_1087";"Pune";"Regular";93;"Restaurant_93";"Chinese"
9341;"07-10-2023";1290.08;1934;"User_1934";"Hyderabad";"Regular";24;"Restaurant_24";"Mexican"
9342;"09-02-2023";651.52;1190;"User_1190";"Chennai";"Gold";67;"Restaurant_67";"Mexican"
9343;"12-02-2023";254.22;79;"User_79";"Hyderabad";"Regular";150;"Restaurant_150";"Indian"
9344;"08-04-2023";950.9;2424;"User_2424";"Hyderabad";"Gold";321;"Restaurant_321";"Chinese"
9345;"08-12-2023";1374.97;628;"User_628";"Pune";"Regular";291;"Restaurant_291";"Mexican"
9346;"26-11-2023";693.36;2807;"User_2807";"Pune";"Gold";176;"Restaurant_176";"Italian"
9347;"18-02-2023";789.76;2563;"User_2563";"Hyderabad";"Regular";226;"Restaurant_226";"Indian"
9348;"05-03-2023";968.37;444;"User_444";"Pune";"Gold";467;"Restaurant_467";"Italian"
9349;"17-07-2023";146.92;723;"User_723";"Bangalore";"Gold";359;"Restaurant_359";"Mexican"
9350;"18-04-2023";1266.77;1407;"User_1407";"Pune";"Gold";450;"Restaurant_450";"Mexican"
9351;"21-06-2023";723.67;2497;"User_2497";"Hyderabad";"Gold";331;"Restaurant_331";"Mexican"
9352;"20-08-2023";1320.3;2473;"User_2473";"Hyderabad";"Regular";415;"Restaurant_415";"Indian"
9353;"04-02-2023";523.91;2300;"User_2300";"Hyderabad";"Gold";379;"Restaurant_379";"Mexican"
9354;"03-01-2023";449.32;2146;"User_2146";"Chennai";"Gold";347;"Restaurant_347";"Chinese"
9355;"15-04-2023";707.04;2347;"User_2347";"Hyderabad";"Regular";350;"Restaurant_350";"Mexican"
9356;"10-05-2023";346.32;772;"User_772";"Bangalore";"Gold";392;"Restaurant_392";"Italian"
9357;"25-06-2023";485.87;1954;"User_1954";"Hyderabad";"Gold";333;"Restaurant_333";"Chinese"
9358;"13-01-2023";619.43;1374;"User_1374";"Chennai";"Regular";57;"Restaurant_57";"Mexican"
9359;"20-02-2023";678.35;1803;"User_1803";"Bangalore";"Regular";403;"Restaurant_403";"Indian"
9360;"28-03-2023";974.78;2879;"User_2879";"Pune";"Gold";25;"Restaurant_25";"Chinese"
9361;"19-02-2023";1170.01;1271;"User_1271";"Pune";"Gold";16;"Restaurant_16";"Indian"
9362;"14-03-2023";1459.66;621;"User_621";"Bangalore";"Regular";85;"Restaurant_85";"Mexican"
9363;"24-01-2023";1222.34;1483;"User_1483";"Chennai";"Gold";16;"Restaurant_16";"Indian"
9364;"31-10-2023";661.55;442;"User_442";"Chennai";"Gold";409;"Restaurant_409";"Mexican"
9365;"06-10-2023";768.76;91;"User_91";"Chennai";"Regular";273;"Restaurant_273";"Indian"
9366;"18-10-2023";356.1;1919;"User_1919";"Chennai";"Gold";41;"Restaurant_41";"Mexican"
9367;"09-03-2023";982.51;2109;"User_2109";"Bangalore";"Gold";113;"Restaurant_113";"Chinese"
9368;"25-01-2023";1096.37;1546;"User_1546";"Hyderabad";"Regular";392;"Restaurant_392";"Italian"
9369;"06-07-2023";263.37;2727;"User_2727";"Chennai";"Regular";488;"Restaurant_488";"Chinese"
9370;"22-03-2023";343.85;313;"User_313";"Chennai";"Regular";413;"Restaurant_413";"Italian"
9371;"18-09-2023";565.4;328;"User_328";"Pune";"Gold";284;"Restaurant_284";"Indian"
9372;"20-02-2023";1144.94;2474;"User_2474";"Chennai";"Gold";452;"Restaurant_452";"Chinese"
9373;"07-11-2023";629.56;714;"User_714";"Hyderabad";"Gold";155;"Restaurant_155";"Mexican"
9374;"09-03-2023";851.35;2695;"User_2695";"Pune";"Regular";406;"Restaurant_406";"Chinese"
9375;"05-10-2023";1344.23;492;"User_492";"Bangalore";"Regular";92;"Restaurant_92";"Mexican"
9376;"18-01-2023";816.15;505;"User_505";"Hyderabad";"Gold";139;"Restaurant_139";"Mexican"
9377;"17-10-2023";1406.52;2218;"User_2218";"Chennai";"Regular";171;"Restaurant_171";"Mexican"
9378;"09-08-2023";834.16;1923;"User_1923";"Chennai";"Regular";267;"Restaurant_267";"Chinese"
9379;"06-12-2023";613.83;1356;"User_1356";"Pune";"Gold";262;"Restaurant_262";"Chinese"
9380;"02-03-2023";1348.54;1641;"User_1641";"Chennai";"Gold";200;"Restaurant_200";"Chinese"
9381;"04-03-2023";1257.13;2722;"User_2722";"Pune";"Gold";420;"Restaurant_420";"Italian"
9382;"28-12-2023";1215.51;2319;"User_2319";"Chennai";"Regular";196;"Restaurant_196";"Italian"
9383;"16-08-2023";1143.36;631;"User_631";"Chennai";"Gold";144;"Restaurant_144";"Chinese"
9384;"11-05-2023";508.59;2828;"User_2828";"Pune";"Regular";490;"Restaurant_490";"Italian"
9385;"08-12-2023";1272.12;1402;"User_1402";"Pune";"Regular";274;"Restaurant_274";"Mexican"
9386;"13-12-2023";986.24;1314;"User_1314";"Pune";"Gold";379;"Restaurant_379";"Mexican"
9387;"03-10-2023";487.17;1268;"User_1268";"Hyderabad";"Gold";277;"Restaurant_277";"Mexican"
9388;"31-12-2023";256.91;141;"User_141";"Pune";"Gold";317;"Restaurant_317";"Mexican"
9389;"12-04-2023";865.6;883;"User_883";"Pune";"Gold";138;"Restaurant_138";"Indian"
9390;"07-12-2023";907.97;374;"User_374";"Hyderabad";"Regular";178;"Restaurant_178";"Mexican"
9391;"12-06-2023";109.52;325;"User_325";"Chennai";"Gold";310;"Restaurant_310";"Indian"
9392;"10-02-2023";127.01;279;"User_279";"Pune";"Gold";456;"Restaurant_456";"Chinese"
9393;"17-05-2023";1451.77;1601;"User_1601";"Bangalore";"Regular";139;"Restaurant_139";"Mexican"
9394;"08-10-2023";437.05;407;"User_407";"Pune";"Gold";152;"Restaurant_152";"Indian"
9395;"10-12-2023";872.4;2908;"User_2908";"Pune";"Gold";18;"Restaurant_18";"Italian"
9396;"19-05-2023";149.69;619;"User_619";"Bangalore";"Gold";161;"Restaurant_161";"Mexican"
9397;"18-10-2023";181.98;1950;"User_1950";"Bangalore";"Gold";78;"Restaurant_78";"Indian"
9398;"25-07-2023";123.74;100;"User_100";"Chennai";"Regular";156;"Restaurant_156";"Italian"
9399;"09-08-2023";644.91;1648;"User_1648";"Hyderabad";"Regular";60;"Restaurant_60";"Mexican"
9400;"25-08-2023";1144.25;473;"User_473";"Pune";"Regular";79;"Restaurant_79";"Mexican"
9401;"10-06-2023";1278.6;2424;"User_2424";"Hyderabad";"Gold";79;"Restaurant_79";"Mexican"
9402;"30-06-2023";243.61;420;"User_420";"Pune";"Regular";449;"Restaurant_449";"Indian"
9403;"30-09-2023";1117.71;2685;"User_2685";"Hyderabad";"Gold";424;"Restaurant_424";"Indian"
9404;"14-09-2023";911.08;766;"User_766";"Chennai";"Gold";376;"Restaurant_376";"Indian"
9405;"18-07-2023";538.03;452;"User_452";"Bangalore";"Gold";10;"Restaurant_10";"Chinese"
9406;"27-02-2023";566.0;512;"User_512";"Hyderabad";"Regular";225;"Restaurant_225";"Italian"
9407;"28-03-2023";1276.11;998;"User_998";"Bangalore";"Regular";52;"Restaurant_52";"Mexican"
9408;"09-09-2023";190.64;1056;"User_1056";"Bangalore";"Regular";384;"Restaurant_384";"Mexican"
9409;"31-03-2023";1117.23;597;"User_597";"Hyderabad";"Regular";279;"Restaurant_279";"Italian"
9410;"08-02-2023";103.2;1344;"User_1344";"Hyderabad";"Gold";171;"Restaurant_171";"Mexican"
9411;"02-02-2023";1362.99;669;"User_669";"Chennai";"Gold";251;"Restaurant_251";"Chinese"
9412;"10-10-2023";836.51;259;"User_259";"Bangalore";"Gold";459;"Restaurant_459";"Italian"
9413;"27-11-2023";898.81;1710;"User_1710";"Hyderabad";"Regular";10;"Restaurant_10";"Chinese"
9414;"30-04-2023";633.93;356;"User_356";"Pune";"Gold";222;"Restaurant_222";"Italian"
9415;"16-02-2023";347.09;1718;"User_1718";"Pune";"Regular";205;"Restaurant_205";"Italian"
9416;"26-12-2023";222.63;2188;"User_2188";"Bangalore";"Regular";170;"Restaurant_170";"Mexican"
9417;"26-12-2023";590.3;2874;"User_2874";"Hyderabad";"Regular";249;"Restaurant_249";"Italian"
9418;"19-09-2023";852.57;1907;"User_1907";"Pune";"Gold";63;"Restaurant_63";"Italian"
9419;"03-05-2023";112.52;2444;"User_2444";"Bangalore";"Regular";264;"Restaurant_264";"Indian"
9420;"20-05-2023";790.74;1598;"User_1598";"Bangalore";"Gold";128;"Restaurant_128";"Indian"
9421;"09-05-2023";750.35;2824;"User_2824";"Bangalore";"Regular";312;"Restaurant_312";"Chinese"
9422;"17-06-2023";1052.89;119;"User_119";"Pune";"Regular";378;"Restaurant_378";"Italian"
9423;"03-02-2023";1250.24;2330;"User_2330";"Hyderabad";"Regular";238;"Restaurant_238";"Chinese"
9424;"24-02-2023";732.38;2170;"User_2170";"Bangalore";"Regular";107;"Restaurant_107";"Mexican"
9425;"04-12-2023";216.03;195;"User_195";"Hyderabad";"Gold";467;"Restaurant_467";"Italian"
9426;"13-06-2023";514.1;1058;"User_1058";"Hyderabad";"Regular";29;"Restaurant_29";"Italian"
9427;"05-06-2023";104.87;1460;"User_1460";"Hyderabad";"Regular";233;"Restaurant_233";"Italian"
9428;"02-07-2023";1326.62;2403;"User_2403";"Pune";"Gold";104;"Restaurant_104";"Chinese"
9429;"12-11-2023";247.67;2880;"User_2880";"Pune";"Gold";29;"Restaurant_29";"Italian"
9430;"20-03-2023";1074.45;1393;"User_1393";"Bangalore";"Gold";130;"Restaurant_130";"Indian"
9431;"06-07-2023";1227.58;1002;"User_1002";"Pune";"Regular";157;"Restaurant_157";"Italian"
9432;"23-08-2023";418.64;1414;"User_1414";"Bangalore";"Regular";327;"Restaurant_327";"Indian"
9433;"28-08-2023";912.28;2696;"User_2696";"Hyderabad";"Regular";35;"Restaurant_35";"Chinese"
9434;"17-08-2023";500.52;2231;"User_2231";"Chennai";"Regular";275;"Restaurant_275";"Italian"
9435;"06-10-2023";337.73;1679;"User_1679";"Pune";"Gold";372;"Restaurant_372";"Italian"
9436;"01-06-2023";1184.85;452;"User_452";"Bangalore";"Gold";244;"Restaurant_244";"Italian"
9437;"06-01-2023";341.63;624;"User_624";"Pune";"Gold";185;"Restaurant_185";"Mexican"
9438;"20-05-2023";1468.71;1567;"User_1567";"Hyderabad";"Regular";485;"Restaurant_485";"Mexican"
9439;"04-02-2023";646.47;438;"User_438";"Pune";"Regular";492;"Restaurant_492";"Italian"
9440;"12-11-2023";958.34;2681;"User_2681";"Chennai";"Gold";294;"Restaurant_294";"Italian"
9441;"05-04-2023";1060.26;2305;"User_2305";"Pune";"Gold";407;"Restaurant_407";"Mexican"
9442;"10-09-2023";527.87;2602;"User_2602";"Bangalore";"Gold";26;"Restaurant_26";"Chinese"
9443;"27-05-2023";1062.06;1685;"User_1685";"Chennai";"Regular";335;"Restaurant_335";"Italian"
9444;"15-06-2023";435.48;2349;"User_2349";"Pune";"Regular";88;"Restaurant_88";"Indian"
9445;"22-10-2023";611.55;1676;"User_1676";"Bangalore";"Gold";422;"Restaurant_422";"Mexican"
9446;"04-06-2023";396.64;2165;"User_2165";"Chennai";"Gold";288;"Restaurant_288";"Mexican"
9447;"05-09-2023";533.13;1184;"User_1184";"Pune";"Gold";369;"Restaurant_369";"Italian"
9448;"14-05-2023";1277.65;1851;"User_1851";"Bangalore";"Gold";233;"Restaurant_233";"Italian"
9449;"25-06-2023";593.86;2371;"User_2371";"Pune";"Gold";415;"Restaurant_415";"Indian"
9450;"19-11-2023";995.03;1337;"User_1337";"Bangalore";"Regular";266;"Restaurant_266";"Italian"
9451;"03-01-2023";122.65;2581;"User_2581";"Pune";"Gold";349;"Restaurant_349";"Indian"
9452;"12-03-2023";583.89;204;"User_204";"Bangalore";"Regular";175;"Restaurant_175";"Chinese"
9453;"30-01-2023";267.06;2106;"User_2106";"Bangalore";"Regular";468;"Restaurant_468";"Chinese"
9454;"16-06-2023";1127.51;2912;"User_2912";"Hyderabad";"Gold";473;"Restaurant_473";"Italian"
9455;"06-08-2023";286.61;2843;"User_2843";"Hyderabad";"Gold";211;"Restaurant_211";"Chinese"
9456;"07-03-2023";1161.46;2081;"User_2081";"Bangalore";"Regular";82;"Restaurant_82";"Chinese"
9457;"20-06-2023";942.81;1420;"User_1420";"Pune";"Gold";59;"Restaurant_59";"Chinese"
9458;"31-07-2023";1157.2;385;"User_385";"Bangalore";"Gold";81;"Restaurant_81";"Chinese"
9459;"24-03-2023";278.04;1863;"User_1863";"Chennai";"Gold";166;"Restaurant_166";"Chinese"
9460;"28-04-2023";761.91;488;"User_488";"Pune";"Gold";289;"Restaurant_289";"Italian"
9461;"14-09-2023";1184.02;1446;"User_1446";"Pune";"Regular";363;"Restaurant_363";"Italian"
9462;"08-09-2023";547.71;1126;"User_1126";"Bangalore";"Gold";347;"Restaurant_347";"Chinese"
9463;"14-12-2023";360.48;698;"User_698";"Hyderabad";"Regular";184;"Restaurant_184";"Mexican"
9464;"08-11-2023";662.05;1262;"User_1262";"Pune";"Gold";354;"Restaurant_354";"Indian"
9465;"31-07-2023";699.07;234;"User_234";"Chennai";"Regular";153;"Restaurant_153";"Italian"
9466;"08-12-2023";676.0;1961;"User_1961";"Pune";"Regular";335;"Restaurant_335";"Italian"
9467;"14-10-2023";1237.14;2315;"User_2315";"Pune";"Regular";272;"Restaurant_272";"Indian"
9468;"21-03-2023";167.3;2498;"User_2498";"Bangalore";"Regular";69;"Restaurant_69";"Chinese"
9469;"05-09-2023";190.49;1300;"User_1300";"Chennai";"Regular";396;"Restaurant_396";"Mexican"
9470;"22-09-2023";1276.31;1148;"User_1148";"Hyderabad";"Regular";186;"Restaurant_186";"Indian"
9471;"13-06-2023";162.13;1801;"User_1801";"Hyderabad";"Gold";313;"Restaurant_313";"Indian"
9472;"03-10-2023";539.15;2142;"User_2142";"Chennai";"Gold";309;"Restaurant_309";"Indian"
9473;"18-06-2023";1213.41;1227;"User_1227";"Hyderabad";"Gold";440;"Restaurant_440";"Mexican"
9474;"11-04-2023";1162.23;2361;"User_2361";"Bangalore";"Gold";282;"Restaurant_282";"Indian"
9475;"11-01-2023";681.59;141;"User_141";"Pune";"Gold";100;"Restaurant_100";"Indian"
9476;"14-11-2023";513.38;1984;"User_1984";"Pune";"Gold";232;"Restaurant_232";"Mexican"
9477;"16-12-2023";966.74;2924;"User_2924";"Hyderabad";"Gold";302;"Restaurant_302";"Mexican"
9478;"02-03-2023";630.31;455;"User_455";"Chennai";"Gold";337;"Restaurant_337";"Mexican"
9479;"28-04-2023";1472.72;54;"User_54";"Chennai";"Regular";34;"Restaurant_34";"Chinese"
9480;"10-02-2023";229.8;2640;"User_2640";"Bangalore";"Gold";328;"Restaurant_328";"Mexican"
9481;"15-03-2023";942.02;1932;"User_1932";"Bangalore";"Regular";138;"Restaurant_138";"Indian"
9482;"13-02-2023";1346.6;721;"User_721";"Chennai";"Gold";105;"Restaurant_105";"Mexican"
9483;"14-06-2023";874.43;84;"User_84";"Hyderabad";"Regular";35;"Restaurant_35";"Chinese"
9484;"11-07-2023";1357.51;2617;"User_2617";"Chennai";"Regular";497;"Restaurant_497";"Mexican"
9485;"04-03-2023";1148.7;1958;"User_1958";"Chennai";"Regular";55;"Restaurant_55";"Indian"
9486;"02-01-2023";1147.66;554;"User_554";"Chennai";"Gold";344;"Restaurant_344";"Indian"
9487;"22-12-2023";971.38;1550;"User_1550";"Pune";"Regular";480;"Restaurant_480";"Chinese"
9488;"18-02-2023";1123.77;520;"User_520";"Chennai";"Regular";454;"Restaurant_454";"Italian"
9489;"14-02-2023";134.95;1508;"User_1508";"Pune";"Gold";417;"Restaurant_417";"Mexican"
9490;"04-10-2023";193.28;2137;"User_2137";"Pune";"Gold";479;"Restaurant_479";"Indian"
9491;"21-05-2023";772.17;196;"User_196";"Hyderabad";"Gold";228;"Restaurant_228";"Mexican"
9492;"09-05-2023";121.13;802;"User_802";"Hyderabad";"Gold";124;"Restaurant_124";"Mexican"
9493;"20-08-2023";721.28;1363;"User_1363";"Bangalore";"Gold";275;"Restaurant_275";"Italian"
9494;"18-12-2023";929.44;42;"User_42";"Bangalore";"Regular";227;"Restaurant_227";"Italian"
9495;"17-12-2023";207.46;2576;"User_2576";"Pune";"Gold";463;"Restaurant_463";"Chinese"
9496;"19-05-2023";490.48;621;"User_621";"Bangalore";"Regular";255;"Restaurant_255";"Mexican"
9497;"04-02-2023";1306.87;342;"User_342";"Bangalore";"Gold";164;"Restaurant_164";"Italian"
9498;"09-05-2023";1104.15;1568;"User_1568";"Hyderabad";"Gold";122;"Restaurant_122";"Indian"
9499;"21-07-2023";1494.34;1681;"User_1681";"Chennai";"Regular";48;"Restaurant_48";"Mexican"
9500;"09-01-2023";617.41;844;"User_844";"Chennai";"Gold";437;"Restaurant_437";"Indian"
9501;"18-06-2023";990.62;1128;"User_1128";"Pune";"Gold";74;"Restaurant_74";"Chinese"
9502;"18-12-2023";1372.05;1623;"User_1623";"Pune";"Gold";27;"Restaurant_27";"Italian"
9503;"08-10-2023";154.6;797;"User_797";"Bangalore";"Regular";382;"Restaurant_382";"Mexican"
9504;"03-09-2023";1138.81;1452;"User_1452";"Bangalore";"Regular";427;"Restaurant_427";"Indian"
9505;"27-10-2023";355.23;1504;"User_1504";"Bangalore";"Regular";10;"Restaurant_10";"Chinese"
9506;"29-11-2023";903.28;2978;"User_2978";"Pune";"Regular";178;"Restaurant_178";"Mexican"
9507;"08-05-2023";462.6;2903;"User_2903";"Bangalore";"Regular";293;"Restaurant_293";"Italian"
9508;"09-01-2023";1407.8;2553;"User_2553";"Chennai";"Gold";15;"Restaurant_15";"Chinese"
9509;"18-03-2023";1123.52;60;"User_60";"Chennai";"Gold";224;"Restaurant_224";"Chinese"
9510;"17-01-2023";1320.8;1408;"User_1408";"Chennai";"Regular";469;"Restaurant_469";"Italian"
9511;"17-06-2023";814.33;1450;"User_1450";"Pune";"Gold";366;"Restaurant_366";"Indian"
9512;"20-05-2023";815.84;189;"User_189";"Bangalore";"Gold";31;"Restaurant_31";"Mexican"
9513;"23-12-2023";1459.76;515;"User_515";"Chennai";"Regular";434;"Restaurant_434";"Italian"
9514;"29-06-2023";1444.56;1854;"User_1854";"Chennai";"Gold";81;"Restaurant_81";"Chinese"
9515;"27-12-2023";1200.02;2833;"User_2833";"Chennai";"Gold";113;"Restaurant_113";"Chinese"
9516;"16-11-2023";815.5;2722;"User_2722";"Pune";"Gold";206;"Restaurant_206";"Mexican"
9517;"24-02-2023";1181.25;2215;"User_2215";"Pune";"Gold";102;"Restaurant_102";"Italian"
9518;"22-11-2023";798.87;117;"User_117";"Pune";"Regular";331;"Restaurant_331";"Mexican"
9519;"04-02-2023";1328.19;1177;"User_1177";"Bangalore";"Regular";64;"Restaurant_64";"Chinese"
9520;"30-08-2023";257.78;2623;"User_2623";"Pune";"Gold";371;"Restaurant_371";"Chinese"
9521;"27-07-2023";1020.93;199;"User_199";"Pune";"Gold";206;"Restaurant_206";"Mexican"
9522;"21-06-2023";1408.36;2807;"User_2807";"Pune";"Gold";122;"Restaurant_122";"Indian"
9523;"24-11-2023";1323.57;1216;"User_1216";"Bangalore";"Regular";494;"Restaurant_494";"Mexican"
9524;"19-05-2023";1444.13;874;"User_874";"Pune";"Gold";249;"Restaurant_249";"Italian"
9525;"21-08-2023";1369.87;2278;"User_2278";"Bangalore";"Gold";395;"Restaurant_395";"Mexican"
9526;"24-08-2023";1203.16;2008;"User_2008";"Bangalore";"Gold";388;"Restaurant_388";"Indian"
9527;"07-03-2023";259.06;2487;"User_2487";"Hyderabad";"Gold";402;"Restaurant_402";"Mexican"
9528;"20-06-2023";1445.88;1824;"User_1824";"Bangalore";"Regular";471;"Restaurant_471";"Indian"
9529;"13-02-2023";816.91;1426;"User_1426";"Bangalore";"Regular";374;"Restaurant_374";"Mexican"
9530;"28-12-2023";207.22;2528;"User_2528";"Hyderabad";"Gold";44;"Restaurant_44";"Indian"
9531;"19-07-2023";121.96;918;"User_918";"Bangalore";"Gold";425;"Restaurant_425";"Chinese"
9532;"14-04-2023";657.47;2688;"User_2688";"Bangalore";"Regular";106;"Restaurant_106";"Indian"
9533;"13-02-2023";1367.9;2234;"User_2234";"Bangalore";"Gold";366;"Restaurant_366";"Indian"
9534;"17-06-2023";906.35;1669;"User_1669";"Hyderabad";"Regular";174;"Restaurant_174";"Mexican"
9535;"20-10-2023";474.48;2556;"User_2556";"Chennai";"Gold";481;"Restaurant_481";"Indian"
9536;"06-06-2023";717.74;1323;"User_1323";"Chennai";"Regular";67;"Restaurant_67";"Mexican"
9537;"28-01-2023";1315.19;1127;"User_1127";"Pune";"Gold";156;"Restaurant_156";"Italian"
9538;"07-03-2023";1331.1;621;"User_621";"Bangalore";"Regular";212;"Restaurant_212";"Indian"
9539;"07-06-2023";1350.38;1515;"User_1515";"Bangalore";"Regular";484;"Restaurant_484";"Mexican"
9540;"22-08-2023";776.45;1594;"User_1594";"Bangalore";"Regular";464;"Restaurant_464";"Italian"
9541;"06-03-2023";942.01;2175;"User_2175";"Pune";"Regular";380;"Restaurant_380";"Italian"
9542;"06-01-2023";1229.74;555;"User_555";"Bangalore";"Regular";133;"Restaurant_133";"Italian"
9543;"01-01-2024";123.55;2683;"User_2683";"Pune";"Gold";162;"Restaurant_162";"Italian"
9544;"02-09-2023";1156.3;1955;"User_1955";"Chennai";"Gold";218;"Restaurant_218";"Indian"
9545;"06-09-2023";434.51;2104;"User_2104";"Bangalore";"Gold";339;"Restaurant_339";"Indian"
9546;"27-09-2023";136.19;2528;"User_2528";"Hyderabad";"Gold";340;"Restaurant_340";"Chinese"
9547;"05-06-2023";458.02;251;"User_251";"Pune";"Gold";185;"Restaurant_185";"Mexican"
9548;"01-05-2023";561.88;1913;"User_1913";"Pune";"Gold";53;"Restaurant_53";"Indian"
9549;"02-01-2023";102.21;442;"User_442";"Chennai";"Gold";268;"Restaurant_268";"Indian"
9550;"29-06-2023";464.52;748;"User_748";"Pune";"Regular";242;"Restaurant_242";"Mexican"
9551;"22-05-2023";1033.41;386;"User_386";"Pune";"Regular";414;"Restaurant_414";"Chinese"
9552;"02-12-2023";1421.32;2437;"User_2437";"Pune";"Gold";480;"Restaurant_480";"Chinese"
9553;"30-05-2023";988.5;1876;"User_1876";"Chennai";"Gold";343;"Restaurant_343";"Mexican"
9554;"29-10-2023";843.46;1337;"User_1337";"Bangalore";"Regular";424;"Restaurant_424";"Indian"
9555;"09-03-2023";1398.82;202;"User_202";"Chennai";"Regular";26;"Restaurant_26";"Chinese"
9556;"30-03-2023";559.0;2328;"User_2328";"Bangalore";"Regular";287;"Restaurant_287";"Chinese"
9557;"19-06-2023";1333.71;2562;"User_2562";"Pune";"Regular";396;"Restaurant_396";"Mexican"
9558;"23-11-2023";672.74;1769;"User_1769";"Hyderabad";"Gold";271;"Restaurant_271";"Chinese"
9559;"21-03-2023";1473.31;387;"User_387";"Bangalore";"Regular";10;"Restaurant_10";"Chinese"
9560;"22-10-2023";789.65;1841;"User_1841";"Chennai";"Regular";405;"Restaurant_405";"Indian"
9561;"24-10-2023";140.73;2377;"User_2377";"Bangalore";"Regular";29;"Restaurant_29";"Italian"
9562;"07-06-2023";1288.56;946;"User_946";"Hyderabad";"Regular";482;"Restaurant_482";"Chinese"
9563;"03-02-2023";455.83;1578;"User_1578";"Pune";"Gold";500;"Restaurant_500";"Chinese"
9564;"29-03-2023";592.77;1219;"User_1219";"Bangalore";"Regular";185;"Restaurant_185";"Mexican"
9565;"28-09-2023";203.69;1107;"User_1107";"Pune";"Gold";133;"Restaurant_133";"Italian"
9566;"09-07-2023";1429.76;1081;"User_1081";"Hyderabad";"Gold";245;"Restaurant_245";"Mexican"
9567;"18-11-2023";202.44;1564;"User_1564";"Chennai";"Gold";154;"Restaurant_154";"Chinese"
9568;"03-05-2023";306.91;2112;"User_2112";"Bangalore";"Gold";101;"Restaurant_101";"Mexican"
9569;"26-01-2023";1407.33;156;"User_156";"Hyderabad";"Regular";107;"Restaurant_107";"Mexican"
9570;"25-12-2023";728.06;263;"User_263";"Hyderabad";"Regular";329;"Restaurant_329";"Chinese"
9571;"06-09-2023";971.74;1967;"User_1967";"Hyderabad";"Regular";424;"Restaurant_424";"Indian"
9572;"21-04-2023";267.37;79;"User_79";"Hyderabad";"Regular";105;"Restaurant_105";"Mexican"
9573;"30-01-2023";1032.27;104;"User_104";"Hyderabad";"Gold";320;"Restaurant_320";"Italian"
9574;"07-06-2023";794.73;2412;"User_2412";"Chennai";"Gold";150;"Restaurant_150";"Indian"
9575;"22-11-2023";1460.97;1125;"User_1125";"Chennai";"Gold";116;"Restaurant_116";"Chinese"
9576;"05-12-2023";344.62;2914;"User_2914";"Pune";"Regular";391;"Restaurant_391";"Indian"
9577;"25-10-2023";353.91;2195;"User_2195";"Bangalore";"Regular";89;"Restaurant_89";"Indian"
9578;"02-03-2023";700.86;1745;"User_1745";"Hyderabad";"Gold";293;"Restaurant_293";"Italian"
9579;"08-05-2023";488.63;2832;"User_2832";"Hyderabad";"Gold";121;"Restaurant_121";"Indian"
9580;"16-11-2023";1473.65;780;"User_780";"Bangalore";"Gold";296;"Restaurant_296";"Italian"
9581;"31-01-2023";1370.6;2228;"User_2228";"Chennai";"Regular";310;"Restaurant_310";"Indian"
9582;"09-08-2023";171.5;1373;"User_1373";"Hyderabad";"Regular";66;"Restaurant_66";"Italian"
9583;"06-08-2023";587.59;158;"User_158";"Hyderabad";"Gold";227;"Restaurant_227";"Italian"
9584;"13-09-2023";1294.51;1791;"User_1791";"Hyderabad";"Gold";273;"Restaurant_273";"Indian"
9585;"09-03-2023";768.61;2743;"User_2743";"Hyderabad";"Regular";399;"Restaurant_399";"Chinese"
9586;"23-06-2023";651.87;358;"User_358";"Bangalore";"Gold";451;"Restaurant_451";"Chinese"
9587;"29-05-2023";982.34;1345;"User_1345";"Pune";"Regular";47;"Restaurant_47";"Indian"
9588;"19-02-2023";264.82;2312;"User_2312";"Bangalore";"Regular";69;"Restaurant_69";"Chinese"
9589;"30-01-2023";621.32;2738;"User_2738";"Pune";"Gold";297;"Restaurant_297";"Italian"
9590;"13-03-2023";645.74;110;"User_110";"Hyderabad";"Gold";387;"Restaurant_387";"Mexican"
9591;"30-12-2023";1264.96;694;"User_694";"Bangalore";"Gold";206;"Restaurant_206";"Mexican"
9592;"20-03-2023";813.64;1993;"User_1993";"Pune";"Gold";183;"Restaurant_183";"Chinese"
9593;"22-03-2023";1139.07;807;"User_807";"Chennai";"Gold";25;"Restaurant_25";"Chinese"
9594;"13-06-2023";1479.25;1392;"User_1392";"Hyderabad";"Regular";50;"Restaurant_50";"Mexican"
9595;"06-04-2023";965.3;94;"User_94";"Chennai";"Regular";227;"Restaurant_227";"Italian"
9596;"28-01-2023";1086.24;788;"User_788";"Bangalore";"Gold";328;"Restaurant_328";"Mexican"
9597;"02-02-2023";1177.66;1918;"User_1918";"Bangalore";"Regular";365;"Restaurant_365";"Italian"
9598;"30-04-2023";771.07;1387;"User_1387";"Pune";"Gold";147;"Restaurant_147";"Italian"
9599;"26-02-2023";1364.27;672;"User_672";"Bangalore";"Regular";118;"Restaurant_118";"Mexican"
9600;"27-08-2023";751.02;275;"User_275";"Pune";"Regular";27;"Restaurant_27";"Italian"
9601;"14-07-2023";531.97;102;"User_102";"Hyderabad";"Regular";476;"Restaurant_476";"Mexican"
9602;"24-04-2023";1340.91;2759;"User_2759";"Hyderabad";"Regular";201;"Restaurant_201";"Mexican"
9603;"05-10-2023";624.27;1573;"User_1573";"Chennai";"Gold";55;"Restaurant_55";"Indian"
9604;"09-03-2023";583.32;2585;"User_2585";"Pune";"Gold";242;"Restaurant_242";"Mexican"
9605;"03-03-2023";332.22;2334;"User_2334";"Pune";"Gold";160;"Restaurant_160";"Chinese"
9606;"20-02-2023";1459.67;2866;"User_2866";"Hyderabad";"Regular";150;"Restaurant_150";"Indian"
9607;"13-01-2023";1137.8;2708;"User_2708";"Bangalore";"Gold";224;"Restaurant_224";"Chinese"
9608;"18-04-2023";1078.51;789;"User_789";"Pune";"Regular";61;"Restaurant_61";"Italian"
9609;"02-01-2023";1186.33;1766;"User_1766";"Hyderabad";"Regular";389;"Restaurant_389";"Italian"
9610;"27-12-2023";617.49;1778;"User_1778";"Pune";"Gold";269;"Restaurant_269";"Indian"
9611;"13-03-2023";1217.95;2447;"User_2447";"Chennai";"Regular";323;"Restaurant_323";"Mexican"
9612;"10-10-2023";1106.01;720;"User_720";"Hyderabad";"Gold";214;"Restaurant_214";"Chinese"
9613;"09-02-2023";1224.96;2844;"User_2844";"Chennai";"Regular";42;"Restaurant_42";"Chinese"
9614;"01-02-2023";1408.05;1036;"User_1036";"Bangalore";"Regular";396;"Restaurant_396";"Mexican"
9615;"27-06-2023";1432.21;1224;"User_1224";"Hyderabad";"Gold";13;"Restaurant_13";"Indian"
9616;"29-03-2023";329.65;540;"User_540";"Pune";"Gold";278;"Restaurant_278";"Indian"
9617;"20-05-2023";1300.64;1592;"User_1592";"Hyderabad";"Gold";334;"Restaurant_334";"Indian"
9618;"30-05-2023";1040.04;2541;"User_2541";"Pune";"Regular";108;"Restaurant_108";"Chinese"
9619;"12-10-2023";267.47;394;"User_394";"Pune";"Gold";251;"Restaurant_251";"Chinese"
9620;"28-12-2023";185.37;60;"User_60";"Chennai";"Gold";463;"Restaurant_463";"Chinese"
9621;"29-11-2023";660.75;2922;"User_2922";"Chennai";"Gold";481;"Restaurant_481";"Indian"
9622;"27-10-2023";1466.77;641;"User_641";"Hyderabad";"Gold";199;"Restaurant_199";"Italian"
9623;"05-02-2023";875.86;1582;"User_1582";"Hyderabad";"Regular";39;"Restaurant_39";"Indian"
9624;"12-09-2023";927.23;1680;"User_1680";"Pune";"Regular";377;"Restaurant_377";"Mexican"
9625;"04-09-2023";251.18;2361;"User_2361";"Bangalore";"Gold";490;"Restaurant_490";"Italian"
9626;"01-05-2023";1127.68;1308;"User_1308";"Bangalore";"Regular";262;"Restaurant_262";"Chinese"
9627;"09-12-2023";1085.19;2086;"User_2086";"Pune";"Regular";458;"Restaurant_458";"Italian"
9628;"15-09-2023";304.74;1176;"User_1176";"Chennai";"Gold";257;"Restaurant_257";"Italian"
9629;"19-01-2023";497.12;813;"User_813";"Bangalore";"Gold";406;"Restaurant_406";"Chinese"
9630;"05-01-2023";606.18;509;"User_509";"Bangalore";"Regular";93;"Restaurant_93";"Chinese"
9631;"24-11-2023";805.41;2075;"User_2075";"Hyderabad";"Gold";140;"Restaurant_140";"Italian"
9632;"08-02-2023";312.91;2113;"User_2113";"Chennai";"Gold";300;"Restaurant_300";"Italian"
9633;"01-06-2023";838.87;14;"User_14";"Bangalore";"Gold";225;"Restaurant_225";"Italian"
9634;"16-09-2023";454.71;328;"User_328";"Pune";"Gold";483;"Restaurant_483";"Chinese"
9635;"15-04-2023";606.36;1313;"User_1313";"Bangalore";"Regular";102;"Restaurant_102";"Italian"
9636;"22-12-2023";347.39;894;"User_894";"Chennai";"Regular";243;"Restaurant_243";"Chinese"
9637;"07-05-2023";467.94;617;"User_617";"Chennai";"Regular";337;"Restaurant_337";"Mexican"
9638;"05-05-2023";1333.94;487;"User_487";"Hyderabad";"Regular";120;"Restaurant_120";"Italian"
9639;"26-07-2023";537.76;295;"User_295";"Pune";"Regular";457;"Restaurant_457";"Indian"
9640;"09-12-2023";407.26;644;"User_644";"Pune";"Regular";139;"Restaurant_139";"Mexican"
9641;"02-04-2023";1409.23;933;"User_933";"Hyderabad";"Regular";369;"Restaurant_369";"Italian"
9642;"09-06-2023";459.36;1579;"User_1579";"Bangalore";"Regular";54;"Restaurant_54";"Italian"
9643;"29-11-2023";181.59;2234;"User_2234";"Bangalore";"Gold";437;"Restaurant_437";"Indian"
9644;"25-05-2023";217.45;1430;"User_1430";"Hyderabad";"Regular";287;"Restaurant_287";"Chinese"
9645;"01-01-2023";890.64;161;"User_161";"Pune";"Gold";128;"Restaurant_128";"Indian"
9646;"26-09-2023";380.73;1246;"User_1246";"Chennai";"Gold";168;"Restaurant_168";"Indian"
9647;"30-04-2023";978.51;1365;"User_1365";"Chennai";"Regular";250;"Restaurant_250";"Mexican"
9648;"03-11-2023";976.01;1265;"User_1265";"Bangalore";"Regular";418;"Restaurant_418";"Chinese"
9649;"24-02-2023";651.36;2280;"User_2280";"Bangalore";"Regular";475;"Restaurant_475";"Italian"
9650;"30-04-2023";1247.28;2489;"User_2489";"Hyderabad";"Regular";268;"Restaurant_268";"Indian"
9651;"02-11-2023";720.56;1974;"User_1974";"Pune";"Gold";130;"Restaurant_130";"Indian"
9652;"28-02-2023";347.07;2472;"User_2472";"Bangalore";"Gold";9;"Restaurant_9";"Italian"
9653;"19-10-2023";837.77;2722;"User_2722";"Pune";"Gold";184;"Restaurant_184";"Mexican"
9654;"08-12-2023";694.56;2865;"User_2865";"Hyderabad";"Regular";173;"Restaurant_173";"Chinese"
9655;"23-10-2023";1123.38;2416;"User_2416";"Bangalore";"Regular";50;"Restaurant_50";"Mexican"
9656;"21-02-2023";352.17;965;"User_965";"Chennai";"Gold";486;"Restaurant_486";"Italian"
9657;"12-12-2023";701.24;2910;"User_2910";"Hyderabad";"Regular";17;"Restaurant_17";"Indian"
9658;"23-08-2023";1102.67;1237;"User_1237";"Pune";"Regular";455;"Restaurant_455";"Chinese"
9659;"17-05-2023";696.22;1093;"User_1093";"Pune";"Regular";288;"Restaurant_288";"Mexican"
9660;"01-09-2023";683.3;2479;"User_2479";"Bangalore";"Regular";297;"Restaurant_297";"Italian"
9661;"25-05-2023";257.43;301;"User_301";"Pune";"Gold";219;"Restaurant_219";"Mexican"
9662;"05-04-2023";688.72;1639;"User_1639";"Hyderabad";"Regular";477;"Restaurant_477";"Indian"
9663;"27-09-2023";1059.31;118;"User_118";"Pune";"Regular";402;"Restaurant_402";"Mexican"
9664;"30-11-2023";457.68;1190;"User_1190";"Chennai";"Gold";467;"Restaurant_467";"Italian"
9665;"01-03-2023";254.33;2790;"User_2790";"Hyderabad";"Regular";173;"Restaurant_173";"Chinese"
9666;"09-06-2023";411.15;1300;"User_1300";"Chennai";"Regular";164;"Restaurant_164";"Italian"
9667;"13-06-2023";1097.93;758;"User_758";"Chennai";"Regular";60;"Restaurant_60";"Mexican"
9668;"15-09-2023";375.16;1798;"User_1798";"Hyderabad";"Gold";198;"Restaurant_198";"Mexican"
9669;"18-04-2023";1120.19;1401;"User_1401";"Hyderabad";"Gold";478;"Restaurant_478";"Chinese"
9670;"06-05-2023";161.87;87;"User_87";"Hyderabad";"Regular";353;"Restaurant_353";"Indian"
9671;"18-03-2023";864.46;2056;"User_2056";"Chennai";"Regular";372;"Restaurant_372";"Italian"
9672;"30-05-2023";1495.26;5;"User_5";"Pune";"Gold";65;"Restaurant_65";"Mexican"
9673;"14-02-2023";876.97;2064;"User_2064";"Hyderabad";"Regular";167;"Restaurant_167";"Italian"
9674;"13-06-2023";249.78;2838;"User_2838";"Hyderabad";"Gold";459;"Restaurant_459";"Italian"
9675;"03-12-2023";975.77;1496;"User_1496";"Chennai";"Regular";348;"Restaurant_348";"Italian"
9676;"13-06-2023";1251.21;7;"User_7";"Chennai";"Gold";490;"Restaurant_490";"Italian"
9677;"27-11-2023";993.02;1571;"User_1571";"Pune";"Gold";442;"Restaurant_442";"Italian"
9678;"05-09-2023";1341.8;2278;"User_2278";"Bangalore";"Gold";264;"Restaurant_264";"Indian"
9679;"03-03-2023";1359.72;1884;"User_1884";"Chennai";"Regular";298;"Restaurant_298";"Mexican"
9680;"27-05-2023";639.91;2135;"User_2135";"Chennai";"Gold";91;"Restaurant_91";"Italian"
9681;"21-08-2023";687.07;1943;"User_1943";"Bangalore";"Regular";355;"Restaurant_355";"Indian"
9682;"12-10-2023";465.9;1078;"User_1078";"Hyderabad";"Gold";476;"Restaurant_476";"Mexican"
9683;"18-10-2023";930.56;246;"User_246";"Hyderabad";"Regular";124;"Restaurant_124";"Mexican"
9684;"13-03-2023";953.35;1268;"User_1268";"Hyderabad";"Gold";292;"Restaurant_292";"Mexican"
9685;"22-10-2023";659.67;715;"User_715";"Bangalore";"Regular";135;"Restaurant_135";"Indian"
9686;"06-06-2023";167.79;2011;"User_2011";"Hyderabad";"Regular";493;"Restaurant_493";"Mexican"
9687;"21-07-2023";1127.72;407;"User_407";"Pune";"Gold";398;"Restaurant_398";"Indian"
9688;"01-11-2023";1404.84;1751;"User_1751";"Pune";"Regular";306;"Restaurant_306";"Chinese"
9689;"03-08-2023";1044.65;571;"User_571";"Pune";"Regular";73;"Restaurant_73";"Mexican"
9690;"10-04-2023";1264.24;1557;"User_1557";"Pune";"Gold";319;"Restaurant_319";"Indian"
9691;"02-08-2023";251.64;2123;"User_2123";"Bangalore";"Regular";281;"Restaurant_281";"Italian"
9692;"06-05-2023";915.29;803;"User_803";"Hyderabad";"Regular";272;"Restaurant_272";"Indian"
9693;"03-11-2023";717.55;1509;"User_1509";"Chennai";"Gold";229;"Restaurant_229";"Italian"
9694;"04-01-2023";127.16;76;"User_76";"Pune";"Regular";17;"Restaurant_17";"Indian"
9695;"30-08-2023";414.74;2842;"User_2842";"Chennai";"Gold";307;"Restaurant_307";"Mexican"
9696;"20-02-2023";1364.38;633;"User_633";"Pune";"Gold";430;"Restaurant_430";"Mexican"
9697;"06-12-2023";618.08;846;"User_846";"Hyderabad";"Gold";178;"Restaurant_178";"Mexican"
9698;"26-08-2023";342.2;2458;"User_2458";"Bangalore";"Gold";350;"Restaurant_350";"Mexican"
9699;"04-08-2023";609.5;1726;"User_1726";"Pune";"Gold";18;"Restaurant_18";"Italian"
9700;"09-06-2023";1193.96;2295;"User_2295";"Bangalore";"Regular";228;"Restaurant_228";"Mexican"
9701;"25-04-2023";1482.6;134;"User_134";"Hyderabad";"Regular";258;"Restaurant_258";"Indian"
9702;"03-08-2023";526.2;1431;"User_1431";"Bangalore";"Regular";226;"Restaurant_226";"Indian"
9703;"22-02-2023";752.94;2579;"User_2579";"Bangalore";"Gold";350;"Restaurant_350";"Mexican"
9704;"05-12-2023";115.32;1687;"User_1687";"Chennai";"Gold";93;"Restaurant_93";"Chinese"
9705;"25-03-2023";1191.55;2568;"User_2568";"Bangalore";"Gold";466;"Restaurant_466";"Italian"
9706;"16-11-2023";1477.45;1019;"User_1019";"Hyderabad";"Gold";189;"Restaurant_189";"Indian"
9707;"30-12-2023";1079.14;916;"User_916";"Bangalore";"Regular";135;"Restaurant_135";"Indian"
9708;"03-05-2023";936.26;2293;"User_2293";"Chennai";"Regular";307;"Restaurant_307";"Mexican"
9709;"19-06-2023";520.04;991;"User_991";"Pune";"Regular";331;"Restaurant_331";"Mexican"
9710;"24-02-2023";292.65;1160;"User_1160";"Chennai";"Gold";471;"Restaurant_471";"Indian"
9711;"20-08-2023";1138.67;1725;"User_1725";"Bangalore";"Gold";199;"Restaurant_199";"Italian"
9712;"06-10-2023";998.25;2787;"User_2787";"Pune";"Regular";207;"Restaurant_207";"Italian"
9713;"24-03-2023";203.14;245;"User_245";"Chennai";"Regular";72;"Restaurant_72";"Mexican"
9714;"07-10-2023";270.75;1667;"User_1667";"Pune";"Gold";345;"Restaurant_345";"Chinese"
9715;"14-08-2023";1118.46;54;"User_54";"Chennai";"Regular";497;"Restaurant_497";"Mexican"
9716;"02-08-2023";967.74;39;"User_39";"Hyderabad";"Regular";483;"Restaurant_483";"Chinese"
9717;"01-07-2023";1429.73;2170;"User_2170";"Bangalore";"Regular";240;"Restaurant_240";"Indian"
9718;"10-06-2023";822.74;48;"User_48";"Chennai";"Gold";386;"Restaurant_386";"Italian"
9719;"05-01-2023";888.6;403;"User_403";"Chennai";"Regular";9;"Restaurant_9";"Italian"
9720;"26-09-2023";1218.43;2668;"User_2668";"Pune";"Regular";414;"Restaurant_414";"Chinese"
9721;"24-03-2023";1430.09;2008;"User_2008";"Bangalore";"Gold";72;"Restaurant_72";"Mexican"
9722;"23-10-2023";617.86;2608;"User_2608";"Chennai";"Gold";90;"Restaurant_90";"Italian"
9723;"17-06-2023";1473.07;2937;"User_2937";"Hyderabad";"Regular";298;"Restaurant_298";"Mexican"
9724;"24-02-2023";238.27;12;"User_12";"Pune";"Regular";187;"Restaurant_187";"Chinese"
9725;"21-05-2023";567.99;469;"User_469";"Chennai";"Regular";331;"Restaurant_331";"Mexican"
9726;"16-03-2023";1328.88;2507;"User_2507";"Hyderabad";"Regular";448;"Restaurant_448";"Mexican"
9727;"26-08-2023";1242.64;2381;"User_2381";"Pune";"Regular";7;"Restaurant_7";"Italian"
9728;"25-08-2023";364.08;1053;"User_1053";"Hyderabad";"Regular";31;"Restaurant_31";"Mexican"
9729;"15-09-2023";525.44;601;"User_601";"Hyderabad";"Regular";7;"Restaurant_7";"Italian"
9730;"14-10-2023";134.12;2397;"User_2397";"Chennai";"Regular";464;"Restaurant_464";"Italian"
9731;"08-02-2023";199.11;808;"User_808";"Bangalore";"Gold";136;"Restaurant_136";"Indian"
9732;"18-06-2023";1479.63;1333;"User_1333";"Bangalore";"Gold";268;"Restaurant_268";"Indian"
9733;"13-01-2023";947.45;715;"User_715";"Bangalore";"Regular";57;"Restaurant_57";"Mexican"
9734;"23-12-2023";1073.44;1655;"User_1655";"Bangalore";"Gold";249;"Restaurant_249";"Italian"
9735;"05-07-2023";356.99;180;"User_180";"Pune";"Gold";246;"Restaurant_246";"Mexican"
9736;"26-06-2023";574.7;1566;"User_1566";"Pune";"Regular";487;"Restaurant_487";"Chinese"
9737;"04-10-2023";213.4;161;"User_161";"Pune";"Gold";236;"Restaurant_236";"Italian"
9738;"02-08-2023";1004.78;2804;"User_2804";"Hyderabad";"Regular";491;"Restaurant_491";"Chinese"
9739;"11-10-2023";893.57;1936;"User_1936";"Bangalore";"Gold";291;"Restaurant_291";"Mexican"
9740;"13-02-2023";1266.04;785;"User_785";"Chennai";"Gold";114;"Restaurant_114";"Indian"
9741;"30-06-2023";820.49;2226;"User_2226";"Hyderabad";"Regular";144;"Restaurant_144";"Chinese"
9742;"21-09-2023";180.82;59;"User_59";"Bangalore";"Regular";450;"Restaurant_450";"Mexican"
9743;"19-05-2023";269.8;1119;"User_1119";"Bangalore";"Gold";406;"Restaurant_406";"Chinese"
9744;"15-12-2023";1208.91;2467;"User_2467";"Hyderabad";"Gold";156;"Restaurant_156";"Italian"
9745;"23-11-2023";328.26;84;"User_84";"Hyderabad";"Regular";499;"Restaurant_499";"Mexican"
9746;"26-11-2023";718.78;1285;"User_1285";"Chennai";"Gold";490;"Restaurant_490";"Italian"
9747;"23-06-2023";790.31;581;"User_581";"Chennai";"Gold";427;"Restaurant_427";"Indian"
9748;"04-08-2023";637.64;39;"User_39";"Hyderabad";"Regular";494;"Restaurant_494";"Mexican"
9749;"24-06-2023";634.73;966;"User_966";"Hyderabad";"Gold";14;"Restaurant_14";"Indian"
9750;"18-12-2023";398.09;2181;"User_2181";"Hyderabad";"Regular";289;"Restaurant_289";"Italian"
9751;"06-06-2023";1289.63;1282;"User_1282";"Chennai";"Regular";484;"Restaurant_484";"Mexican"
9752;"09-06-2023";1344.22;979;"User_979";"Hyderabad";"Gold";3;"Restaurant_3";"Mexican"
9753;"24-05-2023";505.79;1783;"User_1783";"Hyderabad";"Regular";107;"Restaurant_107";"Mexican"
9754;"25-02-2023";637.41;21;"User_21";"Bangalore";"Gold";144;"Restaurant_144";"Chinese"
9755;"02-03-2023";841.01;2850;"User_2850";"Hyderabad";"Gold";193;"Restaurant_193";"Chinese"
9756;"05-09-2023";1405.95;790;"User_790";"Bangalore";"Regular";71;"Restaurant_71";"Indian"
9757;"07-02-2023";1055.73;369;"User_369";"Bangalore";"Gold";155;"Restaurant_155";"Mexican"
9758;"01-02-2023";1115.58;1515;"User_1515";"Bangalore";"Regular";47;"Restaurant_47";"Indian"
9759;"21-01-2023";1091.39;1027;"User_1027";"Chennai";"Gold";295;"Restaurant_295";"Chinese"
9760;"08-08-2023";332.44;869;"User_869";"Chennai";"Regular";479;"Restaurant_479";"Indian"
9761;"17-09-2023";975.77;2836;"User_2836";"Pune";"Gold";401;"Restaurant_401";"Indian"
9762;"26-02-2023";573.21;542;"User_542";"Bangalore";"Gold";362;"Restaurant_362";"Indian"
9763;"06-10-2023";686.44;149;"User_149";"Bangalore";"Regular";38;"Restaurant_38";"Italian"
9764;"01-06-2023";512.27;2556;"User_2556";"Chennai";"Gold";316;"Restaurant_316";"Chinese"
9765;"01-06-2023";782.0;405;"User_405";"Chennai";"Regular";121;"Restaurant_121";"Indian"
9766;"10-05-2023";1491.54;2244;"User_2244";"Hyderabad";"Gold";129;"Restaurant_129";"Indian"
9767;"30-04-2023";1285.85;2499;"User_2499";"Chennai";"Regular";60;"Restaurant_60";"Mexican"
9768;"16-01-2023";181.95;584;"User_584";"Bangalore";"Gold";492;"Restaurant_492";"Italian"
9769;"03-12-2023";1160.68;2001;"User_2001";"Pune";"Gold";92;"Restaurant_92";"Mexican"
9770;"03-07-2023";1213.45;1381;"User_1381";"Bangalore";"Regular";315;"Restaurant_315";"Mexican"
9771;"13-02-2023";1445.26;1344;"User_1344";"Hyderabad";"Gold";189;"Restaurant_189";"Indian"
9772;"07-04-2023";517.38;1259;"User_1259";"Hyderabad";"Gold";427;"Restaurant_427";"Indian"
9773;"24-01-2023";1346.13;545;"User_545";"Pune";"Regular";230;"Restaurant_230";"Chinese"
9774;"12-12-2023";417.47;190;"User_190";"Bangalore";"Gold";464;"Restaurant_464";"Italian"
9775;"25-06-2023";373.55;2457;"User_2457";"Chennai";"Gold";7;"Restaurant_7";"Italian"
9776;"11-06-2023";949.23;1813;"User_1813";"Hyderabad";"Regular";369;"Restaurant_369";"Italian"
9777;"25-02-2023";498.51;1251;"User_1251";"Pune";"Gold";181;"Restaurant_181";"Indian"
9778;"03-07-2023";139.29;2640;"User_2640";"Bangalore";"Gold";471;"Restaurant_471";"Indian"
9779;"03-03-2023";1056.99;418;"User_418";"Bangalore";"Regular";4;"Restaurant_4";"Chinese"
9780;"17-06-2023";833.35;2251;"User_2251";"Pune";"Regular";19;"Restaurant_19";"Indian"
9781;"27-05-2023";327.76;1752;"User_1752";"Pune";"Regular";84;"Restaurant_84";"Chinese"
9782;"01-12-2023";629.6;2168;"User_2168";"Chennai";"Gold";429;"Restaurant_429";"Chinese"
9783;"30-04-2023";192.51;1302;"User_1302";"Bangalore";"Regular";308;"Restaurant_308";"Italian"
9784;"26-04-2023";759.66;1268;"User_1268";"Hyderabad";"Gold";257;"Restaurant_257";"Italian"
9785;"06-02-2023";1477.52;478;"User_478";"Pune";"Regular";287;"Restaurant_287";"Chinese"
9786;"06-12-2023";512.68;2580;"User_2580";"Chennai";"Gold";304;"Restaurant_304";"Italian"
9787;"15-09-2023";519.02;2615;"User_2615";"Bangalore";"Regular";256;"Restaurant_256";"Italian"
9788;"25-10-2023";1368.19;1612;"User_1612";"Chennai";"Gold";348;"Restaurant_348";"Italian"
9789;"23-02-2023";768.19;2918;"User_2918";"Hyderabad";"Regular";475;"Restaurant_475";"Italian"
9790;"09-12-2023";699.17;1348;"User_1348";"Hyderabad";"Regular";51;"Restaurant_51";"Italian"
9791;"12-09-2023";398.1;543;"User_543";"Pune";"Regular";170;"Restaurant_170";"Mexican"
9792;"31-10-2023";107.82;2121;"User_2121";"Pune";"Regular";233;"Restaurant_233";"Italian"
9793;"10-01-2023";192.92;1422;"User_1422";"Bangalore";"Gold";144;"Restaurant_144";"Chinese"
9794;"27-01-2023";248.94;1076;"User_1076";"Hyderabad";"Gold";365;"Restaurant_365";"Italian"
9795;"27-11-2023";710.1;2772;"User_2772";"Bangalore";"Gold";10;"Restaurant_10";"Chinese"
9796;"03-03-2023";957.41;343;"User_343";"Chennai";"Gold";423;"Restaurant_423";"Indian"
9797;"02-02-2023";1290.78;1415;"User_1415";"Bangalore";"Regular";157;"Restaurant_157";"Italian"
9798;"06-11-2023";1002.79;255;"User_255";"Chennai";"Gold";278;"Restaurant_278";"Indian"
9799;"16-03-2023";614.11;290;"User_290";"Hyderabad";"Regular";143;"Restaurant_143";"Chinese"
9800;"01-03-2023";834.71;2217;"User_2217";"Pune";"Regular";71;"Restaurant_71";"Indian"
9801;"30-01-2023";440.87;133;"User_133";"Chennai";"Regular";387;"Restaurant_387";"Mexican"
9802;"18-02-2023";129.94;1619;"User_1619";"Bangalore";"Regular";76;"Restaurant_76";"Italian"
9803;"17-05-2023";1415.06;2576;"User_2576";"Pune";"Gold";106;"Restaurant_106";"Indian"
9804;"30-11-2023";733.24;2505;"User_2505";"Bangalore";"Gold";189;"Restaurant_189";"Indian"
9805;"27-02-2023";633.72;426;"User_426";"Pune";"Regular";329;"Restaurant_329";"Chinese"
9806;"30-09-2023";1310.39;1373;"User_1373";"Hyderabad";"Regular";66;"Restaurant_66";"Italian"
9807;"11-03-2023";993.06;1297;"User_1297";"Hyderabad";"Regular";421;"Restaurant_421";"Indian"
9808;"16-08-2023";1258.41;269;"User_269";"Bangalore";"Gold";427;"Restaurant_427";"Indian"
9809;"05-04-2023";466.61;2673;"User_2673";"Bangalore";"Gold";131;"Restaurant_131";"Italian"
9810;"17-04-2023";969.44;434;"User_434";"Bangalore";"Gold";50;"Restaurant_50";"Mexican"
9811;"25-08-2023";711.38;2219;"User_2219";"Pune";"Regular";382;"Restaurant_382";"Mexican"
9812;"25-04-2023";1071.78;2669;"User_2669";"Chennai";"Regular";81;"Restaurant_81";"Chinese"
9813;"27-04-2023";1471.15;2374;"User_2374";"Bangalore";"Regular";399;"Restaurant_399";"Chinese"
9814;"29-03-2023";502.36;2383;"User_2383";"Chennai";"Gold";499;"Restaurant_499";"Mexican"
9815;"22-03-2023";858.11;786;"User_786";"Hyderabad";"Gold";5;"Restaurant_5";"Chinese"
9816;"24-01-2023";754.11;1682;"User_1682";"Pune";"Gold";122;"Restaurant_122";"Indian"
9817;"26-03-2023";1035.74;2287;"User_2287";"Bangalore";"Gold";17;"Restaurant_17";"Indian"
9818;"07-06-2023";119.63;2784;"User_2784";"Hyderabad";"Regular";190;"Restaurant_190";"Chinese"
9819;"23-11-2023";1066.51;567;"User_567";"Hyderabad";"Gold";249;"Restaurant_249";"Italian"
9820;"10-03-2023";1129.64;2251;"User_2251";"Pune";"Regular";72;"Restaurant_72";"Mexican"
9821;"23-09-2023";185.19;734;"User_734";"Hyderabad";"Gold";52;"Restaurant_52";"Mexican"
9822;"06-05-2023";1233.93;2708;"User_2708";"Bangalore";"Gold";206;"Restaurant_206";"Mexican"
9823;"14-11-2023";412.67;950;"User_950";"Chennai";"Regular";269;"Restaurant_269";"Indian"
9824;"10-11-2023";637.01;1570;"User_1570";"Bangalore";"Regular";313;"Restaurant_313";"Indian"
9825;"01-03-2023";1212.12;523;"User_523";"Chennai";"Regular";247;"Restaurant_247";"Mexican"
9826;"21-07-2023";513.34;782;"User_782";"Hyderabad";"Gold";153;"Restaurant_153";"Italian"
9827;"31-03-2023";366.98;2510;"User_2510";"Bangalore";"Gold";272;"Restaurant_272";"Indian"
9828;"07-02-2023";366.31;2493;"User_2493";"Pune";"Gold";491;"Restaurant_491";"Chinese"
9829;"15-04-2023";559.05;2036;"User_2036";"Bangalore";"Regular";218;"Restaurant_218";"Indian"
9830;"24-04-2023";1302.07;2899;"User_2899";"Bangalore";"Regular";347;"Restaurant_347";"Chinese"
9831;"01-08-2023";1161.86;582;"User_582";"Chennai";"Gold";487;"Restaurant_487";"Chinese"
9832;"05-02-2023";137.55;514;"User_514";"Bangalore";"Gold";133;"Restaurant_133";"Italian"
9833;"09-10-2023";672.76;1673;"User_1673";"Chennai";"Regular";207;"Restaurant_207";"Italian"
9834;"02-02-2023";1357.33;1494;"User_1494";"Hyderabad";"Gold";153;"Restaurant_153";"Italian"
9835;"25-08-2023";347.92;911;"User_911";"Chennai";"Regular";445;"Restaurant_445";"Indian"
9836;"17-10-2023";522.35;858;"User_858";"Hyderabad";"Gold";341;"Restaurant_341";"Chinese"
9837;"28-05-2023";873.7;2049;"User_2049";"Bangalore";"Regular";188;"Restaurant_188";"Chinese"
9838;"13-05-2023";801.47;2488;"User_2488";"Hyderabad";"Regular";268;"Restaurant_268";"Indian"
9839;"20-09-2023";1147.79;1463;"User_1463";"Chennai";"Gold";36;"Restaurant_36";"Italian"
9840;"14-11-2023";584.29;2607;"User_2607";"Hyderabad";"Gold";171;"Restaurant_171";"Mexican"
9841;"26-09-2023";352.44;668;"User_668";"Bangalore";"Regular";254;"Restaurant_254";"Indian"
9842;"01-02-2023";1179.39;1298;"User_1298";"Chennai";"Gold";450;"Restaurant_450";"Mexican"
9843;"15-01-2023";881.69;2694;"User_2694";"Bangalore";"Regular";306;"Restaurant_306";"Chinese"
9844;"07-08-2023";1318.7;131;"User_131";"Chennai";"Gold";46;"Restaurant_46";"Chinese"
9845;"01-08-2023";551.63;2781;"User_2781";"Pune";"Gold";198;"Restaurant_198";"Mexican"
9846;"03-05-2023";1196.25;932;"User_932";"Hyderabad";"Regular";241;"Restaurant_241";"Chinese"
9847;"04-02-2023";981.89;877;"User_877";"Pune";"Gold";167;"Restaurant_167";"Italian"
9848;"06-04-2023";1164.91;2530;"User_2530";"Bangalore";"Regular";104;"Restaurant_104";"Chinese"
9849;"25-05-2023";907.13;1858;"User_1858";"Hyderabad";"Regular";383;"Restaurant_383";"Indian"
9850;"16-04-2023";1250.15;2797;"User_2797";"Hyderabad";"Gold";112;"Restaurant_112";"Chinese"
9851;"12-07-2023";1427.31;1202;"User_1202";"Bangalore";"Regular";305;"Restaurant_305";"Indian"
9852;"04-11-2023";1325.48;299;"User_299";"Bangalore";"Regular";327;"Restaurant_327";"Indian"
9853;"21-05-2023";1076.2;861;"User_861";"Chennai";"Regular";476;"Restaurant_476";"Mexican"
9854;"18-06-2023";553.4;2731;"User_2731";"Pune";"Gold";77;"Restaurant_77";"Mexican"
9855;"21-04-2023";588.09;704;"User_704";"Chennai";"Regular";188;"Restaurant_188";"Chinese"
9856;"29-04-2023";753.67;2399;"User_2399";"Hyderabad";"Regular";452;"Restaurant_452";"Chinese"
9857;"03-09-2023";405.94;1799;"User_1799";"Chennai";"Gold";296;"Restaurant_296";"Italian"
9858;"29-07-2023";421.27;837;"User_837";"Bangalore";"Gold";172;"Restaurant_172";"Italian"
9859;"20-12-2023";284.79;2038;"User_2038";"Chennai";"Regular";285;"Restaurant_285";"Mexican"
9860;"23-05-2023";628.97;2848;"User_2848";"Hyderabad";"Gold";468;"Restaurant_468";"Chinese"
9861;"11-09-2023";125.95;2545;"User_2545";"Hyderabad";"Gold";387;"Restaurant_387";"Mexican"
9862;"10-06-2023";729.36;2113;"User_2113";"Chennai";"Gold";211;"Restaurant_211";"Chinese"
9863;"26-04-2023";1146.18;2801;"User_2801";"Pune";"Regular";342;"Restaurant_342";"Mexican"
9864;"13-07-2023";628.09;2263;"User_2263";"Hyderabad";"Gold";190;"Restaurant_190";"Chinese"
9865;"16-03-2023";1378.41;2660;"User_2660";"Bangalore";"Gold";328;"Restaurant_328";"Mexican"
9866;"19-03-2023";1325.23;2740;"User_2740";"Hyderabad";"Regular";197;"Restaurant_197";"Mexican"
9867;"11-05-2023";692.39;611;"User_611";"Pune";"Gold";10;"Restaurant_10";"Chinese"
9868;"07-10-2023";1004.73;2323;"User_2323";"Bangalore";"Gold";178;"Restaurant_178";"Mexican"
9869;"25-01-2023";709.46;364;"User_364";"Chennai";"Gold";477;"Restaurant_477";"Indian"
9870;"03-03-2023";638.9;661;"User_661";"Bangalore";"Regular";289;"Restaurant_289";"Italian"
9871;"02-12-2023";1322.64;2729;"User_2729";"Hyderabad";"Gold";436;"Restaurant_436";"Mexican"
9872;"06-07-2023";1205.92;1223;"User_1223";"Chennai";"Regular";419;"Restaurant_419";"Chinese"
9873;"21-06-2023";466.26;1370;"User_1370";"Hyderabad";"Regular";8;"Restaurant_8";"Indian"
9874;"28-12-2023";830.11;577;"User_577";"Chennai";"Gold";183;"Restaurant_183";"Chinese"
9875;"18-11-2023";1438.65;286;"User_286";"Pune";"Gold";156;"Restaurant_156";"Italian"
9876;"11-07-2023";1202.65;636;"User_636";"Chennai";"Regular";15;"Restaurant_15";"Chinese"
9877;"25-04-2023";1446.75;1080;"User_1080";"Chennai";"Regular";131;"Restaurant_131";"Italian"
9878;"22-06-2023";115.25;1587;"User_1587";"Chennai";"Regular";2;"Restaurant_2";"Indian"
9879;"23-08-2023";1439.57;1047;"User_1047";"Chennai";"Regular";160;"Restaurant_160";"Chinese"
9880;"15-07-2023";1035.26;1531;"User_1531";"Bangalore";"Gold";418;"Restaurant_418";"Chinese"
9881;"12-11-2023";1356.98;1942;"User_1942";"Hyderabad";"Gold";28;"Restaurant_28";"Chinese"
9882;"30-04-2023";143.48;477;"User_477";"Pune";"Gold";355;"Restaurant_355";"Indian"
9883;"13-02-2023";665.25;1231;"User_1231";"Chennai";"Gold";143;"Restaurant_143";"Chinese"
9884;"19-03-2023";1375.08;1761;"User_1761";"Bangalore";"Gold";142;"Restaurant_142";"Indian"
9885;"09-02-2023";1286.29;1460;"User_1460";"Hyderabad";"Regular";204;"Restaurant_204";"Mexican"
9886;"21-01-2023";708.16;671;"User_671";"Chennai";"Regular";251;"Restaurant_251";"Chinese"
9887;"30-07-2023";513.55;2129;"User_2129";"Chennai";"Gold";208;"Restaurant_208";"Mexican"
9888;"08-01-2023";429.85;780;"User_780";"Bangalore";"Gold";45;"Restaurant_45";"Mexican"
9889;"06-10-2023";1433.81;857;"User_857";"Pune";"Regular";100;"Restaurant_100";"Indian"
9890;"06-05-2023";732.85;325;"User_325";"Chennai";"Gold";396;"Restaurant_396";"Mexican"
9891;"01-03-2023";555.46;333;"User_333";"Pune";"Gold";223;"Restaurant_223";"Italian"
9892;"27-10-2023";158.5;853;"User_853";"Chennai";"Regular";152;"Restaurant_152";"Indian"
9893;"02-09-2023";813.32;146;"User_146";"Bangalore";"Regular";181;"Restaurant_181";"Indian"
9894;"02-06-2023";703.06;1056;"User_1056";"Bangalore";"Regular";469;"Restaurant_469";"Italian"
9895;"09-03-2023";546.27;1147;"User_1147";"Hyderabad";"Regular";480;"Restaurant_480";"Chinese"
9896;"01-10-2023";837.5;287;"User_287";"Bangalore";"Regular";380;"Restaurant_380";"Italian"
9897;"16-11-2023";279.11;2786;"User_2786";"Bangalore";"Regular";314;"Restaurant_314";"Indian"
9898;"01-05-2023";889.41;408;"User_408";"Chennai";"Gold";43;"Restaurant_43";"Chinese"
9899;"08-01-2023";251.72;2700;"User_2700";"Chennai";"Gold";354;"Restaurant_354";"Indian"
9900;"25-04-2023";1360.39;1826;"User_1826";"Hyderabad";"Regular";101;"Restaurant_101";"Mexican"
9901;"01-08-2023";1036.77;115;"User_115";"Pune";"Gold";462;"Restaurant_462";"Italian"
9902;"01-01-2024";626.62;704;"User_704";"Chennai";"Regular";396;"Restaurant_396";"Mexican"
9903;"15-10-2023";942.1;1892;"User_1892";"Hyderabad";"Regular";220;"Restaurant_220";"Mexican"
9904;"18-01-2023";374.04;1883;"User_1883";"Chennai";"Gold";215;"Restaurant_215";"Mexican"
9905;"20-02-2023";806.98;2266;"User_2266";"Pune";"Gold";418;"Restaurant_418";"Chinese"
9906;"30-01-2023";943.24;2200;"User_2200";"Chennai";"Regular";151;"Restaurant_151";"Chinese"
9907;"21-07-2023";1349.68;2150;"User_2150";"Pune";"Gold";268;"Restaurant_268";"Indian"
9908;"06-08-2023";1003.78;2845;"User_2845";"Pune";"Gold";299;"Restaurant_299";"Mexican"
9909;"23-09-2023";876.2;1966;"User_1966";"Hyderabad";"Regular";32;"Restaurant_32";"Italian"
9910;"18-04-2023";146.99;866;"User_866";"Bangalore";"Gold";395;"Restaurant_395";"Mexican"
9911;"28-12-2023";710.54;1914;"User_1914";"Pune";"Regular";434;"Restaurant_434";"Italian"
9912;"09-01-2023";373.95;2420;"User_2420";"Chennai";"Gold";116;"Restaurant_116";"Chinese"
9913;"12-06-2023";1470.09;351;"User_351";"Bangalore";"Gold";96;"Restaurant_96";"Mexican"
9914;"16-11-2023";1389.74;2384;"User_2384";"Pune";"Regular";82;"Restaurant_82";"Chinese"
9915;"24-05-2023";962.36;2705;"User_2705";"Pune";"Regular";200;"Restaurant_200";"Chinese"
9916;"27-03-2023";1174.94;1183;"User_1183";"Chennai";"Gold";321;"Restaurant_321";"Chinese"
9917;"18-05-2023";1332.11;120;"User_120";"Chennai";"Regular";344;"Restaurant_344";"Indian"
9918;"08-12-2023";1049.81;1306;"User_1306";"Chennai";"Gold";299;"Restaurant_299";"Mexican"
9919;"29-06-2023";611.83;2889;"User_2889";"Chennai";"Gold";174;"Restaurant_174";"Mexican"
9920;"27-08-2023";1093.89;1547;"User_1547";"Bangalore";"Regular";61;"Restaurant_61";"Italian"
9921;"25-03-2023";471.02;2924;"User_2924";"Hyderabad";"Gold";144;"Restaurant_144";"Chinese"
9922;"07-09-2023";1025.98;1549;"User_1549";"Pune";"Regular";72;"Restaurant_72";"Mexican"
9923;"07-11-2023";906.22;186;"User_186";"Chennai";"Regular";36;"Restaurant_36";"Italian"
9924;"07-10-2023";1425.41;311;"User_311";"Bangalore";"Gold";390;"Restaurant_390";"Mexican"
9925;"10-04-2023";1446.16;197;"User_197";"Hyderabad";"Gold";334;"Restaurant_334";"Indian"
9926;"01-07-2023";1291.61;1493;"User_1493";"Chennai";"Regular";485;"Restaurant_485";"Mexican"
9927;"12-07-2023";115.14;1581;"User_1581";"Bangalore";"Gold";124;"Restaurant_124";"Mexican"
9928;"21-07-2023";837.0;532;"User_532";"Hyderabad";"Gold";494;"Restaurant_494";"Mexican"
9929;"13-11-2023";318.09;633;"User_633";"Pune";"Gold";252;"Restaurant_252";"Indian"
9930;"20-10-2023";405.97;2330;"User_2330";"Hyderabad";"Regular";493;"Restaurant_493";"Mexican"
9931;"22-09-2023";1161.7;1000;"User_1000";"Pune";"Gold";232;"Restaurant_232";"Mexican"
9932;"23-05-2023";745.2;1272;"User_1272";"Pune";"Gold";15;"Restaurant_15";"Chinese"
9933;"24-11-2023";385.04;2916;"User_2916";"Bangalore";"Regular";455;"Restaurant_455";"Chinese"
9934;"21-11-2023";281.83;2877;"User_2877";"Chennai";"Gold";410;"Restaurant_410";"Italian"
9935;"13-04-2023";896.79;139;"User_139";"Pune";"Gold";405;"Restaurant_405";"Indian"
9936;"22-01-2023";507.82;2861;"User_2861";"Pune";"Gold";436;"Restaurant_436";"Mexican"
9937;"30-01-2023";956.32;1093;"User_1093";"Pune";"Regular";103;"Restaurant_103";"Mexican"
9938;"03-05-2023";576.77;1635;"User_1635";"Bangalore";"Gold";396;"Restaurant_396";"Mexican"
9939;"27-09-2023";478.66;2774;"User_2774";"Bangalore";"Gold";500;"Restaurant_500";"Chinese"
9940;"15-12-2023";1206.51;1099;"User_1099";"Bangalore";"Regular";444;"Restaurant_444";"Chinese"
9941;"15-10-2023";160.78;1329;"User_1329";"Bangalore";"Regular";182;"Restaurant_182";"Mexican"
9942;"08-02-2023";163.72;1835;"User_1835";"Bangalore";"Regular";22;"Restaurant_22";"Chinese"
9943;"26-09-2023";873.94;40;"User_40";"Hyderabad";"Regular";495;"Restaurant_495";"Italian"
9944;"16-01-2023";588.42;77;"User_77";"Pune";"Regular";238;"Restaurant_238";"Chinese"
9945;"22-09-2023";783.08;949;"User_949";"Chennai";"Regular";371;"Restaurant_371";"Chinese"
9946;"08-10-2023";1067.45;604;"User_604";"Pune";"Gold";96;"Restaurant_96";"Mexican"
9947;"01-04-2023";779.05;2327;"User_2327";"Bangalore";"Regular";26;"Restaurant_26";"Chinese"
9948;"26-11-2023";707.61;1093;"User_1093";"Pune";"Regular";373;"Restaurant_373";"Indian"
9949;"02-07-2023";967.36;1709;"User_1709";"Chennai";"Gold";449;"Restaurant_449";"Indian"
9950;"12-12-2023";1439.21;1178;"User_1178";"Chennai";"Regular";100;"Restaurant_100";"Indian"
9951;"11-06-2023";1222.55;1721;"User_1721";"Chennai";"Regular";7;"Restaurant_7";"Italian"
9952;"05-12-2023";644.48;2274;"User_2274";"Chennai";"Regular";231;"Restaurant_231";"Indian"
9953;"14-03-2023";381.06;1795;"User_1795";"Chennai";"Regular";166;"Restaurant_166";"Chinese"
9954;"30-04-2023";1236.11;2598;"User_2598";"Hyderabad";"Regular";19;"Restaurant_19";"Indian"
9955;"31-12-2023";182.34;2625;"User_2625";"Bangalore";"Gold";436;"Restaurant_436";"Mexican"
9956;"16-06-2023";1118.67;2668;"User_2668";"Pune";"Regular";137;"Restaurant_137";"Indian"
9957;"17-11-2023";758.62;1361;"User_1361";"Chennai";"Regular";349;"Restaurant_349";"Indian"
9958;"13-04-2023";612.5;1425;"User_1425";"Pune";"Regular";385;"Restaurant_385";"Chinese"
9959;"10-05-2023";1264.22;1681;"User_1681";"Chennai";"Regular";185;"Restaurant_185";"Mexican"
9960;"15-02-2023";516.37;807;"User_807";"Chennai";"Gold";17;"Restaurant_17";"Indian"
9961;"27-06-2023";1199.11;867;"User_867";"Bangalore";"Regular";150;"Restaurant_150";"Indian"
9962;"06-04-2023";258.53;2329;"User_2329";"Pune";"Regular";345;"Restaurant_345";"Chinese"
9963;"08-10-2023";1440.67;2542;"User_2542";"Pune";"Gold";428;"Restaurant_428";"Mexican"
9964;"16-08-2023";969.94;2525;"User_2525";"Chennai";"Regular";157;"Restaurant_157";"Italian"
9965;"25-10-2023";901.3;2112;"User_2112";"Bangalore";"Gold";446;"Restaurant_446";"Indian"
9966;"07-04-2023";134.75;372;"User_372";"Chennai";"Regular";368;"Restaurant_368";"Indian"
9967;"25-07-2023";347.67;31;"User_31";"Pune";"Gold";383;"Restaurant_383";"Indian"
9968;"07-07-2023";315.49;308;"User_308";"Bangalore";"Regular";249;"Restaurant_249";"Italian"
9969;"27-07-2023";601.33;2484;"User_2484";"Chennai";"Regular";376;"Restaurant_376";"Indian"
9970;"08-01-2023";478.52;2820;"User_2820";"Pune";"Regular";465;"Restaurant_465";"Italian"
9971;"09-02-2023";573.7;429;"User_429";"Hyderabad";"Gold";327;"Restaurant_327";"Indian"
9972;"28-11-2023";1341.61;1467;"User_1467";"Pune";"Regular";305;"Restaurant_305";"Indian"
9973;"01-12-2023";407.17;1774;"User_1774";"Bangalore";"Regular";101;"Restaurant_101";"Mexican"
9974;"03-07-2023";1214.35;404;"User_404";"Hyderabad";"Gold";39;"Restaurant_39";"Indian"
9975;"14-09-2023";934.79;1308;"User_1308";"Bangalore";"Regular";436;"Restaurant_436";"Mexican"
9976;"16-10-2023";1317.22;2302;"User_2302";"Chennai";"Regular";317;"Restaurant_317";"Mexican"
9977;"04-12-2023";1062.23;2594;"User_2594";"Pune";"Regular";95;"Restaurant_95";"Indian"
9978;"09-08-2023";733.35;840;"User_840";"Bangalore";"Gold";440;"Restaurant_440";"Mexican"
9979;"19-02-2023";629.43;2747;"User_2747";"Chennai";"Regular";280;"Restaurant_280";"Chinese"
9980;"07-02-2023";1413.94;1810;"User_1810";"Chennai";"Regular";321;"Restaurant_321";"Chinese"
9981;"10-01-2023";1464.03;2893;"User_2893";"Hyderabad";"Gold";374;"Restaurant_374";"Mexican"
9982;"04-11-2023";720.26;330;"User_330";"Chennai";"Regular";109;"Restaurant_109";"Chinese"
9983;"08-02-2023";1364.29;1526;"User_1526";"Pune";"Regular";66;"Restaurant_66";"Italian"
9984;"14-10-2023";1047.37;2971;"User_2971";"Hyderabad";"Regular";107;"Restaurant_107";"Mexican"
9985;"04-01-2023";1079.38;2313;"User_2313";"Chennai";"Regular";251;"Restaurant_251";"Chinese"
9986;"21-08-2023";239.32;1512;"User_1512";"Chennai";"Gold";238;"Restaurant_238";"Chinese"
9987;"15-03-2023";978.25;923;"User_923";"Chennai";"Gold";285;"Restaurant_285";"Mexican"
9988;"05-04-2023";1174.89;2677;"User_2677";"Pune";"Regular";239;"Restaurant_239";"Indian"
9989;"30-11-2023";420.59;2723;"User_2723";"Chennai";"Regular";203;"Restaurant_203";"Chinese"
9990;"05-07-2023";509.23;2219;"User_2219";"Pune";"Regular";255;"Restaurant_255";"Mexican"
9991;"20-03-2023";953.99;2606;"User_2606";"Bangalore";"Regular";177;"Restaurant_177";"Indian"
9992;"07-11-2023";457.9;2911;"User_2911";"Pune";"Regular";275;"Restaurant_275";"Italian"
9993;"23-02-2023";692.26;2519;"User_2519";"Chennai";"Gold";33;"Restaurant_33";"Italian"
9994;"28-04-2023";322.54;1616;"User_1616";"Hyderabad";"Gold";198;"Restaurant_198";"Mexican"
9995;"12-11-2023";137.96;1257;"User_1257";"Bangalore";"Gold";328;"Restaurant_328";"Mexican"
9996;"21-05-2023";1211.96;2528;"User_2528";"Hyderabad";"Gold";249;"Restaurant_249";"Italian"
9997;"06-08-2023";1188.05;2867;"User_2867";"Bangalore";"Regular";267;"Restaurant_267";"Chinese"
9998;"11-11-2023";979.44;522;"User_522";"Bangalore";"Gold";420;"Restaurant_420";"Italian"
9999;"08-09-2023";1105.93;319;"User_319";"Bangalore";"Gold";492;"Restaurant_492";"Italian"
10000;"21-10-2023";879.58;457;"User_457";"Chennai";"Regular";439;"Restaurant_439";"Mexican"
